feature_0,feature_1,feature_2,feature_3,feature_4,feature_5,feature_6,feature_7,feature_8,feature_9,feature_10,feature_11,feature_12,feature_13,feature_14,feature_15,feature_16,feature_17,feature_18,feature_19,feature_20,feature_21,feature_22,feature_23,feature_24,feature_25,feature_26,feature_27,feature_28,feature_29,feature_30,feature_31,feature_32,feature_33,feature_34,feature_35,feature_36,feature_37,feature_38,feature_39,feature_40,feature_41,feature_42,feature_43,feature_44,feature_45,feature_46,feature_47,feature_48,feature_49,feature_50,feature_51,feature_52,feature_53,feature_54,feature_55,feature_56,feature_57,feature_58,feature_59,feature_60,feature_61,feature_62,feature_63,feature_64,feature_65,feature_66,feature_67,feature_68,feature_69,feature_70,feature_71,feature_72,feature_73,feature_74,feature_75,feature_76,feature_77,feature_78,feature_79,feature_80,feature_81,feature_82,feature_83,feature_84,feature_85,feature_86,feature_87,feature_88,feature_89,feature_90,feature_91,feature_92,feature_93,feature_94,feature_95,feature_96,feature_97,feature_98,feature_99,feature_100,feature_101,feature_102,feature_103,feature_104,feature_105,feature_106,feature_107,feature_108,feature_109,feature_110,feature_111,feature_112,feature_113,feature_114,feature_115,feature_116,feature_117,feature_118,feature_119,feature_120,feature_121,feature_122,feature_123,feature_124,feature_125,feature_126,feature_127,label
-1.669099591126033,1.6270198130821025,-0.11862936437825997,2.04335766078706,1.3304849687745255,0.030657756730679768,0.5732905432589055,1.243908350506338,0.3802635873819836,-0.2651265077146123,-0.26146745495387114,1.907322609582561,-0.7839212043743722,0.3619618103167168,-1.0937378782725202,-1.4892396209500693,-0.5083191655927445,0.3721767572414215,0.7712236411724279,-0.481990359942551,-0.4298448158511366,1.2719786543651854,1.1108377811700818,-0.6583810591116482,1.270228060549868,-0.013544837833691814,0.00513754434013984,0.011960338772085166,1.6857787698161282,1.1945714082242187,-0.09401466029560157,0.5960025508081722,1.302583213660082,1.1590922976834783,-0.37656211009888746,-1.7546457067034107,1.0431641190403822,0.8252130698315979,-0.5291260489718098,-1.225310833730234,0.9732990659480977,-0.15003922917020499,-1.1071643800920714,-2.7433671515221576,-1.9125426734067308,-1.848123279128,0.6613668169358793,1.2171331335658202,0.33353247623641175,0.036402467121511545,1.7987698891049055,1.641159583411056,-0.2784195693184,0.5229135089539335,0.5234161043532415,0.08005426666929079,-0.0018983143935550268,-1.7005645374703335,1.019501457631572,-0.27694861906026685,-1.550523672013694,-0.7633159217674151,0.7803517150679943,1.138393122830867,-0.3804116825764869,-0.20114745875254963,-0.13690244444555422,-1.1938419862038123,-0.41356438184674515,0.764802260756075,1.384775834201921,-0.24540912131944317,-0.7653565065371525,0.574035598197211,1.243966838061027,-0.47142516958083996,0.7192070201560983,-0.25550280201935016,0.8940823603456701,2.976050721996716,-0.8174176861016774,0.4811603325244286,0.18523235955552422,0.5354179196703106,1.6941191867608338,1.0335929263872368,1.8721573547301853,-1.1293130918647867,2.0119807949036383,1.3883562209842293,0.14618914677552683,-0.17122399662000742,-0.7135337340299457,1.2260306389489504,-0.424113165424549,0.448877978893097,-1.7310877274774006,-0.4138956639132524,-1.149963973797456,-0.27248615435780826,-2.223569767338977,0.26965629419623227,-0.3866070456688492,-1.042779534490397,0.3307751923207066,0.6793370426556692,-2.9354627630390575,-0.43164243392609963,-0.780379202833062,-0.4043527805661664,-1.0899951942678867,-0.3072411606750335,0.45185738190095576,0.5943727310581872,-0.6798970000887571,0.42731245879552815,-0.4671400923235801,1.5025786638066785,0.6028380346460779,-0.5868463283246677,1.2846525764236412,0.3065132832920184,-1.7539304304591592,0.5166960696753916,-0.172264338614477,-0.4031365694586257,0.8183623623907099,-0.6395707709079448,0
-0.0450064775867196,0.16843739097195415,0.7614343687026252,-1.2554396513455024,0.8328667160911444,-0.9889958688165589,-1.7944845554588043,0.066023894634767,-0.5160385182847365,1.4648154791899524,0.6338661470591145,0.680449040138832,-0.19646549829774643,0.40238418795880926,-0.1423375589219225,-0.6307031214414108,-1.6337940649364773,-0.12791409926737143,-0.2183587985282635,-0.6787425138794744,0.38673902814634153,-0.5976687256071368,-0.7265139586435273,1.1266243356576024,0.3043155273326038,-1.3041388086760717,0.7254783483692132,-0.612876535649056,-0.24263804487524956,0.14098857728038794,0.33791909061826453,-0.4760870974352639,-1.5358862336595154,-1.069063523583626,-2.0882069711661204,-0.15189921458351624,-0.8875471920302891,0.7987867695641754,0.22413466120843586,-2.3234600563319323,-1.755551858663952,-0.06213498786891609,-0.5873999468245082,-1.107615042907507,1.0905851125931059,1.2436006635984167,0.10221252779614219,0.5183483081747565,2.2701767880474097,-0.43623710292233564,0.91388428967232,0.8176524418700769,-0.7327929073040228,1.0799793751721822,-0.8694068964279176,-0.19943272807635673,-0.10303808161727901,-0.17316036001758997,-0.36969909723873967,0.2010479746487386,-0.23732695024816752,1.2204128870581519,0.554142530777394,0.8968386124359113,-0.8650679312779217,1.2070496403759199,-0.18660859574941768,0.22296412954039066,0.9250618188185453,-0.26179300308699005,-0.02079665269083897,-0.2286326167775144,-0.9056272129488008,2.5190024033469123,-0.5857468955805423,-1.8493297840792422,-1.081586309761874,-1.246131040372305,1.4322079488691672,-0.32610832345577295,-0.14807183018243522,-0.4156754055089461,1.347164904232761,0.08538637308149936,0.5195185629743254,-0.5805182167145557,0.523723251765554,-0.026626624475647166,1.1559407248509566,0.9287001844125281,-1.5368116658248367,0.02965478045972503,-0.43279650264993735,-1.354465175037091,1.0959381376462771,0.6525111758247287,-1.2662008076016902,-1.0402190496347374,0.6543909309415118,-0.7749629323757542,-0.1655992057507047,0.7361887758172166,0.5153984162665199,0.6577120464478533,0.020035930539551303,-1.588869372771915,0.2827063485064232,0.8028519617493101,2.320608136440676,-0.37209805088072556,-0.575758006439038,0.5570071004850323,1.0693883346239725,1.228829607005728,-1.0134636863519453,1.4333280381997435,0.13657175122510073,0.8551347240102518,-0.5443177478390705,-1.1729754012572982,1.1389608921184793,0.6376119254458922,0.08065326140174288,-0.10733446856379938,0.0323657151133722,1.2958191779590091,1.6526088647071928,-0.9017475942177723,0
-0.08983635093348971,0.5104700292799634,-0.2628917475840032,0.013781561534814187,-2.8371259922698657,0.44775874977486535,-0.49912833203053436,-1.912456859438902,-1.1489418695581606,0.12341155171503616,0.35372023996079427,0.7282708174444898,-0.24958467398783235,0.9074628910725407,-0.14894272154696048,-0.7965269482359352,-0.2942692552125568,-0.4514199376294599,0.9097659556949902,-1.060665137275408,-0.959668061840409,-0.07729098604779763,2.660896872279223,-0.6807012438668325,-0.11056146568128086,-1.7249547906280136,0.5223048279117612,1.857684289686983,2.415470563360483,-1.3595465433322391,-0.23189366014469157,-0.8293786140243454,-0.08463526651588547,-0.7396363248094637,0.43814457647471367,1.3356613407531324,-0.3786785855834918,-1.5421217004290462,-1.6587725848669275,0.13010956851595898,0.07034742330751081,-0.7846024452205363,0.1563102040029455,1.567842046152874,-0.6948332285825161,-0.3799440803043288,-1.0722829934245497,-0.17361895228599808,1.4155595931208829,1.8757791959718442,-0.5959153468264423,0.8896829853857461,-0.625210170243243,1.986399200116222,-0.01814582890940712,-1.0477502473736726,-1.3210451314496516,-0.09048488804082597,0.43345968318113737,0.49572521636363265,-0.6488480750070663,0.2051922787245983,1.5005270960311083,0.16004936877562703,-0.6294810254680878,-0.25068102975178347,-1.8165298550593032,-0.3254100994371756,0.5923036624866004,0.022569992526579416,1.2722632711030966,0.9064442207396799,0.8041713824055265,0.22945052411817246,-0.35147392930613625,1.0015375399175708,-0.7042370308836434,0.8497818535211178,0.25967865705575094,1.4045659842140334,0.004381257675095194,1.841087242764732,-1.101429528698694,0.1083001415474145,-1.2500317855926555,-1.6771127096784253,-0.6330647405683039,0.4055599109262157,1.129597042231004,1.4950814247836122,1.0776382974612182,-1.6473507165832173,1.8959442082700615,-0.7223949026646403,1.2619485616402486,-1.8570330089701264,0.5634442841221265,-0.27740989814332884,-1.135259736100822,1.2224682504118052,0.14338383350615896,-0.5516583407826327,0.5062927763883812,-0.3191006969181175,-0.3572212738807335,1.3198881995025729,-0.9897661040844346,-0.31294175246092515,0.1058018817302597,-0.7253816738888144,1.30649570891731,0.8446073176795907,0.21464240339429913,-0.42373502635714844,-0.6475620210908968,0.8903362260562248,-1.96617466805021,0.316097632609457,1.2036192991608898,0.40079074961315925,1.6308874505572395,0.10667096647308755,-1.1911012376856496,-1.1202422597622206,0.8271811607081179,0.16610477405541085,0.8831108487607627,-0.4154551637743646,1
-0.7884658673781957,0.9125721136891686,0.2438914789129731,-0.6940726673559642,0.0448241682750683,-0.3975755881106563,0.4360178940074391,-1.208691671531462,-0.6231240186277346,1.3365757627181896,-0.21526391509368833,-0.12523708653440094,-0.06604690369439715,-0.6037117718970461,0.5283254448579308,-2.181886426366148,1.4464365546880127,1.1564612864957589,0.9097917644644987,1.8437087544863255,-0.18838413677365373,1.3840099479735493,-0.2315333828917476,0.6729926971543632,0.07097304990439736,0.8306398442667475,-0.012506698420629505,0.6647207842212418,-0.7888629957864183,1.4036566504985835,2.183193422888356,-1.4431088419530063,1.4588516692597007,-0.4312788957431978,-1.155716866657541,0.4018057844127934,1.2509140128010523,1.8766676222140475,-0.29745193910610485,-0.7423890111138485,0.4684726060956554,-1.6382631829766285,2.0680482483746934,0.25884023170671366,-0.14488147120179995,-2.521943536195277,-0.7737626566240705,-0.8737269764679517,-0.6103226082646849,0.7624432923766903,-1.2992864831030144,-0.24318892253139418,0.8423952542270453,-0.22534942733049595,0.10537120897900464,-1.9565002418284558,1.1930695983564554,-0.644123809461913,-0.5823310266038969,-1.1005428429568382,0.9756767900082488,-0.4285008394929319,0.7063020041540379,-1.6595159487967965,0.9212259646820594,0.7045064307738641,1.2093168656505249,-0.34181153429622346,-1.5896752301723114,-0.6642104643796053,-1.2904582798083712,-0.28373993111432144,-1.3888236793081468,-0.02009486015103862,-2.3073064741781835,-0.6789039296435533,0.6988586398475071,-0.1347348654062423,0.46350237625115903,1.5347818793287202,-0.07734363010573839,-1.9954535577355497,-0.18177376637066675,0.5751868248165792,0.20454221172093812,2.504415008138634,0.49499507654099734,-0.5924060679686021,0.15690246613826514,-0.864771823585406,0.09900986518962439,-1.3886243202448356,-0.49842872081905465,-0.2020423519195371,0.10065517862050148,-1.1449371091885787,0.8447618207814227,0.5676591018687633,-1.3837013250632686,0.10586808635227198,-0.26998344708860267,2.2292429905813025,-1.1722845450122263,-0.2051030455910997,0.04843068955348833,-0.3185417159492593,-1.907676362502216,0.2545434378563784,2.4313175844113997,2.0148643282812384,-0.41773189319953963,1.7557251263032885,-0.7244665961577205,-0.2727406707320964,-1.8586602274408794,-0.42579065083526524,-2.004725858502711,-0.7458217798583934,-0.0063631852630133155,0.26006137894197096,-0.16196813295335924,0.9597781885962388,0.71991129987323,-0.02925189032078666,0.1992130068349638,0.14581990627638566,1.2167071985224955,-0.5723278184356826,1
-1.2375397068044838,-0.056781291478037274,-0.024936644255731135,-0.4781416801878613,0.2758411291309774,1.9669280160251439,0.50134706187489,0.06580396846318173,-0.7966931194402055,2.1949772065374633,-1.3253302438498409,2.2472242586123277,-0.9845553383056024,-0.9145236527591845,-0.13300191154445698,0.3584125665113213,1.4218623092316085,0.3048864765862614,-1.939082228262326,1.156862045283197,-1.5367113875743719,0.2925596097391389,-0.5554526663148444,-2.7898767838368124,2.191388970881991,0.144266657702255,-1.2132616785178931,-2.177897571027267,1.7414335100639844,0.10949821767518195,0.5750629636325205,0.1724392884623724,1.9516927722004422,-0.15225042820059617,0.6935678396170006,0.7534462871370143,-0.13958277267427566,-0.7704588809478287,-2.076115242208531,-1.202086310430943,0.19043852007533033,-0.13196147444498282,1.7134058432497308,-0.16803195130458753,-0.001579897486769273,0.3240314031396385,0.7477905017690029,-0.03805119651764084,-0.6026269134475705,0.9480106272666955,0.3817680923373888,0.9272400933027395,0.16468431791523575,0.47670092224123833,-1.3382902360773254,0.812471266318801,0.1154622938222561,-3.3337254876113294,-1.5825858640713375,-0.4045547164146111,1.0326180295009102,-0.6568320249198675,-0.10443956086501519,0.7639376005641754,1.6233731836343304,-0.6683742528596248,1.1745694139692164,0.1887542352429861,-1.1094206312659955,-0.5749281957381285,-0.5922327688602522,1.2501206763742199,0.5919180289149922,-0.26559518807189936,0.4779778504926088,0.8049883356644334,0.6745807035456316,0.4673062203481953,-0.5590120048788868,-0.5577931531163768,1.7772633834850067,-0.7121063831903514,1.3034027365262744,-0.7987775965269327,0.6979770920290241,0.9792671945475165,1.1506459185469542,-1.3340532603011204,-2.0550806063073477,1.4593465923329867,1.125707416278565,0.24423150079961461,1.0688626193763942,1.0899251976698159,1.4939261382285327,-1.872005392842393,-0.8095164819694401,-0.3127458269952726,0.1417791681134908,-0.9483478208749432,1.8121562332469365,-0.9427023926255074,-0.15855584091792596,0.32425726518521986,0.2092543361200798,-0.8198246015524256,-0.769535103851594,-0.4043594956998457,-0.8329669358891023,-0.15734795657779257,1.9060508861423782,-0.28213445803844545,1.2771242221522274,0.7207189188727673,-1.7906486970857947,1.1952849375614754,0.22742620477875355,-0.24130592319613967,-0.3451800824332109,-0.5565618970829804,-0.8889272658241933,0.6405445481969158,0.5371564448988642,0.5162185424188261,-0.266801385310319,-0.947093084142341,-0.6754150457960912,-0.49665357380038405,0
-0.9595532038471399,-1.5414127409509146,-1.0939763313219117,-0.519789552118697,0.1614885156957308,-0.13714245349288212,-0.49712247945121785,0.4759400678559391,0.24398092690744816,-0.2741354815081107,-0.05802927712468022,-0.26213026034697945,-1.1586950612936044,0.46239133335261834,0.7808287795636758,-1.355111190790847,-1.4851004811075823,0.36452629564763933,-0.7088258915838606,0.6224880358893219,0.6211919846757965,1.5509349936310863,1.2992059860062004,0.576860580766418,-0.8589789288617575,-1.5288778260719964,-1.039504858559291,-1.6571195654444064,-0.1770250218410556,-0.16741324179636655,0.09499314258607199,0.18701668711807012,-1.3666478539929925,-1.1392426427116642,0.8830923544440973,1.0302980076571424,1.3151889751801513,-1.0622027759609889,0.5102462283747919,0.8160684507327208,-0.9253146841356353,0.4145202056274959,0.3624337995128744,0.7912997823240066,1.963109484724246,-0.09817100131560999,1.1215447653989685,0.5200151550987838,-0.3010145667121807,0.8495075164318535,-0.721774256430973,-1.1584680856251264,-0.7003125140527263,-0.23430511695381798,1.3785541683774285,0.4097130634356169,0.839313509869049,0.2060997069183642,-1.0161003853281476,0.534306998837793,-0.19811474886609032,-1.171003783228573,1.2382077632914075,0.012722415741163602,2.014965521346311,-1.0207657133079555,0.09784425276397758,-0.19394869446861396,0.0507488690394985,-1.1055417735370672,-1.8238702646928397,0.2283034177189186,1.6330394705451068,-0.869644466980007,-0.23216929568848013,-0.6100105266019414,0.44024756424095873,-0.9590378623401762,-0.22170780701855564,0.6122980579780154,-1.266413303789631,-0.7058175123603305,-0.5915795515584134,-1.4493082292327526,0.7623073756453698,0.3597278168335018,1.1986839739217718,-0.6612682084046488,-0.9124444751616034,2.8727365540189287,-1.0782520212384037,0.5316192145641687,0.08422621000326592,1.7492434552116627,0.1505611310010527,-0.9451595437982405,1.2869616195669957,-0.48280082050167467,-1.8429855550972911,0.5212070218536073,-0.09906491001301537,2.04700847254357,-0.6221701528598396,0.8047030190069746,0.27303624425050343,-0.39058841884840706,-1.1712984736985903,-1.1441130196933231,0.047522968186757435,-0.22797810027754553,0.43450743617964394,-0.4286786422273755,-0.6998265054481065,0.9876623662890631,-1.1338761580308683,0.7015111289087768,-0.2138380612722259,0.8232513978371025,-0.7526993847327983,1.0651686315399391,-0.05589856291514278,1.0460630612597224,-0.3229855960724971,0.6544385080715943,1.9325442894961364,-1.9170256167239845,-1.0135617094830325,-1.7061012910785311,0
-1.4324306623403287,-1.2743667888230965,0.943963300307211,0.7193738227630405,-0.039331957060972936,-0.59800828540574,0.5243628277610178,0.13408254824613758,-1.0829565589320211,0.47968402690513756,-1.074919067777324,-0.6717062433724148,1.3804320808209871,-1.1209263379679133,1.2236444872468182,1.4226639649382486,-0.9145125740607379,0.09409895376515584,0.023180202572809474,1.0262718448815402,0.2767103991914836,-1.6007608433275249,2.3109871332187297,-1.5704151298217581,-0.612720502941559,1.662354148117305,1.0821043110726138,-0.9572332077913287,-0.44206721647457115,-0.04616827727635306,0.5121031701149809,0.6059234317392228,-1.393699669639579,0.17272666158187266,-0.5836853028015333,-0.6790264032152453,1.2198565200998437,-0.2136503875966148,-0.9210973729631255,-0.45168491711461406,1.5469795202526369,0.2993957012331798,-2.109132298219324,-0.13569390239967166,0.23770876590739465,-0.02330951924620899,-0.15320077407635876,-0.2581263319038186,1.4086904231477457,0.5758588510488559,0.6934739161483012,0.13319126961648933,-2.002802941250978,-1.0655032283059196,-1.0352633041401156,0.5921329437654237,0.45714025977459993,1.5065937852242992,0.9705044342858669,0.1335790185220512,0.17503102541628707,-1.7237177190049398,0.7502444409229091,0.9049720578960694,0.2468616186147349,-0.19143847356443197,0.19071679417822204,-0.27613113767546266,0.8009930227241336,0.06312898523936444,-0.860901931295475,-0.048145649648706164,-0.2644572112273574,-0.2877661828459926,-2.087845148311423,0.7680340569947202,-0.12504267093133573,0.1850223749716796,-1.1795051597334785,-1.684484746267759,-0.17383612762697012,0.22915748873037994,-0.039376709222694886,-2.201614625333222,0.30728249862248974,1.421426795695024,-1.2100880809690113,-0.3389258829563886,-0.24073983006545271,0.439315986572087,1.1063356239758961,1.6118513908710859,0.5650918228914621,-0.9866527487680989,-0.7139248873410463,-1.1765007067553943,-0.110475093345418,0.27793165650774504,-0.3848880699782386,0.7622106387783911,0.26754748913308446,-0.2776959105352259,1.6539830584557849,0.2231558561376936,-0.13465961568411816,-0.39203127833546564,0.9247760762780285,-0.640217500942607,0.46667058651020926,0.37851641145292897,-1.5076479068745798,-0.5808441212863598,-1.021830292944132,1.4148669000949623,0.728791298700771,0.8712289849040606,1.4145662880123846,1.317789688545516,-2.0372698632315713,0.40511172634606024,0.24367958692611646,-0.38497004277458097,0.9184710246318492,-0.18686557476422355,0.3656976925611199,0.25386444559515803,-0.6906103173022381,1.473641717157644,0
-0.1292378488488354,0.9585701336526908,1.242597763121651,-0.7888141524778345,-0.4453056565989258,0.36951874737287155,0.018942408914004717,0.7309318376958677,-0.5901726639982643,-0.39758588781424126,-0.68888421886689,0.6783570388610245,-0.7490192817478011,-0.5585879422216478,0.21193239605879152,0.7133487529896072,0.263129250982846,0.8409915383662021,-0.4905392669572757,1.373207201263211,0.3441582349174888,1.2826422871353487,0.297470522283964,-0.1273444597768874,-0.05719769166629629,0.5278645522911354,0.08612593050009615,0.3052675424091122,-0.8429674607218274,-1.4216176235103326,-0.40471444398439743,-2.0514344519018874,-0.021544088082454758,-0.6344502511101681,0.512823368284681,-0.708904624251671,0.6524866942162415,1.5812071291126828,-1.6969355086979452,0.3038621346222341,-0.8121026560374824,0.0466773518738896,0.6905227632786995,3.3508646664612267,-0.6759939677793084,-0.8355543266683765,-0.5062043163687052,-0.752541729363275,1.0809385705621786,1.7267733055708028,1.8074815566714126,0.6865909518936999,1.019354635934871,0.19458386430557598,0.017381035293812803,-0.21057612002892326,1.6277101951541797,-1.4162813919280646,0.3201993706831211,-1.6302712105078476,1.2890686697343023,-0.5906750268564142,1.3277337884176557,1.1048668178097523,-0.8639749579313956,-0.638197643963347,-0.5905266715101235,-0.03543189971293181,-1.2508364070883125,-0.09352725288546418,1.0401320441607416,0.7201131218703652,-0.944233079982002,-1.1390387320314743,0.040211419498963084,-0.18303725007067703,1.3817729578017481,-0.9422026438083018,-0.03858636521408545,-0.08995015614457583,1.547148523606073,-0.03929524106987235,0.43601583461005067,0.6895498939063421,0.09637332276882904,-0.749762779952683,0.7688494057859478,-0.324380184903229,-0.46923833567578505,-0.8729345399082045,1.8526109940779176,-0.05232908094589703,0.9804757168479088,0.7183074492333835,1.6506923195220922,-1.6842891809552372,-0.0036261784754049323,-1.2549408635355779,-0.5608405310248459,0.8133512666184821,-0.43157111295934764,-0.1722288165504765,0.5773044789601651,-1.0602935892121605,0.71909788788523,-0.1807493473169952,0.8591878886290157,0.40316883271809056,0.8257210482928736,-0.10887464799255102,-0.16916135385768813,-0.5815141456368763,-1.0727739268220282,0.9357076543201703,-1.1342549086300198,-2.350469177091108,-0.6049575037526835,-0.85889243747532,0.015148482598192983,1.131558780923198,-0.5940857112413842,1.004667849281687,1.8682493622719558,-0.9900508656880012,0.1285285264715979,1.068341867704174,0.08790341171513145,0.9485742048272989,0
1.8383795588475178,-0.8837865581392897,0.023808390932611313,-1.0338217657514763,0.5372055881785313,0.18641349264019774,-1.1517180367216298,-0.784724017402487,0.18301168898439887,-1.364618225223485,0.5156243213547922,0.6414871077759685,-0.8175895798539701,-1.4270065674015124,0.09461668080669262,0.3600862278140368,-0.09198957651239525,0.8066600842292455,0.2001584393981557,-0.6133307561427987,0.4559129491256851,0.23514606556096787,-0.6598162406100085,0.8751543159989297,0.5031233897111399,0.5160585697502275,0.1870883214347618,0.8823423105958187,-0.07819509019524427,-0.895632211875374,-0.32440119116743504,-1.6563826106464736,1.428138004062899,-1.9619776435933813,-1.4792280616760887,-2.005214218722152,0.7036772079793467,-0.5930723210448227,-0.015885979961455392,1.4388492492268259,-0.4429136756861078,0.1360938310332063,-0.702332520314643,-1.796762300859305,-1.557241623066196,0.22344262860901332,-0.3773334040989087,0.522780646606634,-1.7328840214298442,2.10753358933023,1.0122936007087289,0.6302278038000441,-0.694957947809381,-0.6734307364330022,0.09116470613697798,-0.30423523717070855,0.16958241092913348,-0.5626871432146802,-0.9763373710208881,-0.9816653456499613,-0.8540607876262046,-1.0287347659270176,0.9035169770691371,2.225444185327583,1.5277845942382462,0.18804629223220284,-1.5498496425814705,-0.199517969854359,-1.2427302235926825,0.43344777457414113,-0.845800521833682,0.06827278317493976,0.18992452455492032,1.5783805189408924,1.1598490172658056,-0.8013996218288046,-2.1038803011770897,0.45583828006415483,-0.5524082019599301,1.150970917925635,-0.5480027624951394,0.4232876413677169,-0.8167568324930318,1.150901587152949,-0.5289403561693709,-0.6634237635638097,-0.038203639756440505,0.5388586950666376,0.060505309455721384,-0.0007422473589373022,0.1533379004654711,-0.9045144268211337,0.8023479107930722,1.066758083220138,-1.2391666834115753,-0.9592821767261464,-1.73291091565454,-0.5186444746869031,-0.2729766937890754,1.707548270557956,-0.8430160222962537,-0.6021863458218946,0.056207653181619285,-0.0964506813592602,0.3233737004880809,-0.0662662020289765,1.5671710942158803,1.4712649349282896,1.0112659393622154,-0.3926202940806094,-1.664751202381515,-0.6391719905257218,0.5359813968233368,2.1693556161066634,-1.4591444618696006,1.1629408350165837,-1.2189612429689063,2.4017361927708505,-0.386475831222219,-0.921628209675481,-0.26317095068742996,0.5545788176657624,1.012852288818261,0.07244035884822925,-0.6897645535554675,0.7244996858855742,-1.4560248896227674,0.8040387795564504,1
1.1422370570335703,0.1414790264473313,-0.47421289731965094,1.65862333740744,1.5890434842565546,0.9375619990957583,-1.4181669291172696,1.8043584748360129,-0.9611654109693144,0.80527556773503,1.209730421469143,0.5492469153623692,-0.21443247967476764,-0.2942461447737102,1.5684908026939886,0.7242216194645962,0.8648115999962703,2.495158805334567,-1.4259301460829545,-1.5367628226361623,1.929196292421606,0.6708849593550397,-0.8846365644368879,-1.2964955675967011,-0.11951225383989551,-0.7507027078303745,1.2991093091070818,0.15179212782110932,0.7223142605746328,-0.30028037643401423,-0.34935119785784874,0.4708401909231506,-0.06531907571423991,-0.1869516790100546,-0.17231394701252373,0.6958459554645696,0.8488128823621092,-1.841543715507213,-0.11103592764385815,-1.0174686405654851,-0.09242032363495305,1.0515358062565738,0.9896757505788556,-0.396573219221493,-0.07757242180572994,1.2579896876061507,0.0034356545207040153,0.647269025401258,0.0517813124558377,1.704934236471218,1.2032055581947452,-1.4636477530410426,0.8019319330643916,1.0493720407438645,0.7732477736656139,0.4181964061439041,0.1817843901583222,-2.466302744822676,-0.4250427188680165,-0.48075536375966116,0.456233306404789,-1.6522375517148122,-0.6295711731339059,-1.6725064932160398,0.07618838430658706,-1.3978417454506815,-2.440906108981985,-0.5722923604396077,0.7394131332072159,0.3525116221506099,1.8110959800479685,0.10740099952738723,-0.08014130962612938,-0.10242358751916493,-0.45513755249201443,-0.18584230611219557,0.18253217334414892,1.2990209750372055,0.19475603539764913,-1.4150960570971356,-1.1557685090857994,1.6417123179918234,-0.5008374818853514,-0.8639532139296413,1.831313013363645,1.1490948975730564,-0.8695086093843811,-0.8323148853897678,1.2128987258050463,-1.083020903283642,-0.5098169468817166,0.47970629125392117,-0.37529539652479327,-1.108845479515045,-0.01824462412759677,0.1623141064803457,-0.7788908379998332,-0.06786011826151933,-0.801590354887111,-0.11317375925759127,0.6993768041622358,-0.5468825174968482,-0.833766492993036,1.0685593250917076,1.5466274497080086,1.707568659286844,0.07946084864076752,-2.1394822394924327,-0.752078776638393,-0.3655418672463728,0.6604089450553847,1.4341642667122145,0.08464773068418542,-0.8512870005267388,-1.3246958941286897,0.25182942102356404,0.28270387304669625,-1.1243943498000717,0.6058759402211963,-0.24899570170145466,1.689987159122444,-2.547677697138107,0.9223854133892125,0.1318174814287471,0.3674634227027276,0.2791285134005761,-0.5439352030158672,-1.404831203261262,0
-1.3231600343076326,-0.2944708191220151,-1.8922086043157031,-0.291838054765761,-0.5042683341068779,0.8270580490504246,-0.9821742472777429,-0.18355159882170094,-0.13332129083410327,1.088830624120746,-0.370135845172412,-0.29095103637301295,-0.7200929250483085,0.46118395372701093,2.277470507784069,-0.21917379432552095,0.8416145231669083,-1.0229237955776318,0.14268108016866143,0.6605304212166816,0.32125728324822195,-0.15343651648646212,0.5046247423704673,-0.919978399754842,0.29628531227403243,-0.6805565193828137,-0.4896979885966298,2.161854856029111,0.6524736228062208,1.3467363119827374,1.1799550682568172,0.6929909601758966,0.7965667632653343,-1.8630794839436837,0.5984168309110326,-0.5735932240249497,0.3759448497319179,0.06328913474462287,-0.06518045975624116,-0.3648564618925206,0.10080262559033398,0.012823241221098451,-1.5510578589342623,1.0649365989175839,0.6742439586399982,0.980818311543343,-0.9072131131549728,-1.0792186399044725,-0.2177658913546407,-0.9160949445939894,-0.2856250432121393,-0.15178513268823848,0.8623250102884937,0.04690071486622174,1.411601085679992,-1.0909174740383076,0.6107034247719297,-0.10525550118075351,1.4096029745537941,1.294967529452801,-1.0849291598931896,0.5502114022305272,0.8696495708663987,-1.0737675684332995,-0.2585091401474301,1.3741450471456493,-0.8390502230609828,2.27542251084688,-2.0588617685042947,0.4331979795154587,0.023335039767567137,-0.9885806355976828,0.019683872707015965,0.33866740893489505,-1.1957677019257724,0.5456938189471446,-0.03519123738341855,1.5652030548173608,-0.28312670224414405,0.27838937095809396,-1.951976683072381,-0.13210350654186068,-0.5212459448190583,1.703695927829838,-0.7330753990888068,-0.3412639016136627,-0.3699226579413005,0.3420906874731569,0.9411534949674958,0.2837435848861745,-0.09747971468275142,1.1126560655833775,0.8313498680046584,-1.4052228357050633,-2.135383275435504,1.7432509319532836,-1.557408139380532,3.2585757019256563,-0.44906338294006976,1.1772604214027267,1.3504910227571998,0.675140641887251,0.14976930404368652,0.6073310892565265,-0.6687755900988871,-0.15769520442431884,-1.224577869388948,0.771677840050544,0.054691733444483796,-0.8032100520215182,-1.4738303169500329,-0.5113320246056091,-1.1318824209065823,-1.1197933067901613,-0.26126276801017273,-0.03684253888227711,1.4945290936909392,-0.026030207657956182,-0.28080665590618736,-0.11383208014632373,1.6523918110093274,-0.5815898443815934,1.3136093341766217,-0.5417977850132176,0.4637267681730064,-0.30867238129726665,0.5228848003091198,0.1382090121978539,0
-0.3320569263249819,-0.2156678713203922,0.9207075227171315,-2.176853177290528,0.2954164987524012,2.4568281206773963,0.3082443917590501,0.11214362835890415,-0.4113038889517842,3.2356273191579024,0.15821273269989553,0.3446410034031416,1.3161350844423272,0.03054942643099795,1.816252636577842,-0.5540361052824307,-0.5867753453354189,2.531375588390132,-1.0955851134991597,1.151797786213723,0.44976575685236236,0.09890234998893992,0.2931066827933862,0.33559571823916684,-0.4256897426184455,0.17934090679346382,0.9957347483150236,-0.3970045534655594,-0.2327369109790507,-0.045753264096932304,-0.28741821664170236,-0.7671901336743976,-0.30406926949319635,-1.3008909517402174,-2.2190382307376058,-0.9714760502078956,0.8560212640650909,-2.321152008671588,-1.1600924342032777,-1.1056765673759699,1.916194386283034,-0.7350383039930457,0.6071619361260001,3.0997537419776395,-0.6492814018410897,-0.08013303249372011,1.06826621433751,-0.13306815031004268,0.3753960968035167,-0.5924662815393231,1.3310614432716126,-1.518914408553517,0.8122777378433513,0.19422673106678015,1.8383780937986216,-2.941495269917664,-1.4314016224869535,-1.1681592710608983,0.2046729025608419,0.5612749396970351,0.43710661955794305,0.25573348945358976,0.37932895404010303,-0.1799398979784994,0.05538872733820139,-0.9270863433973443,-1.7681039537101166,2.1062620540257195,-2.1042490503562457,-0.2745271630494823,0.18802658227309757,0.17806729399697144,-0.05911115215043516,-0.41811587995597976,-1.4020175039964327,1.5553312837668762,0.1761972687655163,0.4705348273998136,0.037305494956419015,0.23399594704655843,-1.2212851221960916,-0.4760964676603322,0.5393505300909096,0.18743414839907682,-1.0168544431643374,-0.8954824328628164,0.6923456038623925,-0.3557238680518962,0.5260973957017647,0.24775274786241389,0.9961128881229555,0.0038889995606043314,-0.4480779791655457,-1.8112998108772984,0.8478814265118758,-0.5407410270619205,-0.30089516590403304,-0.7088253063589731,0.7683491505398209,0.7287953262788224,1.4707567578824088,-1.5141849197419779,1.0782217503452791,0.20523102087588435,-0.016104186765321587,-0.6467452881721509,0.7660512143543105,0.25381531353502995,-1.736206462179471,0.9143780898777869,-0.17059941553880947,1.177112520884187,0.22101907818748592,0.9962263302334734,1.0656391077523524,-1.0863534001172466,-0.301400231868954,-0.7387508079745918,-1.3608639479780769,-1.385112554192141,1.8051419236247108,-1.279483284054407,0.05413734903435172,1.3796387753706347,-0.8029565650029672,-0.059222957521471414,-0.5260232518398048,-1.7185332228478574,0
0.48268602068689903,-0.3072103405532681,0.4502657448538983,0.035727889006935604,-0.40615393034389263,1.0001200795217982,-2.0420398892082936,1.1432127236349563,0.9182474687312141,1.452731145130424,-0.14970240134918225,0.24307665077108648,-2.909086058212276,2.023558313065103,1.1814316405486454,-0.07602725338844214,-0.7868987152485688,0.05913154546296574,-1.5272765791273357,-0.48858167199363417,0.030191344056168974,-0.2650782049945478,-1.26627873212801,-0.500216649065824,0.35765230512451923,0.16960491022645907,0.8743258317913054,-0.4294746803645446,0.31536353019871366,2.0722927485271745,1.5214169924197134,0.6978937080139072,0.8163306280646704,0.8566095119313468,-0.7307582687258285,1.1406306419825771,0.8102865079947599,0.2965429806231262,-1.222041103229034,0.7750006594746687,-1.2799969939155902,0.9154618980662199,0.018241343148309115,-0.8494429064020733,-0.9077877485090655,-1.7427227487100803,-1.9401883449617159,-1.1757444062308815,0.6424459716467171,-0.703947509239054,1.1467820438044691,0.7213976608151258,0.9176346586427584,-0.20771129147139764,-1.7968271476692748,0.275460419652499,0.711061381616148,0.4420866108719859,-0.6524513889783187,-0.9666739094340586,0.37030642503582045,-1.1738433312353675,0.13679446449935032,-0.009557001125285855,0.3959380127038771,0.19493456767929848,-0.09661567194022172,1.172133644070069,-1.467286648001648,0.0583275998713785,-0.3962433569112358,-0.43866195516295486,-1.3603667963123114,0.16713085453697105,0.19444661615056644,-0.44727183238876134,0.4346963858777535,-2.804832526194728,-1.1260510660331764,0.9104315075097459,0.7172150411615047,-0.5385805819682125,0.7865214508875611,-1.3797025360933683,0.819924098292469,-1.474578998260164,-0.963214615308345,0.6046737883215827,0.8869366430180846,-0.16590060488283215,1.2275856677546628,0.43548923760745206,-1.2500682328794452,0.05321617233293195,-2.110313204644088,-0.8828498871680549,1.234626146349871,-1.0167867253692058,-0.18381767466159202,0.823465997647614,-3.1517287027636796,-0.35838076489443965,-0.9157824970798085,-0.6619129570956763,-0.30769485208140746,-0.61830370022282,1.3050458125433013,1.7751625373841908,-1.3734569454915866,1.0903916906935138,0.9338244505458559,-0.04513313100281634,-0.24424373284848838,0.1651238968622825,1.036382063823656,0.33487218826021176,-0.9513684872537239,0.5623824472585585,-1.3143377896227895,1.3258058408342892,-0.2204001294758283,1.171249939768909,-1.3150860528556823,-0.9975403039660232,-0.18769065405602137,1.845590500786715,-0.4832604878677679,-0.4497128102241747,0
0.959171712392643,0.9011535106794919,1.5869247561409592,-1.4104065715953944,-0.8821818348227252,-1.0498404407804023,-1.0657077755183768,0.9852365485646055,-0.5955288248825676,-0.9859571408660063,-0.5317090920029689,-1.642192194688397,-0.10587033901635896,0.9326743730670071,-0.7474249060659198,0.4384804150207907,1.087743993380243,-3.2332153898559524,-0.43857131489887285,-0.854842159089467,0.42412036879759046,0.7282639169020133,-1.9857407506726212,2.03332623979988,0.13351379005957745,1.4376183898476806,-1.8028727242165,0.13509194422712067,-0.7858964542913863,-0.03645006896587009,-0.8841457492426771,0.8940776749025082,2.128981082429881,0.7025262825098849,-0.15882836445175622,-1.1170805478794064,-1.0960264763603695,-0.15359361562409818,1.6371899398064054,-1.529055834488811,0.7291064427069598,-1.4012421488991944,-0.22381703641791495,2.1601322718737728,-1.2819400287977158,0.6119166827300924,0.6088464724665699,0.016849126931841308,0.09971418125336338,2.252817279686011,0.3880446640081324,-0.2886175395758112,0.6960935347075484,-1.487125342261219,-0.06947626264167828,1.8098391256926294,1.3009461064016659,-0.3277494563419031,0.06222136971024893,0.6599176665078602,0.4960160096613356,-0.24159698339184316,-1.1504769615591919,-0.02174184320354437,0.033996124964447254,-0.8783690895811999,0.31717985697918716,0.42670704505599044,1.0242869113511368,-0.23208539942256456,0.6473515806033896,-0.7280411922116229,0.8543181504092687,-0.8661007927584322,1.1025280236230295,-1.07734977938476,-0.8957712686538534,-0.3867007660295559,0.4600787170598019,-0.4546323669249399,-0.3793116200076849,-0.5545801092026948,-0.9778434953177512,0.7044334984137421,0.6202119889999952,-0.3666419350737515,-0.039338395730624684,-0.14040793219232428,-0.5352453757817482,-0.2804487895629449,0.260362147889777,-1.601043080558063,1.4048928774037541,-0.7096595285136703,0.2333982628922711,-0.5586761547582324,0.1863106271735177,1.22521334981497,-1.2171780394146547,1.649723747515287,-0.6997504951093254,0.1980323124423405,0.46036154034838306,0.854995346317625,-0.21876163350312058,0.30970311213683804,-0.6474918395956948,0.06217720073580658,-1.9318044222970119,-1.131107688547896,-1.8068230103853264,0.34317522580990406,-0.5844973887080158,0.8956926417604821,0.554855871201177,0.9498901715447512,0.20556610258341276,1.0439779167229049,-0.8820685359905577,-1.4975519878158707,-1.1120427737739444,-0.2342178559949493,0.34650903882698286,0.0031342850081854095,1.0019164172262065,-1.4672587742914878,0.6579078838351391,-0.6061734685774398,1
1.9547017862403324,-0.6405208015086167,2.8486422925479986,1.2123632436088823,-0.5603595168604881,1.353687518952183,0.5795512278727033,-0.6099386861090876,0.2260952948421434,0.17663871842147072,1.5724122979576987,-1.7784416921594017,0.9399226157566962,0.5467741730216735,0.8193090977795261,0.9366345299096861,-0.9980058913900439,-2.2175198296176664,0.19395851797237174,-1.1671372523584593,-0.9180440699657982,-0.9595151550845109,-0.6981907707083151,0.2335197657759191,-0.5884033245856605,2.9536581171429734,-0.7341185476528446,0.0429905959332492,-0.24307753406247629,-1.0525227989935209,-1.0939545931122323,0.619398835289133,0.17039563689510576,-1.6538647494806442,-0.14045981913397257,0.05239003316831119,-0.04927113754860953,-0.38096298276514934,0.2046280287511718,0.5869780988585279,0.16755950002558892,-2.1518443764379707,0.1117147600260052,-1.2064609540486877,-0.3378941431429768,1.182497867295778,0.8128746920285017,1.0160724172808155,1.6250147670081903,0.31996754543281497,-0.8848954063561132,1.3862428745243596,-1.6379480051407267,0.9227623942705473,0.4770641419473706,0.5277108383328248,-0.05450642860706586,0.6073414182557659,-1.5880647577148683,-1.1058458416086467,-0.3295757102631547,0.713259358147815,-1.253585458930939,-0.9452250108754267,0.6344240156691091,0.1840149956104268,0.4357916381761313,-1.386453859266138,-1.6930563110399168,-0.6872499076611512,-0.5660516723734741,-0.8811467142444023,0.4131165825256587,-0.4430516107225062,-0.5428934577675211,0.4047225875201429,0.30326394670343343,-1.1431040950227027,-0.1450094308460999,-0.9253737716742514,0.8196916352368875,-0.14507615731439913,-0.4403152327287205,0.3298446721206967,-0.06082800375693527,-1.7300293077263382,-1.7607705315663578,-0.15031001375860453,1.2014475889831788,-0.0732656132598845,-1.1933325815746105,0.40315654052663996,0.06804673276189158,-0.13873198271077694,0.8757394769915551,1.787479552077782,-0.504405635304451,-0.16036051385130914,-1.3216168008662674,2.434325569901199,0.3755873532684665,-0.7227936040331445,-0.7218891556849821,-0.43383228883664804,0.16505851471872976,0.24951315106019004,0.6615434206595084,0.6309527848626293,1.5100985342122126,-0.7632776056456728,-0.3951671029466424,0.610868674325747,0.19269364058069166,-0.028745117137828527,-0.628947433609734,-0.9975507720842757,0.9209091187325339,0.35046337076388867,1.072343535216514,-0.10913527017801551,-1.1567180572198836,0.6071251183255337,-1.4972795528697402,-0.9287790627144313,-0.9390081323567555,-0.7691430577994702,-0.4791123365151289,0.2807580588641669,1
0.7519176059753486,2.2227362272403,1.4725217984064938,-0.1794176988891223,0.5594407005929337,0.7181890203117881,-0.028782971680344265,1.6707618090527618,-0.5461678152773443,0.12796676628052228,0.8127092027400818,-0.026264561214389918,-0.2593090833231507,-0.044224085121442276,0.43466471771531634,2.0364876667436143,0.19912147106026554,0.14481424860127098,0.46357197106186904,-0.577327529717593,-1.697812222709736,-0.5313594997478366,2.584384462719837,-0.07899084470224259,1.8327515307281814,0.3512796813238084,-1.7836351483631208,0.6818895352424998,-1.2561664462988238,-0.3471390311374059,0.45068909748717895,0.3321955963650336,-1.6620475149522964,0.45254644689877827,-0.6062733988650894,-0.2901589370231466,-0.1114064498830484,0.14312162791878258,-0.7662410880518488,-1.7805657521698641,0.5899680496951552,0.49883586366872945,1.374531693615482,-0.4444731357060146,2.320670053800006,2.048851998905307,1.7873640995002982,-0.08759061217101531,0.11624303276760371,0.2502860337755719,-0.3053766738334905,0.2959092160718372,-0.6445786658255432,0.5553757512159002,0.46534602921307916,0.25652487440079896,-0.07221701128747175,0.3874085816622361,1.0015547114195604,1.4774989622300176,0.9091844456536405,-0.1434325769927473,-0.555675411582991,-0.18872832389114108,0.7016723328806848,-0.7949016851404833,-0.3213531705006952,-1.247262061980441,-0.7000186611865885,1.072376308086007,0.7103410993735646,1.1732755108803492,-1.1497242399449161,0.5937488956940017,-0.13506354151713876,0.6441357287080242,0.39935175980201965,-0.43150608408985247,-0.21730368736037362,0.9652056882166458,-1.3149079421081442,0.12857477196786354,-1.5647074604353088,-0.016297376496593973,0.4236109109025093,-1.3263342662928739,-1.9409687575997823,0.8947184453030155,0.2993603333699872,-0.8520441411095765,2.3681258262981086,0.9219774092885938,-1.2001193675904807,0.09728800962024708,-1.4753872830292998,0.1593298580772877,1.3036247695841126,-0.9812780846789674,-1.7370490876601148,-0.17932879378509842,1.4985951261475317,0.656501015859888,0.6390841394365636,1.7134007353282137,1.4542682478612883,0.0809913747928914,-0.016123257062098488,1.0810700070250585,-0.5881123196234684,-1.100076418799149,-0.5476376673959108,-0.3085703284462861,-1.1150801464931517,-0.6310099511591487,1.4765671274405907,-1.599253887924149,0.22940835813286337,-0.9105457303659416,-0.2734597116644544,-0.13709816712625225,-0.7524156833238577,-0.5071122523938566,-0.21238242213109654,2.630166825453075,-1.252142383335024,-0.2559727697725225,0.8326403136966055,-1.0883505141995948,1
-0.08452755620260359,-0.10227909627060883,0.4937799007380854,-0.5215508392129177,0.4523223952500262,0.28994785834109843,1.2831059090263748,0.9358672134513077,0.7949402955345862,-0.19560826015196991,0.5159501995813387,-1.0300960145952318,0.01018922363391213,0.7794934789381723,0.4794263966569584,1.3626561753978175,1.6864148911047638,-1.1635683128331504,1.412098740434374,0.0396406706748364,-1.00394450195697,0.1469645972024304,1.0486695743491292,-0.7701009531125614,2.0136561035471865,0.2782333388572931,-0.4831791773823699,0.21910532854873133,0.7940710002115271,-0.16656977041019544,-0.6377209144453377,-1.4003111034055855,1.2088477186782887,-1.7630021303951007,-1.1326763389876453,0.14778665638507893,-0.5903505695900598,0.8897152028999652,-0.08098655963640246,1.5079947487888814,0.6356920620184221,0.19979897804929597,0.33395272280639027,1.2549581694900631,0.5048068629075666,0.6082907077207024,-0.9474330115478248,-0.159882293547097,1.2738789225098237,2.3067172677446885,0.5094181583458284,1.473385698406217,-0.48334538922950254,1.1680385780442692,0.9760654134121991,-0.5856357339273929,-0.7482508154146903,-0.5891952579866305,-2.6173180728998644,-1.1257129064234663,0.2757430244870631,1.462591666120826,-1.0751451409036115,-0.47878533078920543,-1.9287075654763406,-0.30242369015166104,-0.37065290577486304,0.3706183044392826,-1.036286960050113,1.363384144497523,0.003118047578884064,1.1901512209005607,-1.9154737990586586,-0.2016765550170284,0.7773536335002732,-0.596710456530694,-1.3879159911106411,-0.2744171800176626,-0.21977997955396827,-1.4185072674017567,-0.17724903095127867,0.6243772968553114,-0.09348236622878794,-0.6688878283571136,-0.7436010345185208,-0.9209773009859223,-0.8190059544469942,2.435191868179193,-0.7627196842353847,-0.1710014460856721,2.4792131512514635,-0.5791689929523383,-0.21186311180064038,1.4893704951737714,-2.373898889256455,0.48130208136641256,1.7945616832251303,-0.42562089736949593,-0.4653286225124079,1.1563211694882314,0.1789626248116766,1.0304844820084391,0.38373531890152857,1.6007323494345267,-0.7061275225409631,-0.4419415472078564,-0.0752839405962554,-1.6724560624072307,0.5915389613470077,-0.9419202297416361,0.8010766644468718,-0.44140461382069646,0.2657793541681856,-0.8494078043840374,-0.42726239763970003,-0.6201609342503415,1.2746000840821794,0.9792483595014996,-1.1319446241995468,0.2216369668294082,1.6770850409258218,-0.023766980378413044,1.247624426066042,0.27930355699410336,0.39688697222019304,-0.11004365387888415,-0.4644720647087389,-1.6350179391965647,0
-2.5933312028353455,0.2669646526679847,-1.608764590664435,-0.72257155124561,-1.6349849262178724,1.5445053325375029,1.524242700760314,-1.1047928036277075,0.5768232856946619,-0.14696072082210532,-0.1733747849616588,0.9714728411498414,0.9162129418493064,0.9458278895054477,-0.27972535010082494,2.199737179595234,0.7681080473778491,0.0006262227125261367,-0.5418907771914222,0.6641180026855149,-1.574855975629093,0.4017066862607823,-1.8103107399000264,-0.015772881260774408,0.4626180139789684,-0.6793163408420929,-0.31862124802589625,-1.0930519884913195,2.117216689963228,-0.4662917467757579,0.029694028396386702,0.6941589032479983,1.6192572297461114,-0.5758521656660951,-0.5662461874858745,-0.7594271142838126,-0.3336526639953424,-0.7246587697106488,-1.2704575964888463,-0.6064243432001879,-0.15047618149434241,-0.7873259071185231,0.3094125688687982,0.7760781257063167,0.7844105643019281,-0.4583900159055506,-0.5113172931790824,-1.0322248424178617,-0.9806894350948663,0.9288949721472209,-0.5483148155664871,-0.36543469579702226,-0.2392054686186874,0.5340572863287418,0.18039239660357476,1.855995865644451,-0.9731340321405166,-0.12328211949153689,-0.15709271986399842,-0.4453625286267174,-0.2591282155531372,-1.0008005680469432,0.5228020185435404,-0.021481404309971665,1.1543293103628691,-1.6924381469109684,0.2994158728337687,0.5085901030111873,0.8333020846756068,-1.1875420244596884,-1.0546728080102445,1.6206058923646693,-1.525436254467487,0.16734708153884506,-0.26521854038299114,-0.5814274455940529,-1.3623788810268609,0.677366687875781,-0.7751804748456621,0.5246906748855892,-0.8856036279677135,-0.6788860614804838,0.5840798233128667,0.20170189917148762,-0.42428276785348695,-0.5010381936049311,-1.3112949817218413,-0.8714278027398674,-0.6586005910460024,0.564362839241117,-0.7641783378127144,-2.0457104995101107,0.5885593260965355,0.41486417961740474,-2.023170592947023,0.7984929670348275,-0.5018237605859014,0.20826571917535425,0.5475149564337356,-0.19396131375020825,2.4840973058641826,0.9752252938322604,-0.3308576410383666,0.08395931770374596,-0.06745465858076934,-0.9915829893612069,0.9982367055751049,0.04060820382423637,-0.6739868544756568,1.25997767498795,-0.9331020566931773,-1.307748732296374,-0.044919864389886315,-1.2354590932662037,1.6330409524543246,-0.11363754730124051,-2.3302257901215864,-1.5381821183985966,0.8800237606992741,-0.9506611424386101,0.994565357384389,0.07586039839794023,0.09190007322721054,1.666152404811104,0.6303530238776661,-0.7613425914520244,-0.7884765084097437,1.752126294708343,0
-0.9943764560204884,-0.7089623838621731,-1.029538455162335,1.1884878424202725,0.08832983285997846,0.9932130405671987,1.0699548865492328,1.3442535558486752,0.6509800015004705,-0.3407627853796715,-0.3668786002024273,0.44159789384608267,-1.3356562080621242,0.5911130550484199,0.9733309130849028,1.2195228635449686,1.2179995151312126,0.19141167210228793,-0.43135662061651375,-0.2338530073342379,-1.079142040941275,0.02119345410404218,0.4929557287394809,1.7517967023599663,0.8157975664207349,-1.1554909269754348,0.574462856824606,-0.25729090478708794,-1.8593271532131113,2.137924283228108,-0.8332383787000606,-0.10256475063436903,1.4688792485495996,-2.154254830718939,-0.38943653473483614,0.3154317880689201,-0.018227730224511216,0.6641642336618667,0.2651907542277219,1.0964894373258256,2.281297130966483,-0.032251543275384674,-0.936279223279557,0.10517736545252082,0.7997147970013901,-0.8609441982900198,0.04064015949070038,-1.5141194130108913,-1.811371697809799,0.3026405361318764,0.20932742421476208,-0.2635295872336381,-0.4234442317637677,-1.2129132863800547,1.8312820358035822,0.6862703965918099,0.9432132335555569,0.7988635065488918,0.450239682977561,0.3770894571170017,-1.6669226852083017,0.6983647573506211,-0.4505311928814575,0.29651015379508733,-0.42490112395426827,-0.8966015985388796,-0.30610445720460483,0.4700063851558221,-0.20578210790123214,-1.463503300646832,1.083760520182182,1.660266327805058,0.08727703715622556,-2.0478504515322054,0.5909797907247822,-1.0905348167611273,0.947621046046062,0.9882205228378168,-1.3804309300847697,1.7459011159310922,-1.7152798475464743,1.195173839196652,-0.010967333417931971,-0.9632110477387722,-0.7646005859415744,-0.17005535536809413,1.5353236232905638,-1.7490676742463123,-2.108709472823538,-0.7507955073450884,-0.03028742231440982,0.4574627879748941,-1.811954905546542,0.9747818875737946,-0.7790301825178944,0.19614450518936843,2.530242278972521,-0.2872682251072315,-0.2505826839082912,-0.07114185206514394,1.1999683453551895,-0.5512736425708668,0.518728854665641,0.2957855745571848,1.1805200154240578,0.7735349209793034,0.029783379816541885,0.42598910325187045,0.8331765102917997,-1.8925819016193939,0.18584774915038713,-1.016051176943979,0.0046404832612162656,-1.283331976651461,2.94380239976382,-0.44053828586604676,-0.811637481588743,0.19616991615242402,-0.3925603125250419,0.9401243502145357,0.3938985547611108,0.06044999537390256,-0.303653087691142,0.7416757891164711,-0.38905603958740814,0.2724599428613543,-0.1250024584636604,-0.48659692451289027,0
-0.474098167867836,1.3207921926901975,0.26013401981472684,-0.8382274894554171,-0.3808477154160687,-0.8904397067837273,0.5362460968270539,-0.4302787013988799,-0.7009028146539039,-0.2995894258051553,-0.2697494627530554,0.5222716145279458,-2.1462940423606343,0.4195429491566993,1.4922177383487467,-1.1717186257403438,-0.5621287898630318,-1.3518835191064111,1.2817321446997425,0.9511825147484627,0.27717235241436944,-0.719572259022328,0.365334039320858,-0.720249075549052,-1.7885762766527276,-0.6009520213925401,0.4918037034448668,0.08444143798512468,-0.9879646007778071,-0.29574983971725016,0.1066414587847586,0.6638781117842464,-0.888289323390323,1.5912573264519096,-0.9883688589221525,-0.4263477052575599,0.8812245180953736,1.363331830102451,0.037090866128875695,1.444560657424408,1.0983073316622853,-0.5884157112763294,-0.5648046898043017,-1.2102143440240634,0.01804746271114456,0.03411113712754292,-0.49874718808267315,-0.9327026632753013,-3.162878025906915,1.0027525346864088,0.8539374099873096,0.7198367152936695,1.1391134312572648,-0.5787486945213475,-1.384787213220808,-0.6688270771241311,-1.0115808238082842,-1.9776593806220852,-0.02364440915401833,-0.04848791742210211,-1.69106414039728,-1.7826392123252934,0.4846214780743291,-0.9252142548433911,-0.83975671836583,0.7592600521465066,2.7949130530765602,-2.316754234111133,1.2773979763517085,-0.6469847870669863,-1.581555597192965,-0.733014145726592,1.600659325146846,1.7257568015833573,-1.1277322610116565,-1.330767014517265,-0.3049600791089537,0.28948948996537716,-0.3544759813377422,-2.4711641147691994,-0.5845514051483376,-0.8132850725194036,1.0712110636663839,-1.8843795766927862,1.3094138180867936,1.1977837514061427,0.010382176250423229,0.8270445822845487,-0.7272093736470975,-0.20017782840485412,-0.6737596315034383,-0.15701539669644748,0.6835664209568274,1.7310809715852824,-0.5709482114066381,0.3838183081932633,0.945769995766268,0.18134049053467297,-0.24816329530584466,-0.7281698457746666,-0.6895738208537933,0.22617781468691395,1.2526169305727526,0.11072058312129361,0.3593079083871227,-0.6130823240933508,1.20409188771521,-1.3295557365471136,1.5259167102623652,0.3636386611736869,0.7804052262641711,-0.177716716315397,-0.09044104408962227,-0.8347553287427558,-0.36432788505113706,-2.053141907186859,-0.3128122290023509,0.16230382009904265,-1.9097288041337392,-1.6046132231030232,0.032208941046621184,-0.4634408776780067,-1.5382757617779441,0.6650219351287806,0.37344795260847624,-0.9980354862256469,-0.22381366270912398,-0.3145101474231913,0
0.6635650898584505,-1.4178714337645817,0.27549821566774063,1.4941234350625177,-2.414273852762192,-1.4001386720941513,-0.3612334823443018,-0.9188225507441662,-0.39592017957697806,0.0607630665810434,-0.19027937381167612,0.5082958503505065,-0.34125103985682814,-3.28934010301674,1.1626033133595615,2.0002612068069117,0.9574480986162006,0.35573659867266727,0.8851914065329726,0.4340464664877844,-1.456582574869796,-0.5057592076804396,-0.6934439926259587,0.6815530280076242,-0.009177294619682707,-1.3725623756955092,-0.6435519227079979,0.06026540729316526,-0.5304594737045051,-1.0548064024533172,0.8180950629971229,0.6491509323598206,-0.4923766006599217,-1.170969287232705,0.4742938000004045,0.18222173956929005,-1.1006689332431936,-0.9181777016314946,0.30402964593343523,0.10062459102399741,1.8927623744678543,-1.6765627287203353,-2.651280954083876,1.2392169117260616,1.416814676716468,0.3372974872545426,0.8180436720286133,1.0842470158806425,1.3250196400619507,0.8915231542745247,1.4736004390692434,0.3710454552316926,1.960788548432907,0.1335132110578176,-0.6970787541614076,-0.29331159130779316,0.7858809518475143,0.2137869941446605,1.8665376711072188,1.5174661712803936,-0.5929416791774683,-1.5610781661008557,-0.18621585119958792,1.0380741171421444,-0.9356749188811816,-1.86131824537766,-0.946098141948779,-1.1589051619230109,-0.34525493549496095,-0.2949705195297509,-0.1373546204398867,0.3433232404777752,-0.4693586849564423,1.8970798710854435,0.2020024049770565,0.8459357108874559,2.0318217642175123,2.830709211506343,-1.7433572109700595,-1.5884866302327367,-0.28109124259892027,0.38376423076143495,-0.7596141171917943,0.6977823364421376,0.36186914329085434,-1.4243733781536758,2.0375224370804745,0.08278663412065114,0.593636839057129,-1.4508617819039906,0.29723873556767655,0.6290879722881002,0.094172600648598,0.6230525430944307,1.0827813373335788,-0.794414877650782,-1.096999091386781,-0.5758179341324818,-0.8234209898580029,0.09820038344242117,1.2208217895664248,-0.034668078195809165,-1.067582196971253,-0.6081335355971129,0.5599275959723037,-0.5304367349350804,-0.09973676324284561,0.7010116131255547,0.6285682879918556,-0.26328517440000887,0.1541478828422853,-0.5020479219938229,-0.0623143652200006,-0.8060945572426915,0.735555342461813,1.0900982658408434,-0.1543504137796283,0.253179714922822,1.5935966817388616,0.4629435952415085,-0.8162389774236389,0.14272972753223748,0.38821718751492457,1.7119829073369077,0.9066282440684946,-0.8763473118057591,0.24746192002548398,-1.047401275243929,0
-0.4200185096155163,0.34765811191923446,0.03559283015641932,0.6325723660649465,0.3071922567979658,-0.25352721601346123,-0.2427495083039565,-0.26302947455599607,0.45855588357186006,-0.47405445574741994,-0.272263420849901,0.5151620745712674,0.7048846802010238,0.08095681455748317,2.4465935446768112,-1.4161885705647501,0.44408015912385473,-1.308199970075212,-0.24987687262047117,0.44252536719205804,-0.9415386737129874,1.2277110737383363,1.8473639820996426,0.8196378115690925,-2.8523715248239525,0.16607494644472962,1.7115978762421606,-0.8231904007570653,-0.07503173548664388,-0.4752900191011172,0.9277857663478288,-1.2126691632243265,-0.26339439450159113,0.10560422873476051,0.3255886290402493,0.6258284853184973,0.6440825177115979,1.0831236460602167,-0.6013685658315853,0.8797541381085122,-0.45039459093266615,-0.3386967215483068,-0.29058080377617024,-1.4951865727977776,-0.4490293967711101,-2.5717162380167276,0.6476545231616365,0.3529143662612432,-0.5054701995627693,-1.8450678080560206,1.0840073082907695,-0.8159817984061372,0.15818707029175413,0.6106020021433033,-0.45227984020654716,0.5665295997689779,1.3118047048843746,-0.9918403071119845,-0.2526871282922359,1.2667636545985728,0.5262418885697334,-1.237291330667322,1.7521038405697873,-0.013504583334639554,0.12424747156564624,-1.8812278631373787,-0.1970313722512348,0.6421500904176368,-0.9457449995662036,-1.2609540754257604,-0.007970995054725599,-0.3109334304687924,0.16138717958813523,-0.008294758294045898,0.8977399322681605,1.2760738846303576,-1.0010443294995965,-0.46888313118174907,-0.2450749183794858,0.03241090588291196,1.4527320819090785,0.39546067825506986,-0.32616997865657693,-0.4022156274706625,-0.205067202751894,0.468603372282039,-1.8409117078348378,1.139332144506258,-0.29363873534046303,0.6445483295451506,0.49537059172905323,0.38225560025556765,-1.6461448997318404,-0.42006899182115137,-1.8444370225567224,0.5667426642597436,-0.79923929489025,-0.7459715984749139,-1.3370055405775327,1.7983709637818528,0.3703225377772167,0.4404430273847357,-0.05408824437773543,-1.046838387512069,-1.7396020956344922,2.932189416899412e-05,0.688980013742144,0.2569827511447201,-0.14805483723447505,-0.40473808537727063,0.056340692476336135,-1.479482252365164,0.2538368639003899,0.4206188206149284,0.9564765657798402,0.24817325184365507,-1.9225888741149773,-0.4533540289006473,0.025722589794577356,-0.7293561438772007,0.5567995373415008,-0.2618212910991236,1.9475561033466695,0.6617595563919662,0.518139818643924,0.36928493336247514,-0.3345001275302262,-0.15347156105904317,0
0.6698843598055833,-0.38823802179793787,-1.2513844140880577,-1.2249674409040339,-0.45978593809120727,-0.6687554067875953,1.2922072756892582,0.6327380179646559,-1.1644789854381326,0.5754745433724363,-0.18403953722241173,0.7736069704180272,1.8063253305705222,-0.828697097269559,-0.8756277701939522,0.10781969987522122,-1.0005950438186462,-1.4280249778899103,1.3993466582371443,-1.3985878472930227,1.1140509611647627,0.20915647578614724,0.48525310059976623,-1.51878112969092,-0.009174973304832874,-0.37082751418796045,-0.5840173217251263,-0.597034938197783,1.4814293280101205,-1.0905286257304094,0.1659075440809351,-0.8887554460233237,-2.1380764690396274,1.0614772983804754,-0.7247429284344397,0.4695321738314505,2.6203412802473305,0.43822866722551107,0.07831036202708423,-0.5369659900530612,-1.8304589502606876,0.6595634784875399,-1.1060099099246157,-0.3432695548373242,2.1166110111496317,-1.0042295570390165,0.9840765403843288,-0.8357759219602998,1.4945816314556237,-0.5166438992902583,-0.433381733206922,0.9551415219263426,0.30837037547320817,-1.5209273659644797,-0.3427435109484437,1.2121712996741585,-0.9215930019117572,0.765396028046315,1.0825075432265823,-0.04096571335527791,-1.662235017132627,-0.43559207689382523,-0.9875335194666769,0.7495939027133536,0.6790097186734143,-1.5588342044689816,0.10764778281925129,0.18843604649346074,-1.2887263910798419,1.3599555459202208,-0.8423205973109819,-0.3191574699521369,-1.2994466871023014,1.6824762380026184,1.1363002324159746,-0.423384497331053,0.8028881350647654,-0.910977187994856,0.4404896160184994,-2.2158335923408146,-0.3983693330411725,-1.8496812083012597,-0.10352340294749128,-0.8363366382407446,1.8975248913269962,-1.4384217391612408,0.5952449408846602,-0.6874523595073838,0.6135695363432382,-1.665231265081947,1.0337381971184936,-0.242789476347528,0.853186853570252,-0.43376444022846977,2.449444738851715,-0.4109456620734103,-0.10469100798896344,-0.9731582016994297,0.06898061594110365,0.15830709985907887,0.4624066529946018,-0.8677601578065404,-1.3775018816504185,-0.07761055232423524,-1.6527065461666626,-0.31703112206380957,0.4723700750038707,0.461598941920071,-0.41709247629307283,-2.1242766456212854,-0.15085487604644218,-0.5052021273151891,0.33081013959765027,0.8995431255927714,0.0702679893477829,0.8984074481941376,-1.4902719657079622,-0.4689310912420726,-1.199856952643813,0.30171643889544875,0.0036754339743192616,0.5401525162607614,-0.7042546226122394,-1.237557817820123,0.1786525261367346,-0.3086591869409156,0.13689802880909469,0.10978346001613913,1
-0.957324011138515,-0.8302881076979249,-0.05170643045620589,1.1090041731005156,-1.0923337638028219,1.3902025418783577,0.659615539031027,0.26762954006132383,0.6783437883239144,0.16359865416139288,-0.9965623111831773,-1.2005383457734866,-0.782584074716487,-1.6659338968793485,-0.29553391465076556,-0.18306175617916223,-0.2665017125554734,1.389848898144727,1.7653108616135587,-2.427662415491956,1.268116117674288,0.4112845676102414,0.6956621265378446,-0.3204317716886326,-0.8663277226566424,-0.8228328575713559,0.6193925698194531,-0.2472249110130045,-0.7460211804995666,0.1470089833749228,0.055495898626012154,0.5061435540323598,0.5719390965363201,-0.18569793279143088,0.28867318739866404,0.6936296080841693,0.08123496227686682,0.6084095718509911,-0.9929565324124797,-2.158178818892939,-0.36121276008347947,0.6954660196014767,-0.8534505382170618,0.6649382925173198,-1.981265892094265,-1.812228456671657,1.536874306468003,-1.2104837312432568,0.1441616629375238,0.500268024250103,-0.16191568241866391,0.7412124976008471,-0.6972839603541504,-1.5869457870606416,0.34887913015193944,0.7329204128053157,-0.6266747677899634,-0.08801049088933872,0.6563532844927704,0.612714981126914,-1.027091328726384,0.9971479820994575,-3.302154814889504,-0.3088695998063872,0.3275243099518095,0.45487382469097454,-0.01931426604589145,-0.2902735442438129,-1.0361160062833106,-1.116237177590846,-0.2764390290351727,-0.5868945065431784,0.6755821893681676,-0.62292032198231,0.018380197879650235,-0.6762804721291846,2.573867149490387,2.1792375357464966,-0.18251211540987186,-0.23714975801826588,-0.47470380496270076,-1.1405589230410675,1.7875066628313936,-0.08270405591021977,1.1104355757730058,0.4779759068479903,0.5876257391022849,-0.042295815975534355,-0.3645745282278341,-0.6506308459958866,1.3019004093941993,0.7034279425717234,-0.03249564303949656,-0.5192598270414187,0.3362941928547884,0.10365192585232282,1.1349741942620153,-1.355651534141297,-0.5471174872864719,0.4056240329270611,0.16090104276233594,0.11309363258068078,-0.08784395172891218,-0.688428476587418,-0.4564702761786401,-1.7002501331686268,-1.7460097648293218,-0.3600476036952787,0.09222698051901357,-0.44895109108409054,-1.5906480321702532,-1.5264609345884386,0.48740384893228067,-0.16876384528773725,0.24290447048667177,-0.8560588482081745,-0.8570209005732491,-0.48828854253443615,2.6594156440505863,1.4013025461179265,1.0628601815181171,0.5114703353360464,-0.880676172937264,-1.0110973441334614,-0.1454184042491852,0.47880940701826136,-0.7156463649814461,-0.7433173427046332,0
1.0233738245005413,-0.7397619054130815,0.04762937552318463,-0.7566484739505,-0.5270464802402637,-0.5101759859473128,0.3169028437293472,-0.38325152568958293,2.0397110322225744,1.8932411498958357,0.7827376746051665,1.3776409478574292,0.4988007328444584,-0.14637358016920335,0.5486810948452074,-0.2822719899366001,0.9497334411509275,-0.0507569351605612,-2.431885021916181,0.4912927735720126,0.6062705909158786,-0.5668860711376433,-1.025264979806368,-1.160820264742021,0.29094695448800373,1.5543194320619902,0.6708692477829661,-0.41971336970337997,0.06096141762917915,1.9487690875620258,0.3157331560281007,-1.6483975095405285,0.7084585669884271,0.6407912262283532,-0.397847214662872,0.8695767634135239,-1.3147853010634318,1.0700417533766406,-0.5111338055334114,1.4213311156287605,1.356370438664797,-0.11304550806300846,0.4116086722899627,-0.9971452683047719,1.238351338818273,-1.3564647726889192,-0.13897132063279716,0.47825685970055964,0.13668197089417503,0.5487528229680756,0.5129943714640441,0.557505993303555,0.722586035302319,0.775116255334502,1.3957411455288748,-0.024535962962320038,-0.9854515190432322,-1.0874710576253115,-0.6834852927710043,1.1897025159598702,1.1392626986020473,-2.0850923893805184,-0.5178328949743704,-1.1162583580217145,1.5721149177966325,0.3445177509092866,0.048749198403329946,0.47031940380223075,0.347785509178176,0.2513186292350999,0.3616940564484578,0.3846934031024366,-0.5236074216415427,-0.7125131789835519,-0.7067109581391847,-0.3510179526704603,1.888511891037552,-0.9398627688666212,0.6321230328957385,-1.084191403926704,0.8147543991380702,1.3935535228590152,0.7386500130855784,0.5072810866335287,0.828997463586067,-0.8153965288678193,-0.8724366561829919,0.7097692485162208,0.07301074963249775,0.26354206755156223,1.690839547964705,-0.5878904019286273,0.295201609835847,-0.8115128590080706,-0.2600736682764233,0.7095371506712665,1.6501407755242534,0.4060555069478476,-0.7214666541896849,-2.5697114822027403,0.620002259146513,2.262029890098576,-0.2874565409435657,-2.211155971002136,0.05173076743497309,0.08588954914464798,-0.017930068766116573,-0.4955007466110323,0.3245311479054724,-0.17862874533193027,-0.8944212941688586,-0.5310486641145482,0.021282703291984235,0.10318630549412393,-0.6785719372704255,0.6949341501872581,-0.6254613270756483,-0.6569238813237981,2.1114477924146566,-0.6633787112773049,-0.32482542166687256,-0.1852078683732757,1.2371123148146461,-0.0141324118707125,-0.01550094661206213,-0.8084676934425812,-0.7351316984715899,0.07435975179064505,1
0.6063483120719949,-0.03683522373838361,-0.8721951407996763,0.6621767973160975,1.2074999803815727,0.5529751891130233,-0.14064260985247684,1.4596437303052712,-0.904287002465852,0.042622713724904324,0.33063360958388954,-0.39609508895977225,-0.9611742622362673,0.10508161778793948,1.3617405981274786,-1.1245034785573063,0.546183082090903,-0.0631040701203511,-0.22869874306213644,-0.7579369474501557,-0.9699087068191947,-1.5989089071068012,0.8089582497711103,-0.43421289487665665,-0.8246211838725271,1.069426455572158,-0.4169637565783841,-0.9854539283156312,2.195524082521494,0.14775082457618469,0.3014928502945017,-0.4741063955720445,-0.2812306446372387,-0.7501829236693617,0.792424679952713,0.7024288941169202,-0.9004666039976341,-0.08278832200829209,0.6209937574872894,-0.3016391251630849,1.3469821985845492,0.12368137217655548,0.7003101525270301,-1.987466454587658,1.4350913964728396,-0.5376170718848302,0.6167742011049656,0.7213511459353943,-0.34697334026317883,0.7919212954239545,-0.06131053311393541,0.9720802935506312,0.09771604432051909,-2.0167847142730304,-0.131258816575566,1.9922687316671845,0.9692681589656307,1.571397510541895,0.00029937874305165156,-0.9771944340678724,1.0837232576502764,-0.4422310876946348,-0.8374404262277593,1.2100091805215083,0.8615183429948514,0.3093954922564256,2.658686942505801,-1.6047951347172227,-0.26254442736542494,-0.8238987257319563,-0.47668177959070807,-0.34056209812140903,0.5267988343931408,1.1968489488530356,0.0675442199310487,0.34879346648038384,0.43326525926446,0.4847912917890642,-1.3336769300064182,-0.5194772995611444,1.0457779459972392,2.433726269187359,-0.21244005675141772,2.0253595832941915,0.008179451608862466,0.8530909678251445,0.20861853589172571,1.5000064403263598,-0.09906895554829667,0.9056953878213718,-2.507598013975957,0.21159209633841025,-0.04030003576878011,-1.2668414468130094,-1.690327490022937,0.6204907809383111,-0.2405249820979522,-0.24289711591923974,1.6221180994305124,-0.8156832744223009,0.14790958533228632,-0.5854521027881836,-0.49642976896309565,-0.02848613069812786,-0.7126272628967593,0.8397077328540331,-0.5000660313978866,-0.2557520499868215,0.7365322380337072,-0.7014067816261091,1.3893227364042895,2.0452791709126434,1.1300986286767702,0.7226226844017473,-0.7024412136244685,-1.079367968066846,-0.4193509747703637,-1.1115637156249143,-1.2201660658539395,-1.8323957273791922,0.9415478093410449,0.6264124803168795,0.3704027673366986,-0.9816980385475285,-1.4568041022313034,0.43318780433023246,0.190112134437797,0.7540702861120732,1
-1.2180376212753363,-0.25256651108232825,-1.6320558485444923,-2.333710547213913,0.1981039460297974,-1.619470190006175,2.323177329929762,-1.3593275623004513,-0.5860033394917951,-0.08845575599492103,0.3867745575601241,1.1595817968135589,-1.0179750213613288,1.0212470629197754,0.9652833625435789,-0.8369646999680127,1.52245978757168,-0.9338886825264728,-1.5322764817180266,-1.1690210526475682,1.210439523432207,-0.30180584794409254,2.418041510485204,1.9498736212711354,-0.608892571003954,0.3614096364021756,0.24579074779137072,1.087909619332011,0.274518644817354,1.1005463123614496,-0.31946328550996866,0.02710925648800919,0.4128479211051827,0.20588956906021486,0.513049558526255,0.3197376367627657,-1.356627524077608,-0.8027173822682105,0.11351482166956442,-0.15882739674299215,-0.8649831038598113,0.9011663079258625,-1.2201769801301037,-0.053867034458732345,0.8088301160422413,1.089493819636028,0.4699289406729165,0.592419665283795,-0.4707631840522185,0.09667470497117991,-0.3952755705025623,-0.7547045991451535,0.7144471749485455,0.002767438166936825,-0.01284462775570025,1.2609310187294172,-1.1010615984738672,-0.9881746748898491,-1.8422122756972739,0.25768861728726,0.36720032884532927,-0.4996241327094201,0.3445602498234422,-0.4786835929858028,0.3635385243770245,1.0320650036231862,-1.193233613487797,0.5886253640337915,-0.17665182749224623,0.6579776509721903,0.15211691463321153,-2.0257483749672427,0.6887608466379666,1.1076622994594132,0.7674559076273012,-0.030384215826474985,0.10469427340048477,0.3417157218327647,-2.2218252186438705,1.774478648693259,1.145688323381036,-0.019385439989458575,-0.7277103319626297,1.4621577498754816,1.4257899506730083,1.9896344920390707,-0.11766850596151068,-0.43763473763565863,1.5056161303169178,-0.7665549708213365,-0.17790774268740617,-0.6974816808854359,0.3631012765537847,0.3825296746869064,-0.7805516750099277,0.343282312031273,-0.8356067330051202,-0.07888401261176937,-0.4987320357864463,2.5764416136173143,0.08616440887104904,0.10450108847824248,0.349381493440055,0.9061790886493872,-0.18221428976673823,-2.1313544389110297,-0.06758898085246343,-0.29306396708021965,-1.7723513420600017,-0.08629510302641925,0.33320977503730903,-0.04709429998369564,2.1366765082829695,0.1893867239092687,0.728914049528433,0.8272187549422406,-0.30688997469176066,0.7111806683771629,0.3768000967940979,0.7566254150203177,-0.4440586208628062,-0.011764422636190857,0.8216873409304076,0.8914733830921359,0.13877401876990095,1.089945106448627,0.9436768830771388,1.78044603194378,0
1.1508365387911024,0.25448456620940546,-0.9163400177624039,1.084367209973036,-2.272847768054642,-2.226378756845065,-0.7163786890416693,-0.013590354010520786,1.2759392633312139,0.3248323091577066,1.5364321471732092,-1.8301978400568066,-0.9499353383797112,-0.18628221187874644,-0.36682271155286417,-0.9448668766929478,0.4248922071216665,0.7072155143176605,-0.9256218694741413,-0.1012776962291573,0.16225684180666916,0.44591806980685417,-2.201662578545064,-0.7954076206047431,-1.2250065580765699,-0.5496717240276416,-0.44339086993424903,-1.4541947634787338,-1.6685959576375542,-1.2216425704389082,0.39260239581139783,-0.16295883094519203,-1.193620389987991,0.8584870734957221,-0.6074524830186501,0.11475817418000758,0.9538533958609149,-0.7134128935202806,0.6996161526107473,-0.949571644803392,-0.7495541566301204,0.5225069214613342,-0.5754065002718591,-0.4560320824231502,0.6043729676236518,-1.0008016918376836,-0.4641960037374092,0.4324102244372316,2.484159426792568,-1.1346592757253133,-1.3156959563670225,-0.22192744325098018,-0.4320222098887106,-0.3750112461199122,-1.4134095348410163,0.46985473003927536,0.5718685624556109,-0.7271043997462499,0.8885980834986638,0.08159908260367894,0.17368363182737995,-0.6423102032586865,0.03060979508213024,-1.0054043354578277,-0.6035233285458645,-0.11300258604418273,-0.530418947122245,-0.2714374960093938,-0.9255523193718933,1.4785468073515269,-1.325809700507411,-0.2948636750941385,-0.1375064155215399,0.3560494037939479,0.3461182727852738,0.2287659442414588,-1.1480315081608226,-0.7894252089272431,-0.4514632548332255,-0.8154198944740051,-1.8964621370390242,2.592647921637778,-0.6645932626559368,-0.02066074523247063,-0.8220091975922695,-1.341597282738498,-1.3572908757555846,-1.1628958715124205,0.8138347412194251,1.3438117467859767,-0.19385973145451615,-0.22047250172035238,-0.8463654504474117,1.2586041588268648,-0.6120669472017423,-1.2805297947441483,-0.4013301656186105,-1.0698354244981845,-1.4318343420203956,0.3269314143401384,-0.45969299940236463,1.2184453521158696,0.03182779616971855,-0.4895104573919862,-0.040303878716308555,-1.9249225001904673,-1.1805559366275327,0.8200116004825714,-1.4461843432872443,-0.13478840700001996,-0.9290330560190129,1.2369604278646027,0.3229807743231129,-0.546613144536649,0.10071871405565185,-1.1904529045607486,0.5921209024511949,1.8278842331913685,0.4886951584896195,-1.7394362735756503,-0.005740898311734529,0.3587246560951272,-0.13408322031833886,0.007671877148942952,1.2972390133535119,1.157007401403618,0.10977289498839125,-0.4048607573919715,1
-0.6340363391361595,0.6820396122169257,-2.02047110028287,-0.40168718287609945,-1.5091893352192103,1.0722828641092426,-0.9089274874545374,1.2824947862122258,0.37022857488487054,-0.13230432714400372,-0.6971954515086864,-1.563258540657924,-2.3416036786213725,0.019510414630092898,-1.575349511924383,-1.7713441333791635,-0.4819490004951319,0.6145648101528625,0.7369827588285578,-0.11825922163726448,0.07123501787650256,-0.10364249366183788,-2.0093764527828064,-1.3688892561481452,-0.10375490372849563,2.4952199059105853,-0.10751682199560059,-0.15966894415028127,2.805090642706607,0.8314808363232185,0.2266458794160756,-0.3257815059215085,0.60654227280866,-0.7961762327817258,1.089985319444881,0.14036736486632578,0.7802745143736023,-0.6460229533688383,0.43851798624506416,-0.0875955636515096,0.8007501744894373,-0.8892683892421158,1.6890754919810373,-0.93472030513748,-0.7898003933386496,0.8143976363607152,-0.49558693062783776,1.5306022710247635,-0.6250781090243865,-1.328744550766881,-0.2678842971775846,-0.48919534065069215,-0.9595984988052043,0.08353649779972162,-1.1163358827197387,1.0161558379706455,-0.9054963942120031,0.09000008671341937,0.5298821097984283,-0.4104683335743793,1.382197924447601,-0.7953250571496941,0.13453534910618187,0.19053359168633366,0.7588575687062409,2.8797323393148635,-0.2162722123027631,-1.6411194941548388,0.6236015067457799,-0.8571208999086025,-2.6621194652006617,-1.0103386371412888,1.0973372203803675,-1.6802822259186723,0.686300976211323,0.6535822052177803,1.932335390917031,-0.8233487408440523,0.7503256416147737,2.387743917611757,-0.8234637407603328,0.6064770707482156,1.967355224510984,-0.4657303576234086,0.24681456307475336,0.6625902309271179,-0.5628374096433417,0.45413448964990993,-0.20197780184791478,-0.8220668143108998,0.058149286838699944,-0.9962571928577965,0.08215091769970598,0.029221353346250315,-1.775662656912,0.9659375135875078,0.9152099867237091,-1.983933580582274,0.37230129901604475,0.3595833140760889,-0.02063190225537723,0.36163338828915803,-0.1657567854420932,-0.23030934809829615,-0.6794733221308444,1.5753751748169016,0.8792372454898427,0.8061097478320889,-0.19272570218965726,-0.45249156159704423,-0.1186503700916866,-0.11076137006845628,0.23506541013298174,-0.5831352210241368,-0.6537721531658273,0.5538106430324575,0.20269001620476884,-0.0950881913003459,-0.8851969030178032,0.018250627215197053,-0.0759302514751931,-0.021468659060687928,0.3083083453278127,0.13541716196675763,-0.003367301453035379,-0.717471855097495,1.2351751915010056,-1.4383299445004196,0
-0.32729980639298223,-1.8787641141886098,1.1501323998738933,-0.28267352887399433,1.8544514583940648,-0.05357931981332753,-0.6124530373339737,0.8788419106753876,-0.11379713535751189,0.22229902567529716,1.0756136185208443,0.19065785185236353,1.6537484621062217,0.9032616065878573,-0.7389854654975533,0.18778931735192575,-0.6570857881680421,1.2200325990841274,0.06367946524531809,0.14362747082993677,0.1716527794003278,-0.15998230489817836,-0.21993616496236648,-0.1374220961106513,-1.6871902074070833,0.3181023473579826,1.3868907342037653,-1.0665171216616993,-0.9589843448822517,-0.7661989150917452,-1.0085812121400173,-0.7655312073632429,-0.5554744839843462,0.8086940278316865,0.044660532681804116,-0.11191084369444279,-0.5693004833492838,-0.34375229520409517,1.0668956972419255,1.2503444792483525,-0.4131216792063044,0.41368878038967727,0.3486913475152291,0.585072124564473,2.28224629686398,-0.20809956066675633,0.18966833376852144,0.17461845839130233,-0.3285880592277151,0.4306590753338682,0.6236957515649948,-0.08973568845811546,-0.23249432933454317,0.10116390512920312,-0.4888520620433227,-1.5700676884042999,0.3374152251900951,-0.6794487981467741,1.4366737724363614,0.18853414057885495,2.616918836687673,0.1432702061262938,-1.5686547108051294,-1.192828975644852,0.42093517808211783,-0.568330470779503,-0.8399991438532274,1.4976335265457525,-0.3136462595085737,-0.29907977120638984,-0.29392079530428505,-0.8533767389578567,-0.13983022040030002,-0.349022324843374,0.7058394343041031,-1.3207010304550149,1.1586621116573521,1.1879661648624413,0.7688327153074169,0.24626312990690424,-0.8271510262536832,-0.3752442772540624,-1.6011252193028156,-0.028834476040259318,0.7138567591775606,-0.5093095964763509,-0.4407321986480619,0.8050082430060659,0.33853633174720615,-0.5310333491649429,0.6250170609494998,-0.5038356956819509,0.7592702402010022,-0.846621193317452,-1.7624648388655673,0.09262437489793622,-1.0370296867867728,-1.7157939363477661,-0.6294047197899465,0.06368579599131775,-1.165479064493119,0.16713893439325908,1.8251954382171935,-0.9401974734168126,-0.7605807047749902,2.3013953386604853,0.9355301068502784,0.5612196428106256,-0.39328049688241107,-0.9951106912837395,0.6814396555596949,-0.6747380840094387,-1.7868841399500741,1.0943569184294966,0.6680723605890593,0.9426483002348333,2.241599905978719,-0.41775800415604786,0.8750390510601596,-0.9450586607564827,0.07645092065564582,0.6538729649953764,-0.12820021035119097,0.4937124400509221,-0.6333487956577205,-0.672173373064961,0.25717266086386603,-0.7379585462850597,0
-0.7575591047317847,0.6356821323574235,-0.9450738925255867,1.8709152352012406,0.5475660001251713,-0.19889307768184603,1.589459734600006,-0.634395148844022,-1.0414567774845211,0.24577837167320812,0.03441051156828703,-0.9253823147480359,-0.038367395920733495,0.32239920326597166,-0.1983323960955263,-0.08557421832044732,-1.8266993469895147,1.240079796443764,-0.7324604409000571,-0.21290329241590103,-2.3165760115736225,0.4099055110609827,0.4554240706687776,-0.36851971094149594,-0.7407977660565627,-1.1557180078678024,0.4016766142740168,1.1430336867950215,-0.6772557850521455,0.6902176381353461,-0.36718640532609603,-1.3559786919455343,1.4486257783245626,-0.2614285864039834,1.1101371798377608,-0.7560600362004462,-1.5002679429517978,-2.233006929389629,-0.6656469473847894,-0.3725434215664012,1.353930473154137,-0.5338063853879512,-1.468614429816749,0.124953607881616,0.9709529451712023,1.3029326619022086,-0.08037875068119438,-0.2705433334917127,0.3055556985006822,0.02519617510096203,0.04049502039772789,-1.1307521543693206,-1.4745713288833673,2.191070852184417,-0.33700594995932626,-0.9233529164127806,-0.41269000093583413,0.640128917951671,-1.4488745504030154,0.23237236036931772,0.022089722858934773,0.6641416401441359,0.18130861062004303,-0.77975368385533,0.4194685191767646,-0.02394675156245662,0.2221083253785362,-0.11981495367358003,0.4186017184204064,1.1733896090593783,1.6321753957958078,1.3448510936942841,0.830916131186368,-0.9247046753116732,-0.23523918226916793,0.0765017650775606,-1.7847323123381533,0.7039638517239066,0.5917714458550387,-0.09613210589448228,0.27101265539693076,-0.40500443162095157,0.5452118242642481,-0.6427197113024082,0.35637729028660975,0.03625107829555151,0.5350512079108123,1.8077740015549675,-0.5178544294663867,1.1230613436949175,0.7423244750802813,1.987543879954853,0.34292497037753,0.5368493263022067,0.9084874667763729,-1.1307608929421828,0.19673006789692138,0.01262407794040338,-0.19443057381758405,0.05172918119735076,1.0097159411746046,0.06371010274729189,0.15079451506016778,0.4394930371052441,-0.8385899924518483,0.18737283257741327,-0.134102328661374,0.4195944755000498,-1.157955292642472,-0.4164750727441594,0.346906775446296,0.5415792162661224,-0.9402513056619968,0.3904993084451794,-0.6296993147135841,1.8230469147166812,-0.02262606347284418,1.0293528435204278,0.5801395134224437,-1.9115296320634216,0.567045052219295,-0.5078642588200635,0.670054788145557,0.7394943935416987,-0.3670070163902722,0.2668228516801855,0.5294660634475651,-0.23861187002719902,0
0.6710201760159418,1.4970957151350897,1.9429264999668556,-0.9451279694507656,1.1018346483205592,0.862036370766749,-1.9898427554479154,-0.5481118795572575,0.28947324467536373,-1.2275101225323113,-0.26400823309440247,-1.577952464173224,-1.3310007039570326,-0.15336898823154518,1.0906235508671795,1.432640400656968,-0.3863310364318409,2.0995505038144366,0.31597196628720375,-1.3766171280373285,-1.0043037437674627,2.1610548417894497,-0.18349550590010116,0.5565757791895702,0.7306917658428763,-0.6759100435308634,0.7359726389443315,-0.38760794139389826,1.1473717191675383,1.816899735975465,0.15388117796323497,-1.4575878050512596,-2.867909154132628,0.22165557138395353,0.6485756970771516,-1.082990827657777,1.4784224856944368,-1.3538406544905064,0.8317963521887375,0.6449147466776721,0.021619508045545383,0.6457345262002967,-0.6587246956013804,0.04704529926561658,0.25377087912444757,-0.8339092428200338,-0.3200182405643205,1.8162100885214347,-0.42669229777641776,-0.5709360475730161,1.171156913235298,0.4764337515991222,0.2298860607017258,-0.048725275587480965,-2.2843957842462244,-0.40919434420591283,0.664323531927871,-0.6492169974725942,0.45179717628689176,-0.5978947235474674,-0.3470119680168868,0.5115042829757096,0.5492262142742919,2.4248264082970783,0.4944503930175381,0.25476385048917866,0.8555942235555672,-0.7812304377094094,0.03933595483261022,1.2145673347841406,-0.7532408395092272,0.020332652908199238,-0.7549166970593753,-0.599418430106728,-0.26163721345796637,1.0763121130701103,0.09900589539950413,-0.30900279687981524,1.309764170970927,0.009373539633926706,-0.731348143244705,-0.5070944460721218,1.8537683489251051,-0.43672822165315245,0.5781643512384541,1.6642830052112356,0.8375837912793331,-1.2671749905648197,-1.345248921874752,-1.1767411681389985,0.030834436617595648,-0.2759374806589699,0.727438804103917,-1.110564792751458,-1.4739749703276444,0.11359215084864746,-0.6640846082552211,-0.2628343738096989,-1.145299450224437,-1.89848409618554,0.018782762840211627,-0.1931617457389192,0.024315626711032923,-1.1327340519567777,-1.2890975109041003,0.23822762514692405,0.3171827991659797,0.3186039207268393,1.3911513504638935,-0.3216762112775948,0.6360772568068969,0.8376593762206265,0.7637045219222365,0.3813837937449415,0.8462159039526191,-1.1921815184346451,0.421212366457285,0.9127716896995058,-0.8932049589875021,0.024753464756068724,1.3055724188364388,0.261675911816197,-0.8547594185317188,0.4090804024486543,-1.2578810571606005,-1.0258707032196572,0.277369226286526,0.2063934227038206,0
-0.49456844039462644,0.44819869521213584,0.8836040108719067,-0.7574096816447732,-2.1628553100235886,-0.5171050578440547,1.6236894683889371,-0.15471006790500694,2.0667788104896707,-1.2423936923326517,-0.3628180754336212,0.2592942662560365,0.7192842574516943,-0.04737509210049465,0.0976878444983105,0.1595491401742475,-0.6465356138543602,-0.6563368510615774,-0.6796149553922485,-1.729413865492522,-1.4223617899283927,-2.6529555985721065,-0.40779963911110073,-1.6523873016519175,-0.3436677292277526,-0.11894039894943413,1.5958125922874729,0.44461858486934175,0.31885887599709006,-2.4409941854564163,-1.0379541469763776,1.1856611267116435,0.8895112214791427,-0.5725137524629933,0.7003592394409783,1.595777852218856,-1.0382941326969926,-0.40988255299718884,1.3375158029006395,0.7864105863300771,1.0336322266196596,0.6791464614258707,-1.4852823983892371,-0.5310659972591082,-0.08505933055683979,0.6141219605833257,0.7234582986561091,0.5777756884305594,0.7271447270731325,0.40138350507798065,-1.131629341733385,-0.3068871289895185,-1.9419716835763958,1.7045027795239012,-0.7145522384953844,-0.30182369209597565,0.16600231356849401,-0.5820227573754645,1.362371999123961,-1.332359427253951,-0.7231795442110132,0.11139954220209976,0.836959224598206,2.31963558659805,-1.177538891715877,0.5066756088972559,0.5798983244752982,1.273755796660814,-0.14306954762601856,-0.060069522820924405,0.9915930793135721,1.6919927406390183,1.356182570729412,-1.4239305773227,1.6285692050329377,0.5085290534349144,1.3191275417187973,-0.6454105686419762,-1.299583784352155,0.6300894373819528,0.4178922578491075,-0.09577122624601021,0.7265971087475573,-1.5020279817837427,-1.130910713623335,0.41995659912015526,-1.784671738934527,-2.144794818096867,-0.26757939595753,0.12110484440565432,-0.44801562460086014,-0.21871618255363492,1.9395204405690825,1.164332488755508,0.08597764576638559,-1.119862683191229,-0.3820994549934885,-1.7337498425248101,-0.6192868526777648,-1.154304519602446,1.8102817876215134,2.1264889436034036,-1.5754099767674346,0.9785528593083096,-0.3572237704844226,-1.6413934714206388,-0.740042757428907,-0.22889259865976622,0.08662423019531212,-0.8058552445014163,-0.3023214329774906,0.04958306771437066,0.35165308470932627,-0.8521621046255404,0.7032857516529494,0.46772490990378546,0.32614140345878545,-0.6897481200998764,-0.8420243607727431,-0.6332847811403723,-1.1018648705578342,1.0298327766090247,1.1953652899289415,-0.6477685434997507,0.32827122961180477,1.216241738628244,0.9058254664133519,1.9214617938160186,1
-1.284124290788543,0.12519569649249693,-1.64806387194884,0.7599223996562403,0.18060902398249398,-0.21569581527472065,1.283623998617894,-1.699363237334547,-0.7930801035990857,1.416993475644088,1.0410218395232596,0.9372937152096483,-0.5607884816535346,-0.08873399364944992,0.6635030621936242,-0.8184466233434197,1.3247776428590212,1.454483037873406,-0.21315584986868674,-0.08087623631514304,0.6159673553265294,-0.2070087480274834,-0.44612902341846333,1.1512178159072217,1.1329700475054312,-0.5947959599052848,1.5377286617767996,0.3052021065467301,-2.730549877084209,2.573110114681683,1.1621592231625424,0.5489889932473784,0.4101301326333163,0.6592122478108003,-1.4527422454716301,-0.38234571402328893,-1.8411090416606621,-1.1576118570291687,0.26332507771106006,0.9178640640797645,-0.7467426976551415,0.23519274897674597,-0.26525294800762445,0.7663752162970529,-0.1886809483313762,0.9783021402728039,0.43329494197211704,0.5201814783678994,-0.5360624208340158,-1.6925144618680914,0.5196595410909481,0.9078089532914734,-0.7163058494006809,-1.118932946018718,-0.8774576794667682,-0.6647767470476407,-0.2802190806686432,-1.2486553881596063,0.3534246525268145,0.5285574837772355,-0.5276042306885366,-0.6916171819907727,-2.27189456615435,0.6116149760281899,-0.8426238558118686,-0.47151584151044934,-1.769306057799647,1.0235117935109372,0.1915445963284165,0.46492993013400014,-2.62023941549216,0.2559664199614101,0.7050308190972265,3.0154380070387354,0.45678078942106504,0.03287715873964553,1.3058155373094018,1.796645402169825,0.46084999042935043,0.6449293353190212,-0.9089556632415269,-0.8870174105962474,0.40670264292499575,0.4237303077716169,0.9768494121933152,0.5208981797472242,-2.623076664868364,-0.5929517427004681,1.6354523952500033,0.8675368747912361,-0.24737350221589166,0.241656963695682,1.3425099438446386,0.10509253426003594,-1.11803546608781,-0.05871805157658062,0.7974692701888223,0.19977317235179726,0.18079991197851858,1.0930298157060232,-0.36874991197595286,1.1118939815548459,1.7303452263357157,-1.2696507237620125,-0.3638313645459526,-0.6642314592237708,-1.1244078981770917,0.025331159700886282,0.16000710859949568,0.17269613905688033,-0.7644170593686592,0.5059159265572696,1.6580150661479511,-0.7194160143832212,-1.3131283528680988,-0.35867698398112585,1.5773270949279041,-0.7328360273506664,1.9683381627696803,1.8835982945769771,0.2610119917396032,-0.4372949116164737,0.504321747231358,0.829945814159472,-0.10572867514300122,-0.3569056896308369,-1.3649444697706228,2.039329654855092,0
-1.5607354922570218,-1.4796456164798042,1.482867493713381,-0.7247663087883568,0.733830687826823,-1.0152904667543723,-0.013351242181445563,0.6021813392946418,-0.5352729550044953,0.8813076227813074,-3.3376248596294875,1.3228586524596602,0.6354069642341673,0.3885067374321791,-0.830902944298876,-0.30316656961151534,0.20699086587471513,-0.9050074545203259,-0.2166308295693554,-1.3512508909599814,2.178424185839697,-0.09691050937371944,-0.14163325747586333,-0.24104852580453265,-0.5683081538256582,0.27573837597139156,0.8298045391655524,-0.4586110608755915,-0.28948473621144505,0.21047179859144768,0.9181263530270521,-0.3158517026313443,0.22733649412164458,1.374988800695027,0.5681070971717728,1.0751967606816992,1.3260993014404436,0.8640610247644124,1.0180083275721592,2.3938931140284803,-0.03719688182981245,0.09714831430354744,-1.085203187135658,0.10016758152965538,0.3951924344955527,0.7180674107624236,-0.7842974229898005,-0.6668775882462542,-0.015540704697078656,-0.9227114342621899,2.760044545005373,1.7122660396130844,-0.5647989602827977,-0.4175654715051221,1.072441637350725,-1.1469432062174083,-1.9989920305619773,0.3945001829658393,0.34024288874552583,2.119436988844834,-0.14862780335246173,-0.7363073620832337,-0.737736931176982,-1.012792708080869,-0.9756030209427035,-0.2009129944691966,-0.35990406166724853,-0.40137790575955296,1.008046478015716,2.07069621733659,1.1034014702568897,0.8303717923824381,0.60215012596754,0.5725940136968715,-1.3438234969602865,-0.0924234951195842,-0.8854521251165908,0.28047051472943274,-0.6983613878258282,1.2974742704557085,0.4759143007488528,0.6296181289162328,0.2963382923890976,0.1389792176059996,-1.611634880232705,-0.18137055763486815,-0.3589468416963113,1.300049378406371,-0.8521472755192667,-0.2771394657294806,-2.1087964060959985,-0.1976254476541634,1.1364273760723256,0.5290800056898005,0.4593501003114681,0.6804212549978467,1.3113538435811631,0.9314286950836989,-0.5523888362202777,-0.01094027809193748,-0.6522184134555439,1.9277235977740637,-0.9169389477477977,-0.6149160718647241,0.2604522269752604,-0.3392806458445597,-0.8821688817876805,-0.36198388877155735,0.6464747371624217,0.13039237412631793,-1.7436547133902696,0.07285421382501253,-0.56334069545696,-1.6747469155414905,-2.0886832450232578,1.2705944718642612,0.6751130256858633,-1.1036792481196602,0.6333066415404807,-0.6554472002027077,-0.260940525319547,0.41718968390325495,-0.06902931383860685,-0.1483637744350287,0.02348159844739692,0.03149939550049932,1.3856550430708927,-0.43111010692592183,0
0.8767129421013256,0.48260889607665436,0.9404811173230794,0.7047414460533952,1.4253665899760692,-0.19490620577803894,-0.810231804001031,-1.9503014604088256,1.2251330732525005,0.534893800333832,0.5919526649075174,-0.6522456494250242,1.0963870682699708,0.9335648608879874,-0.10912286354320627,0.19491558512890023,1.3675883753764915,-0.33035812824752064,0.003839390790102893,-0.1971137191960822,1.1792132547522942,-1.7187821682597686,-0.9322159374894904,0.8466269504689402,0.7109355864869469,-2.4033657356819207,1.3790123381628685,-0.07880626655546182,1.0320783388551484,-0.3792199280744133,-0.5868386446712535,0.6894921476309664,-0.016090576707690516,0.15329973791968526,-0.1399462675732074,0.6558524163809895,-0.884022762423238,-1.425602766832371,0.0532395411553147,-1.459604867641326,-0.28284498187344814,-0.061634418334493506,-0.07336431311851292,1.0531999462141173,-0.8731566047366258,0.7077994086678329,-0.331611440234679,0.42942161001311746,-0.5096906432317719,1.5744802953277819,1.1361307605420994,0.5173044446180957,0.22548632441684022,0.7932004747556146,0.0834301201623571,-0.6624428547339403,-0.9389682816139913,-1.27836064388385,0.6439698423516508,-2.0238406085054095,-1.8212515295132237,1.2070254189995286,-0.8945692365853576,0.17160024128898121,-0.758817186793078,0.011190929296544245,-0.1430168449273848,0.0023165540036740647,-0.5996755191155513,-1.1591412247973403,-0.6004960286448512,-0.4112023262662053,-0.03993020130780307,-1.111344039099468,-0.9244150306256234,-0.09178201123303056,-1.8125032266218208,-0.8285634565682705,0.10988010221538146,-0.17606235109068155,0.8638253874345864,1.0607843182084715,0.8083568147757446,0.7530277181916161,0.08174507589827584,-0.1755647505348669,1.0957017082722034,-0.24758049786995187,0.2861477553770522,-0.5608944746756951,-0.015184252049077135,-0.5484689665425582,1.5094314334639576,0.06215812762588329,-0.0075742095391082,1.281851467748868,0.7903460716636247,-0.9988249095744489,-0.08708613516136096,-1.3933685294821572,-1.962805770144314,-1.0047860216137734,-0.6910587452669072,-0.05699204102755404,-1.802749824400455,-1.2836673810856665,-0.6360331911364049,-0.6832596142316923,0.4571969486513501,-0.6701900957290418,-1.3907106617082867,0.05656372461066245,1.6502048022691933,-0.2862405542116944,0.6151866610334845,-0.5099082082994045,1.524290048326566,0.2877572544829657,0.32527755637181316,0.6764904822221534,-1.5115746571906095,-1.121310743229364,0.9304065948621995,-1.9252710167037943,1.1573562082858655,-1.2268646642221612,-1.4175681998550451,-0.7555309898222297,0
-0.32460639018630516,-0.6434476145130785,0.6036723967710894,0.11561193508745,-2.234883636018372,0.4716505726488537,-0.048133955614408454,0.6830520829673665,-1.4780474249497115,-0.8352008394604509,0.6422659489844406,-1.0031937288606931,0.18436121112517648,0.8054130693784379,-2.1405425571877688,0.07292328570957224,0.9457529037759359,0.41809154675285676,-0.2255508358094867,0.19251204073054093,-0.6321573889895318,0.43888813222036716,1.1831937377575008,-3.340304728447582,-0.351113851546208,-0.11358065479003294,1.3177574242008194,0.08952209700089142,0.12708310119116725,0.8061049705711675,1.8711840445595276,-2.3015924004041275,1.1414766125700364,0.3296756862834429,0.5243941480059333,-0.6574089414735045,-1.1114286232756463,1.623058482135218,0.19881859503515362,0.7310157575598378,0.470185399802175,-0.32111694491534654,0.625396077442798,1.774460791577051,0.2667212882732174,0.08553246899881514,-1.2531754319258228,-0.5610474707049705,0.23343692119790813,0.26483546694012133,-0.3281970254427911,0.34494685652182056,-0.07715630623703401,0.07807673327150567,-0.3207721449590837,0.42909946311232183,-0.475378885525026,0.8747813927752884,-0.3259153036736242,0.8263013679701936,0.5442452986153883,0.3817090587362024,-0.5239930045688674,-0.6560581612224161,-1.2665784411492307,0.816997991881257,1.5372423494142966,0.13965741117892047,1.616072221335823,-0.17615006703545924,-0.004880363425501092,0.6800553888171823,0.34585492653532846,-1.774300627714716,0.04136837295646866,0.6981259677907519,-0.3464924199175095,0.7839952546354751,0.29226415388194965,-0.7896167596067487,1.011798247827432,-0.011732761182207705,0.0705211613104787,1.210000268658091,-1.901369167463475,0.6342741705463126,0.19948176339447715,0.8114499491785115,0.08421397519208136,-0.8603690178475618,-1.527736976012904,-1.1706550738788408,-0.4361762511872242,-0.19024719112243968,-0.7623510723885153,0.4670819414830706,-1.4886106862009656,-0.9980110211545805,-0.7302308529297542,-1.0428834165403986,-1.0008481150955955,-0.4934966550359333,-1.4921765234943247,0.7017906490489745,0.8558351648761456,1.1255966341558548,0.5819889693397822,-0.11661106033265785,0.8019921881067751,0.15683189677068374,-1.5750099249732574,-1.0036048087949014,-1.4613077455990904,0.8656026374573881,-0.5826960150578513,-0.9778011847994518,0.27083170397342266,-0.4011347595207621,-1.0675968720552202,1.3559778267338933,0.7354911807721937,0.30235576070518644,0.37570472176513803,-0.4948483096586777,-0.14218550836017327,0.8592793569136805,-0.6457003584769471,0.43631955547523343,1
0.03019176398037367,1.4970029750112068,-0.9001796935314508,2.4352816880730446,0.6895573361583931,1.5436915260350361,1.7809972301657004,-1.6922645279552753,-2.563413355114919,-0.03946691992649879,-0.5827029818901871,1.4179967367510833,-2.2969269341387144,2.137162495980671,0.6612972866317556,-1.4290338777160863,-1.5542723814288484,-0.2223620502779068,0.10040157711476541,0.9171526189090194,-0.7172894151418815,-0.8818455720659021,0.08168480733330562,0.33978339556643417,-0.2638589152729969,0.5702525869330409,-0.5203131684741533,0.6111819814987459,0.4416136491530308,-0.06975613814565795,0.33304537059763756,0.1591856282739872,-0.11727896849575241,0.596168081139435,1.5089120777215586,0.4667263059091342,-0.29161655486284993,-0.5535094193815269,-0.4702456348086143,0.5533673947734828,-0.781972293118628,-1.1788804741517802,-1.7038311345657897,-0.22962053792458526,0.370667366357069,-0.10242923482862179,-1.1827024808729825,0.47880197564563315,-0.6047181419579443,0.2440693170246819,-0.725468424073587,-0.4341537387729206,0.20474781180377027,-0.6656440151980502,-1.0866315749392017,0.49573416537232246,-0.8155043563669007,1.066803520934543,-1.3186891766192705,-0.7201273630542736,-0.29345473935044025,-0.7530580207864144,-0.13802648649635982,-0.5223451191075497,-0.43755731087782934,-0.012763964833868912,0.18088346598583607,0.26899564605646686,-0.021816016453311833,-0.37412156244069,-0.9362577998546185,2.0115500263599038,-0.07031269850911596,-1.0994626575387152,0.8074807184317218,-1.0958364673600132,0.5597571675551443,1.6905745847315174,1.6505236806022154,-0.08085758811242151,1.2386396661399903,1.4040320546371912,-1.3131234837876367,-1.982284855666577,-0.0998657968575926,-0.5958598359786431,-1.5137804421790864,0.4133510497651811,0.4419574931092852,0.21537731928439025,1.7425290307932304,-1.218627504486485,0.46263485847509866,0.6122575385100963,-0.14734714143094324,-0.28199650406703564,0.14024548156519132,0.1244089241074688,-0.5241586909926599,-0.025237335622976774,-0.13966527914726812,1.0141620451115205,0.3803832177984745,-0.4220631203839415,-0.7612582575212672,-0.7413953628648092,-0.9352481052534579,0.5575261425380051,-0.4953024185936712,1.308481069898552,-0.5997126961382477,-1.286548064611488,0.21203970254073584,0.3168894041595295,1.5497667974604905,1.214565956706474,-0.13175046957185424,-0.6614116841384448,0.5645493742702528,-0.3977629439089806,1.3602101339461994,0.005484627472288304,0.8792265885899321,-0.16054046495301869,-1.099516995988271,-1.078789078649912,1.2756761998058626,0.4152608756258776,1
0.7557261500031498,-0.7480505461934676,-1.8113968397691442,0.8921847336539587,0.3094108882023522,0.5082864057573279,0.5129761986885536,0.1063518521389774,0.5331120857088333,1.1122992701630878,-1.3851674540970504,-0.022725266680197316,0.4872177497578272,0.7628082313954704,1.804393461622274,0.06566674247246032,-1.055388515238976,-0.07369627903647412,-0.792331205032837,0.2258521168158478,-0.8552451847247646,2.1750878392126944,0.39664617975885924,1.362070803855045,-1.3123984004136195,-0.9833463926223122,-0.9123954596412642,1.0880392202063018,-1.056146134945975,-0.6895480061815525,1.3275058861193503,-1.5553436187501046,-0.6788974579545144,1.0207390314725389,-0.7186048669913354,0.8840634706356423,1.2767427673499232,-0.3052059786970846,-1.3016634268203047,0.544711641669487,-1.1387059836795712,-1.0449990484100484,0.500260056955291,-0.3930382618646455,0.5832550528656962,-1.7783448295985074,-0.4494368611425001,-0.158865596203093,0.48041681916082746,0.3558178793042,0.29714447177109676,0.394677573445889,0.0534464260845223,0.4684756975810547,-0.6026041108808429,0.7998233457502009,1.5218300491134653,-0.8426552701662222,-0.9514833496115269,0.06530999715191434,0.5674847168631025,-0.015958954222262452,0.849660451272535,1.0686613615980198,1.210154114755413,0.9445627516378124,0.22647946121431833,1.3380955316340237,0.7071672177614885,-0.3118511211618612,-0.39950654912375266,-0.6213661309709421,0.11524742268797544,1.4026041328078345,-1.4163965853850466,1.096468721901251,0.09688073078187058,1.2774606523151368,-1.6131833753509044,1.1300208687372761,-0.2427405860276712,-0.6995325585589799,1.5943813945845844,-1.3413197999759805,-0.8843105200083806,-1.3049985540923377,1.4136807078657352,-0.8385788907493646,-0.45931370463090565,0.6280750913580853,-0.5015367705919583,-0.1499142877717009,1.8407887823129252,-0.12977565431156277,0.10795195601336578,0.045888566101162,0.584591059896788,1.4456542812881201,1.9896554268943278,-1.5460518749142271,0.057828527808177974,-0.0780459275729247,-0.67367721345791,-1.4527699037666242,-1.2932208587748166,0.8503751956946527,-0.7537974484720777,-0.8458533327869348,0.1136932521559355,-1.737613133503716,1.7647432507918188,0.34083395902545066,-0.027698946492488514,1.110895105786189,1.835512645649831,-1.1071606686044653,-0.4240611377777307,0.8256066734665954,-0.1568173950721212,-1.5025072874841827,0.013924104448510485,1.1701490843765938,-0.6143078063853112,1.1330604462564282,1.170452465449746,-1.7697730640843552,0.6990321087679576,1.6408250162131908,1
-0.8512540422432792,-1.2760079701831604,0.5993704295213943,0.5228228600421182,-1.2953842708771082,-0.27950592834532995,-1.202678384246201,0.0056485679371905285,1.028453869966251,-0.9446113289117997,1.5271805663974756,-0.37498062893853745,-1.1586298119127076,0.7678226625233987,0.8229305094540764,-0.2792600194757458,-0.12548024260351082,-2.2527448971040918,-0.2806730242382775,0.25449683735091355,0.7888120823535921,1.684934719922826,-0.7374049952073972,-0.7487544518009798,1.3339748530295383,0.5796819308237745,-1.0528324184079862,-0.19167860716858526,-0.16042557412027486,-2.2479752403874746,0.9924323400530636,0.7648379942722371,0.0997197457123313,0.38391687002630015,-0.6734585829738075,0.9796282564230445,0.8248987743160804,-0.9616944179294874,-1.5367021289050586,-0.2265505319245243,0.7033206888601046,-1.4942564309067654,0.5963395697284963,2.827580684580065,-0.6092846975402941,0.42212045432783796,-1.6870697581319123,0.5691431555106357,0.14518868962269238,-0.30491816709541586,0.7359515006508643,-0.003955739110697783,1.0772750633222543,0.9971680855860567,0.8650284599281914,-0.4722748744639155,-0.11487613624023277,0.777941506888725,-0.560908052781129,1.090854220738144,-0.5726246752617418,-0.2377343625428631,0.27903599661968437,-2.0651455664102873,0.9553573567863075,0.17000975459675155,-0.3587635094773243,-1.677719040470537,-0.587018393381914,0.33683228878148647,-0.8858839785327318,1.3663915263429398,1.1049534289921816,1.0885660286981471,1.0496763140238334,1.0545293102060844,0.4667459201861016,1.469323634077461,-0.21400391982761208,-0.15418565001724624,0.09968206332992195,0.14715251739077373,-0.28177006710866587,-0.9863535730280851,-0.862940254251553,-0.46123507772519506,2.275897239855904,-0.7381150930778438,1.6133070222683006,-1.4010298669738193,1.2852096563354447,-0.5440660055109647,-1.1068933080925005,-0.7773862308854239,0.3725715155692918,0.9603369071905626,1.3736560853857207,0.7445390920580294,0.10386327567990347,1.4602472562652358,0.9492538942052086,0.8977454320663054,-0.2862621729357464,-1.0410254453504462,0.232015494330394,-1.214324680250947,-0.0625139441195417,0.0728636553460604,1.430413329527718,0.25057071606230824,0.41925424224627195,1.6879311209363166,-0.9778450586039313,-1.815664039873121,-0.8266852916468399,-0.1912959575749695,0.3604611699898738,0.27454210113672767,1.553440328714866,-0.8466222308232705,2.6475953948979822,-1.2503090101903913,0.2107374051517802,2.034753144939798,-0.6826959622950941,0.01645013014571154,1.675212450022266,-1.2628500559668066,0
0.005615662032503823,-1.4136381385034027,-0.035882997820438176,0.5770802300655828,1.2245834002930778,-0.902133582870749,-1.3721021786948882,0.34223042918195273,0.27031635079080474,-1.2237425091639937,0.07341489289960491,0.1381290617411475,0.731012323297914,1.7966018245846767,0.9485217689375687,0.33509509264101306,0.34307034024940736,1.703488423360375,-2.031833801116927,0.5751291385733934,-1.3835741927868581,-1.9228029173888475,-0.2088070123046032,1.0352764640967778,1.110342428445514,1.547812532536011,-2.218255162884264,0.4802809253791157,-0.6733565841004121,0.6536373281017352,-0.9990383376162137,-0.2724042949393217,0.5533334894307648,-0.7458641843997129,1.1434266233547128,-0.10820208183703378,0.027683581061512953,1.0106013462712895,0.9889820705880886,-1.0317236644213936,-1.5754493851267475,-0.7656624752384672,-0.3967837592488879,0.3210762258117001,-1.1978818487864775,-0.26946639174579473,1.253933112953616,-2.335583769223707,-0.9744311986649162,0.07022001967874485,-0.7506070877011283,-0.8912517639815385,-0.8853281386204265,0.48671480399440054,0.17335743955082478,-0.4489450773590285,0.8211385845189031,1.2397165133624395,0.982968986037253,-0.03807551051475939,-0.19531162492182888,-0.7581291098475135,0.14569925794101246,0.10601917616304682,0.7998115132744675,2.0220140647867506,0.7672840411003805,-0.7363338701859543,0.3545659718568623,-1.630654750988828,-1.9226157880098047,-1.667893314700644,1.7407764357976407,1.9882607691959058,-0.48135978989169553,-0.16729077405429812,0.19249332013639814,-1.3515722492068627,-0.9427453423213593,1.5047357596695132,0.4652119454029995,-0.21378545786592146,1.5230262602185478,1.1324896773543738,-0.7660905129301087,-0.8338899062347644,-1.170858549486981,1.0997242626265853,0.9148878682242948,0.1674121250731064,-0.17690581733726543,-0.4506529160516077,0.20086774232079216,-2.021712668512036,0.3056283766005079,-0.489385567978823,-2.650084346867032,-0.29291035508710134,0.3582842611791466,0.41684365310597715,-0.15198422105104553,-0.8759231258054259,-1.169920410934432,1.279916296978914,-1.7490947663169663,-0.6716222773596974,-0.42734290081122406,1.813405591721477,-0.654422653904643,1.8418252243433502,-0.6530014050533779,-0.036023079348441095,-0.5930523207368116,-1.1989786420057227,0.8776762851581927,0.26150084596740397,-2.4055623829092396,1.5968813167957063,0.06813898618683216,-0.6539857014283619,-0.40051152319408584,-0.32862597545553474,0.8254464226881594,0.10465260914891018,-1.2814708825028682,-1.664451180020251,-0.7770501387485084,0.33202289082166,1
0.7236724593436414,0.40584889553315134,-0.17253953427562885,0.6050304924152857,0.0026484776432743706,2.0324337437953486,0.7267219819339793,0.25072605596814146,-0.9329753662238699,0.7664547489487828,-0.9613172253965455,-1.2274443311189294,0.805149127399993,0.40434997667917333,0.38374948691655036,-1.0157063178167145,1.8857408488607912,1.2433820795363388,1.034053856698878,0.9595988808066866,1.5267140026748884,-0.5410101760955605,0.007322561832472219,0.2609186768272153,-1.5053350788669908,0.5427869578511428,-1.180900671238474,0.2238650892555266,0.11257815907929257,-0.3869425282003584,-0.4824545030278834,-0.4389429759912889,0.9298623155644531,0.086798238872552,0.5734476843792075,0.595740653486333,0.47071604078466617,-1.7514144807110112,-0.705676017354467,-1.1822848717414576,0.07219636198178667,0.011605419801037225,-1.2074125461057759,0.4455875205940373,0.7871887964025824,0.4585889174245122,-0.013934548630528584,-1.8494129886087267,0.08972659331877011,0.8568806971677146,-0.7870890338541074,-1.7169281142191217,-1.1766358088353333,-0.4992111969470595,-0.014810289524408686,-1.545406426474624,-0.3713523435343536,-0.2193347550821215,1.9127265884112494,0.6219459296737239,-1.5694451760718662,-0.10901149765487651,1.7276183279650208,-0.7454923878456374,-0.7242576403868153,0.6556806814916039,1.8368019693247493,0.18560883735825676,0.1446459166626279,0.43677005206167246,0.6927646212728786,2.0223180514284547,-0.8531613065221572,-0.35528810779357894,2.102838583227155,0.9848567121463389,1.2717659536636254,0.5317952684878982,-0.05453405776019153,0.7450667044024083,0.5003133568334214,0.30675747027592387,0.21466542458020854,0.128761215596521,1.553595531056113,1.028556508481758,0.5089222881772936,-0.903191630958566,-1.116608652109864,1.258072908193031,-1.2361677437816156,0.48361557098181074,0.8858296523616925,0.052970190749620984,-0.9560458824150563,1.332144425041917,-2.2393772891566504,0.7855630085100997,1.055308236485743,-0.4577877733850441,0.19404888456152308,-0.35917958559865404,0.1103284657166759,-1.9408228972955222,2.312208737142673,-0.8020714950876037,0.8934060924462087,-1.0850620674141986,0.06347934946108715,-1.6439832915072732,-1.0902005782097717,-1.4425837276901565,1.2885190385517422,0.9989223710883705,0.45948721012055904,-1.8799280147825577,1.0270390238537217,1.5536015635542821,-0.4825694606184631,0.6936695456990094,-0.6044905274303612,1.4896675961109858,-1.277743003402283,0.17062295839913996,1.2735160936281236,1.4620903612429295,0.12345281327869972,-1.6403588643835973,1
0.9793421929353916,0.7106489357027321,0.5460010038496066,-1.7651310911619817,-0.2915413007119472,-1.0340082613932249,0.020014412490045833,-0.43480060394875747,0.01896431569892594,0.006092521807583708,0.26430799825447365,-1.540775942562635,-0.3536709780660442,0.7145864315909791,0.08625015392426182,0.08283835003253254,-0.7121532165071277,-0.508064985828659,0.7813025306586174,-0.039306388737115,1.8665752222987062,-0.7190360170981895,0.7767454509883285,0.6275211224211484,-0.7723268695383826,-0.43399324439320114,0.6011681222187141,0.2226290752154016,-0.6911084027096703,0.012440039176953153,0.6562166823789282,2.6696334281481557,0.0876705017501571,-2.8996843521068913,-0.9656932197089849,-1.9217472950456698,0.3210245164508841,1.3310623051262633,1.3852603907233105,-1.2694719963288752,-0.7410251497179259,-0.2942184970988562,0.8833923103419867,0.7312958687501828,0.678544372300725,-1.8330844919472362,-0.40088628908088586,-0.3374342265384058,-0.27651461615787903,-1.4436409956196579,0.3020155232774543,-0.8777514869572118,0.7604144805958949,-1.055085111656092,-0.9514402244370145,-1.016964790061878,-0.36146331076989285,-2.047949039218611,0.06478863518272059,-0.29547525498428623,0.0861372835261323,0.16478629897990363,0.6609722167163755,-0.26517199793852697,0.40447801387410437,1.6884403234834104,-0.45200234002132045,-0.311742692228547,1.2898332132761934,1.8894651927848105,-1.4064008674900323,0.4371547354303012,0.3085352760403047,0.40939747958623424,1.4351051624275672,0.6617943414731323,0.8519910203872181,2.483240019392267,0.37299389559612556,0.3830556593650523,0.9193621274561669,-0.45782704385559647,-0.4953224915316301,1.0914764075459018,-0.8364147960211494,-0.7040059496482483,-1.5460156856628573,0.9518953190900646,-1.2868012739371895,0.5012860572680613,1.434137998563938,-0.06021769589522048,-0.0666424759853477,-1.6106935259248383,0.46355801034324384,0.5063704051995241,-0.6014236499936635,-0.4821375878893882,1.4380076327739986,-0.4921214053149706,-0.09560100796751198,-0.3385658005210816,-0.2806054389463682,0.6171851490414803,-0.15164278900704523,0.8938416890872372,0.3676394844342306,-0.295952629487022,-0.6164586741334148,-1.1149826383842292,-0.09781817764175549,-0.23392530887253066,-1.1717757958879476,-1.5976878104195438,0.8977933299318331,-0.05916601846724888,-0.9653379280721163,1.1989461402895574,-0.08255237634271309,-0.6084198580853081,0.15336259711311848,-0.6279801341631479,-1.4595356297799917,-0.4796950640974943,1.1144617595244664,-0.8788208317962751,-0.7950245559357781,1.0607717890984816,1
-0.8457769395716433,1.9689320209560743,0.20194989107122086,-0.5800710832315283,-1.8377915131319502,-0.7092333882970043,0.10752461870738564,-1.023515972461657,0.929002160595076,0.6381759156574117,0.7349961351493862,1.0249544563389401,-0.9883697422312534,0.8040160556685171,-1.0732125462028146,0.04429629948233849,1.156538875431726,-0.32308295459880365,-2.305076595359814,0.8508187719632222,0.032751697438773125,0.20579327433179775,0.691511115388529,-0.6223007529658843,-0.6680336947961364,1.5141539253339935,-1.837470281009169,0.27593145866027724,0.8764715530523476,2.05543252945968,2.2226858466349246,-1.741746211969519,-1.1864200771496984,2.233163914611607,0.8547825301743062,-0.3682106004702098,-0.13314079556825853,-0.004095860371960715,1.0597249157067652,2.1470423635963702,-0.8330851694139432,-0.8886649753112041,0.5456505262321971,1.3361062405814423,-0.7795282485070864,-0.8910146860327728,0.4862233813545982,1.453139369263424,-2.42873332966373,-0.5235685784850626,-0.5581641966217883,0.6853566832933292,0.27699406599754506,0.943192495235373,-0.6973861658708643,-0.8128922552425083,-0.20069120375587446,1.0048807512490994,-0.09302672328007985,2.3014844680200026,0.027279053120857058,-0.9125295346008216,-0.18891985327249286,0.24073639265064634,-0.7879183261460725,0.13891780634123757,0.4464681854595555,-1.1802078619964522,-1.1505186003959478,0.06738750628492796,1.120187663029817,1.0287841175048271,-0.3235452923986349,1.1652579338914075,-0.5818708136654515,0.04635935415722899,-0.46207504554949497,0.5471180073903634,-0.49311022169764285,-0.01664097496666978,0.37423884846313954,1.6580756136495753,-1.326133618370712,0.10804571147618658,0.31209359990878743,-0.4154052893736016,-0.11038905940692909,0.16614181247848359,0.8695330337416007,0.9851314621826649,0.8490671652602146,-0.15628488030236629,-0.2454967496008295,-0.45210740731424703,-0.2322549934741177,-0.4945148546132986,-0.6691592663212087,-1.9449925705184632,0.5965538222512324,0.33280525106315656,-1.2268719111647772,0.45646694059704057,-0.03441554702671208,0.365259162623642,0.2968584313704281,1.458351896212864,-0.10917873185472067,0.008304083665756717,-0.8048037297245502,1.3205798449690456,-0.1449571490270713,-1.0854980366646207,0.036254657627830984,-1.2209568444596017,-0.11514724518908957,-1.491869857229092,1.2132338574823798,0.20253312695418896,0.2921459160929181,-0.12528432249166807,0.9714370823558344,-0.7189092508833929,0.42116826832908394,0.6620089263522779,-0.37049445647935114,0.13481397250122357,-0.04035850372131354,2.653065336977795,0
0.027835371934938204,1.314371690908388,0.19477938917215618,-0.8586699637971821,0.6437997652173665,-0.5862378736821773,1.0043434682964334,-0.5672530272567147,1.0233281693954352,1.5637895730826572,-2.041417445579494,1.2389462679419831,-1.4299737668889154,-1.3473089811683516,0.6727099958160738,-1.1542629382169007,1.855877195340057,0.03420146406581345,-0.3336569921054124,-1.146896282185276,1.9183576705015633,3.1500008703011178,0.08017770805541996,0.05484728740491374,-0.977709871261159,-0.2616200307121356,-1.6133095620742368,-0.6417609787283552,-0.271316202951409,-1.4195237736435495,-0.003493689201893872,-1.0796407048016785,-0.9675831769599695,-0.6684440847286223,-1.2772785541105511,-0.053814583188827314,0.1310226813025294,-1.004253094960425,-0.46098524091499715,0.9065328931934739,-0.03767131272530482,1.375663275239701,0.019728722104041748,0.20327340733262186,-0.3590243117026913,-0.3416735421924486,1.009705000247772,-0.5008366324562962,-1.5933671724222105,-0.5768343109949824,0.6829204104473117,0.6529748162125604,1.6413670993762857,-2.4899138663711717,0.1772988493618663,1.1164847313732011,0.5530144876280749,-0.5997509020471204,-1.227293096388292,-0.08418332425473167,-1.2884343479470943,0.4494462362742311,-0.7750101412421309,0.7528037128528497,-0.7119171922675112,1.03708995568341,-0.9767327805208544,-1.2350498933810807,0.10024487838243776,0.6490003130546285,-0.6104147502361229,1.6262276832908096,1.9859641223424,-1.1436360761239166,0.596533913207474,1.573718906583724,-0.7663721604678545,1.1905020861219324,-0.6764389030577688,-0.438691193669434,0.4615988779275988,1.3975000168326825,-1.6247707192660328,0.023125503616508957,-1.2345852395767467,1.250819610310391,-2.073719400346772,-1.0134218511422028,1.1756050230233914,-1.309233564439609,0.9870162284016499,1.3337135669872715,-0.7804979727810295,-0.3091285124205006,-1.0322460851591373,-0.14617744552071166,-0.12504875943654495,0.9207355202669653,1.4479239329408449,1.4466390703418917,-0.277951303873876,1.4340294923343266,0.953458944790346,-0.3831968552200941,-2.25181520627955,0.6347191027001717,2.193717741099808,-1.7897788235016237,0.12836661673908764,-0.7507405033561816,-0.38364460053897986,0.5990620201924174,-1.8079259656783084,-0.5102876037110669,0.26254673891674674,0.159270285204254,1.1970865392964896,1.5120239675415705,-0.6151174352067775,-0.653419652655233,1.0182891834108763,0.5247219080514824,1.1931375751839657,0.6200057527952523,0.796252991149374,0.041476548419382225,-1.0241746488641976,0.668604103519874,0
1.5646692999347962,-1.0758158655625687,0.45037154340650903,0.950600949625421,-1.743267717541553,0.4066817841747201,-1.553640921258435,1.6023261043465515,0.2829505766762471,0.41380852751984587,1.536107971489201,1.602609878741919,-1.519757816224784,0.5434595494377669,1.7685103717225765,0.5300633875005741,0.8925311597142345,1.7593722196045964,1.202765950575068,0.4868089163762364,-3.7872914506963493,0.9238934928124584,-0.8738091149722601,1.025870235488558,-1.5697523792313228,-0.5783490591435357,0.10621800525732725,0.4751957072389554,1.2391372667782925,-0.1161571394708665,2.1572716620893657,-0.1832312046828408,0.7351010978348482,-0.08583317999466915,0.028349378784342252,-1.7119189963655115,-0.3299905329713427,-2.0452387682634905,-0.5168636178843523,0.4109424441945963,0.055505250863625705,-0.11716754989200767,0.47305265744233443,-1.3660158948135326,1.575221326557844,-2.961170737124788,0.03933830695558044,0.29790026325426366,-0.00818559707316018,0.1584984725616876,-1.269470957410251,-0.9847721455909791,0.3981999586383116,-0.13602830388784573,-0.5674437846032095,1.4955083005830858,-0.15989696234038206,1.432701936206399,-0.17375623333740775,1.7287238772027187,-1.4662778718586085,0.8811002019305089,0.735228011795612,-2.0112474809080236,-0.07025629980297356,-0.828248620559236,-0.999506902142186,-1.423067553912591,0.7513859622750727,-0.018348826897803455,-0.5017687890964382,0.025131592589545063,-0.5618634804641148,0.0003894529035295067,0.16995768894386487,-1.1611982715374491,0.5972021880917604,-1.365221874968227,-0.07745291286451925,-1.6183961669105023,-1.6810250123012171,-0.8356166428997933,-0.3379426702859093,-0.22367003275139039,-0.06164458669536898,-1.3040512652526193,0.3452432899022147,-0.45929134976400854,0.24250164531182025,-1.0087460553677112,-1.5575806038423525,-1.0576076320535774,1.786081231372649,-1.2470443209068816,0.575986033844393,-1.0427825957393102,-1.333294957031483,-1.6365179636396958,0.41125932970831797,0.3947256958913541,0.8321666844851072,-1.1223346306964843,0.3053939204007992,-0.8182508622975782,-1.0992665148766734,-1.8105931490667801,-0.46072056674981354,-0.9823983348763597,0.8572553425679533,0.3625283041699341,-0.2769314552832032,-0.010043453902036504,2.051752570681884,0.18801941396000843,-0.794675881602026,1.0679974740510327,0.2742460704426193,0.8660222949835626,0.7680177679274174,-1.0199576636984244,0.4804038779154722,1.7155215775563093,-0.28951751980436125,0.37011163731229824,0.9579605910053784,-0.4268012706330966,-0.45944013103328724,0.9178191649350881,1
0.6749608907772647,0.006187507201158168,-0.009518699385971274,-0.9455798925850702,0.30293767635327024,-1.4456230320481418,1.0213156287634118,-1.8073769091355263,0.5132952959737676,0.6488734441109332,-1.308854185635102,-1.9621129310154068,1.3335757263877148,-1.873809781762246,-0.2595507462946287,0.007217357806805585,-0.14434096138233998,0.26403741428026267,1.955825076334778,2.097823044780685,0.45638550277034134,-0.5008635041067372,0.1576506838739124,0.006146253197701854,0.0012676402317628938,0.46562600588242986,-0.389177786880996,0.5865873443070595,-1.5087321823946322,-1.6507514665317007,0.9107307040048439,0.41562879877039316,1.5640574763888617,0.2477202918803808,0.6673967225472613,-2.4850902940901767,0.22149801714597342,0.6287848687857182,0.5580154807036801,0.31762760274672913,0.015066491111834364,0.41291544893730253,-0.5982862080960826,-0.1884467217194911,-0.36237311708771847,-0.49397564210242567,-0.678701866424498,0.11183878331855798,-0.2519095084015467,-1.0782457587573435,0.6072087589317214,-0.03904136632679516,-0.41982200551033455,1.129109056601215,0.3951614877953635,-0.05624981689657766,-0.2613728748049746,0.027497300812336582,-0.6246150361301438,0.5642541181885394,-0.5981555294969445,-0.6900293135895066,0.5351192882612775,0.8729191616623775,1.34937576646237,-0.22141834911837316,-0.475249574675883,-1.243405097203608,-1.0100628654167887,0.4883658460095355,-0.7635949370931908,-1.1405734052471963,-0.3911888645143477,1.9989121291371883,1.2366506158056552,-1.521388448486747,-0.7324378584994988,0.14089785720716475,1.668143536534321,0.9395406297988084,-0.49465632454349656,-0.8582366056457301,0.7089653340575511,0.1033227067956585,-0.5555635807393102,-1.8802169238808335,-1.3779178819289764,1.5966355020211156,-0.8610413281768234,-0.3048211218597294,0.06463478007745062,-1.1434701521376724,0.2481231344124288,0.947932264864239,-0.7344450121821776,-0.585233535040331,0.049532410719970235,0.929226303741499,0.04725134359843993,-0.8802604463282434,-0.27278811854681545,-1.0879877708617431,-0.40237040846825106,0.8603814908884058,-0.06286405445860214,0.9138053341738012,2.537424960411697,1.1105622469821794,0.4656001597929653,0.38211353874422227,2.4191478398193893,0.37454338838148615,1.169615481001816,0.30911762224836653,-0.15079901405315524,-2.205272904710459,-0.0442872209492077,0.8187080186823651,0.02151703333945141,1.351530922577131,0.9565178009704854,0.0010518137130184203,0.7627804756550309,-1.3959014499510982,0.23282634777860253,0.4593769093983844,0.2993025452400925,0.37864771721352175,1
-0.8941012361908917,-0.007875322691463266,1.1860982847134582,0.9481272060923944,0.17531861057442594,-0.4795210833527005,1.1103136459631044,0.3382908463774839,0.2954034480625477,0.007546287499081036,1.0297150855394108,1.4331544484194827,-1.1115968173198023,-1.617292138373853,0.6455267378724633,1.0716522068095173,0.9766399838024101,-0.8570661750324314,2.3578900825969606,1.4080121890873145,0.16205333946745976,1.0223627439782978,0.44486499772746635,2.33451229246386,-0.04148445157906752,0.403536873869669,-0.882579177256103,1.0363048035670823,1.0735857124915096,0.28438959371665656,0.9006382516750313,-0.3646440025505381,0.3814524676484012,-0.7871329752009325,-1.6940136342564078,0.42901399188240646,-1.0087740346879606,-0.4962848104188705,-0.7234888956467829,-1.8368082284877327,0.4519977037025746,0.6565068113189425,-0.49194277527727265,-1.4678177834262127,1.0716487020546663,-0.3171102583931291,-1.1431157141186679,0.1854068836220528,-1.108837193335036,-0.34833048745505646,0.027464413718020844,-1.830153835034986,0.12856070809597755,0.4039870769264546,0.6031495481071986,1.3822303725586822,1.8918724298198417,-0.9943408831007454,-0.34089065907078064,-0.15618472446359083,1.4886638532357035,-0.1947528070078219,-0.7605481490402775,0.5701397056230418,0.3551668361209795,-1.3092977082214237,-0.3900246316708418,0.03448739919300199,-1.0027921967731774,-0.643860508581376,-0.34016096115997974,-0.3934473586233824,0.4678536858647191,0.06982093756163354,-0.32492195587103556,-1.0624338894401733,0.8987373614874837,-0.6817519590394122,-0.09765579197711761,0.7832751729292197,1.642380537287745,0.18188863242834066,-0.4182359091451669,0.45466424565989116,-1.4454198347970773,-0.1330506642283719,0.18749054532228307,1.1296768430480253,-0.7001881209743732,-0.28904892176029173,-0.37126108058521823,1.1546108236326278,0.36828690820996296,0.6239004637569403,1.5934110243206723,0.7820523853342578,0.9328810934843614,0.32888876514132015,1.947218251175447,0.6091282281679599,1.0680844368695745,-0.7573832217037348,1.4750677720382086,1.9914717104360409,-0.4165305315196696,-0.6511584341872518,1.1453220154348047,-1.0434424948561172,-0.06161586286500278,-0.387224510048933,0.41164957937954366,1.159845944385285,-0.38385919771543475,-0.1397423343861899,-0.05469306882690118,-0.34260545267922954,-0.6222930231069934,1.0161151189122375,-0.40834236489592723,-0.20734498438671928,2.15472255371074,0.8102078801750425,-0.6617244546363406,-0.26233063798493517,0.11821847085009846,1.2187152548618345,0.8747973733850094,0.9439844181154584,0
0.3251595855071343,-0.5995087426178352,0.08570200321506688,1.5201961194533131,-0.4174606784752802,1.4208121404259033,0.17734328982324388,-0.05456434154944938,-1.4911482040705113,0.22043734179653815,0.17392903149333283,0.7809402724815792,-0.25113744660390175,-0.9592461046781167,-0.8077681126915622,-1.1002135408499993,-0.3615455828683908,0.06227595413493614,1.1710422691611364,-0.05151559646882271,-0.783141754434459,-1.1897318812757827,-1.577306394032665,2.3112097075609057,0.8103392860768025,0.37726535289601804,-0.7092225850012056,-0.48562313451726025,0.05737657754705484,-0.4428776050738717,0.013959028713901712,1.7449233281396828,0.1289237278336495,0.546388818668062,3.305367867309207,0.5060884294532579,0.9290487466628342,0.2135116072865522,0.6974405143396045,-1.1250558403374613,-0.5629580235819548,-1.4693202690392348,-1.3900364089804285,-1.2720382449648389,0.4313864385119213,-0.8895383110734845,-0.39801761835329424,-0.2876339462909908,-1.0633924338895753,-0.5142705026938584,0.8426909561103494,-0.429568399909244,-0.20519174602114637,-0.03521912022527948,-0.5173438873098491,0.25931765671767504,-1.1620862457545214,-0.3582745144954016,-1.5364812107821213,0.014270636187098012,-1.0041053006668774,0.884674236212894,-0.9061485062244171,-1.2892248577328715,0.6300128534134226,0.3124985774860763,-2.7352928394865645,0.9055882421263107,-0.3195769219055216,1.1917727383471044,-1.5084553667968914,-0.8301372835260248,-0.14326502415089662,0.9435368131185783,-0.3946166265540172,0.21354545924655874,-2.95787496368111,-0.0897329899234891,0.7404649718875308,0.254256761238623,-1.279274522471265,-0.441270950573191,-0.9526860853531718,1.7039675072477836,-0.7300110439869332,-0.3841033671851882,-0.7996578850988475,0.35100049610311224,-0.03954018100273189,0.19298698486069574,-2.0550272747187064,-0.44308821732020526,-0.7587773659192479,0.7592615000468868,-0.09507034603793857,-1.1354562023756198,-0.8430139478187393,0.5255425777404649,-1.5038674492765016,0.5774303112027576,0.3798525378730329,0.18025399537741355,0.19334487751148907,-0.36063457429114804,1.6845285548671007,-0.02970247263274987,-0.12893013356552047,-1.5156510685031694,-2.3735151203062643,-0.9262462956187758,-0.3950675195145019,0.06958967495161511,-0.547068847481239,0.20257988348385214,-0.6032180236901816,-1.0568418934234085,2.180341872489111,2.044496956059102,0.24676957453381607,-1.0644781740903204,-0.1080307358867704,0.23560024307143984,-2.1225930700489823,0.1179100931637048,1.5088485592857124,-0.19893377672783527,1.1596177608977463,0.45892719975216506,0
0.1717480460569282,0.1388046043639194,-1.1491002842206026,2.1601269118884794,1.0522453566516077,0.1204072371987607,0.9152682521921385,1.7427491814620926,0.22622388072523467,0.2790353975674506,0.6725259911175727,-0.5431485477378322,0.6440660942395248,0.5501649240871405,1.9501177785737158,-0.5609904473147893,-1.155736657954183,0.9174323464993489,0.49157928247785526,-0.7999861052415878,-0.9597826570538809,0.8508857701461788,-1.8417952996383076,0.3328903174293034,-0.08755026328753518,-0.6004711319152196,-1.184694112964338,-0.19873941946785115,-0.3975637639209693,2.0422223854400503,0.5310452656508984,-0.5586839269471272,-0.3774053570212653,-0.028223864459197244,-0.028937014470418725,0.4753458002373684,0.2626919110532433,1.8444859506484765,0.21013317804326095,-0.8976108811263117,1.059388546012701,0.23103022198263254,-1.1610891973764543,-0.9558699194595739,0.9588586149245912,-0.8583504798206821,0.2870176638427033,0.2790153091878502,0.056336063122294465,0.2997864619441604,0.33675752096311073,1.1860449763690644,-0.867807157169528,-2.511899950531206,0.4834826558346153,-0.3948818813721534,2.299982698808447,-1.1535088698252498,-1.3757341829229628,-0.14376617544468465,0.224491719146651,1.1260827939585007,0.536748953232149,-0.5355020349065331,-0.1303257466710912,-0.10866390050418202,-0.7432360225162955,0.15932418604673315,0.7154154926348733,0.4412053330540616,-0.5425170428666853,-0.7225891536517034,-0.0717543850425473,-0.5010263304767737,-0.892712199380657,1.5322903368520577,-0.6001088377774404,-0.2621794997519307,-0.5284503707341334,-1.5059692284699788,-0.7528460204351063,1.275122359399193,-1.5855309903025276,1.6477321246793344,-0.5109653460738421,-1.1235936358721055,-1.036725770664597,0.7799380886365682,-2.2853600761115946,-0.8630516174722901,0.04264809561632269,-1.1916263384543195,-0.4115470517954175,1.0115021453332544,-0.2809198725821054,-2.140715089294483,0.1264007317366931,-0.7677723199775933,1.0350478713062257,0.4812245089177858,-0.2229426353911486,1.0912176287066322,0.20276987749366135,0.7844185582845311,-0.09671957559998,-1.674061827027217,0.6496170170992093,0.7623053025563347,0.3071083477618016,2.9373353684000136,0.6124420152226777,-0.004505720148077086,1.2760313167097281,1.1850088609923366,0.7054988373223967,0.5995630879990609,0.995542071177055,-0.696444558122225,1.6856994478223208,-1.4979266935600253,1.1079685042080218,-1.0916602563043416,-0.1368492989500014,-0.8210929974751465,-0.18082781605500978,-0.4570191898630812,1.7859183026364294,0.1212136726398683,0
1.188057653959826,-0.212743433727605,0.2269272363894497,3.13953855186593,-0.4588469354775598,0.6709069965287274,0.05006851979032692,2.0612450407881067,-0.6700135685132964,-0.40422347163730593,1.552181172397615,-0.7038570714515437,2.547013729697196,-1.675543305578048,0.20869125175015674,0.6502819729989434,-0.0442516238773757,1.7443139257068394,-0.15021573831266274,-0.5004124972427209,0.28943513206084964,1.7664000755527363,0.01839175490739571,-0.7605731024008558,0.7100563982062942,0.31989436780924707,-0.373040385113886,0.6171606763352822,-0.9437085653810434,1.9504732483751428,1.4751975477000199,-0.18311691535622815,-0.12018844649528765,0.05971776937228075,0.48396810431674403,-2.567716999913658,0.919855943414062,1.6028241337647835,0.3858306710938168,0.018352590807148753,0.24866646844938387,1.1429635525330826,0.5380745104855391,0.5402701752533801,-1.9832097809516238,0.7092971878075004,0.7954717959549247,0.9409704013069226,-0.7309212715241331,-1.1831684223410144,-0.6552177412514331,1.3611323605624677,-0.6806373565642829,-0.22586553298322995,0.10892975219397005,-0.64424195083517,0.9553076762661272,0.9028766338561486,0.3881039116532638,0.9594488536411343,0.8845261665507059,-0.561219156113933,-0.597796023564545,-1.0758085049037733,0.7303359438152323,-0.8419840718197459,0.278040096232221,0.848235448680274,2.1073048949998014,-1.0424335142166261,2.1323037743081072,-0.39205733186274205,-2.898671068095444,-0.10366627583187434,-0.8873791254422373,1.0581903721863288,0.9755097003245756,1.7608337966640144,-0.9663913783909976,0.9066691729637492,-1.1264185295361675,-2.055642654851312,0.4662960188367548,-0.11607150943327284,0.5296337906709323,-1.2794955208721477,0.22417811185662626,-0.7069338420753702,-0.6239027851754146,0.6366255178381554,1.2239812633781613,-0.7633894834096548,-0.186802193634428,0.2678875244195885,-0.0964123811805302,0.9969703868610492,0.5941803981417226,0.33187530819787564,0.16955273036417257,0.09089696967386872,-0.8049954268805201,-0.8156021034800646,-0.3613643315277491,1.1700630096596631,-0.2190032295638028,-0.40015824449587173,1.042123643298181,0.4005964567416334,1.881618908085169,1.0655362746383426,-1.4523574981234098,1.2619161821632927,-0.63424895404862,-0.06731516209392287,-0.13341056073892105,0.1012663101792358,0.5389103315637682,0.44511842035291865,0.5553098027215706,1.8030545297107774,-0.3875059137739852,1.1783832051115826,0.35762451291621183,-0.8816650527406688,-0.5385094641371028,0.5549728816525876,-0.9423086482861227,-1.3818210894398757,1
0.4773988164806724,-1.1957667103261769,0.3787959979679649,-0.7180026197135034,-0.7466148307987217,-3.5444397674469745,-0.3174215848216273,-1.8913626632036067,1.9038941510045257,0.5709118695649712,0.39846869458622836,-0.8496570926499203,-1.0152337154683952,1.62584439957586,0.3416129904208203,0.9225304888224672,-0.8073785018186416,0.5004254737985231,0.09503144825125616,0.9595972711253595,-2.026482385095232,-0.20776028945197889,0.04519191843102933,-1.0877683041312174,-1.5509708233967752,-0.6698232431691697,1.1176798737736646,0.9891621687420722,0.9492054117470071,1.232304069364456,1.4329534810447928,1.827232395337651,0.9170351304668836,0.28499843724466767,-0.3532167012201279,0.543266771829509,0.517543363482183,-0.6372932037763209,1.1858536563415445,-0.32467435383347354,0.21269734023621362,2.6899664812335935,-0.28170902464165054,-0.25993420234743253,0.01149068853047871,0.43481021008361803,0.48062384007161957,-0.7023503860943068,1.7057087201101553,0.8309442526761461,0.9689772893827653,1.4007548467074886,-0.01122423842242068,-0.5933074469297037,1.0012022529089313,1.2472217666931633,1.5850869068719486,0.5611807687219557,1.1586768715537452,1.7093983114468556,2.0681736485813227,0.9144296818894382,0.1119044297005688,-0.4668929394947809,-0.7009868732288439,-0.21441787261945777,-0.015591536484469884,0.2439268000696292,0.8624979357821165,-0.18364180954549497,1.574226195596258,-0.008967258775260953,0.599581109602294,0.8057956493345788,0.7107601633375608,-0.652067553763719,0.9497679530363341,-0.8078753903427848,-0.5051315818703564,-0.10723164605477833,0.8125606969960861,-0.4581184087427479,-0.2885486932194167,1.355662955751149,0.4459642327167523,0.2681935454764772,0.7993777076559465,-0.09482412706757457,-0.4704271437477087,0.3047300387820068,0.37782582593987657,-1.028927680671698,0.6943639176055503,0.24369336572775313,-1.6497470319239564,-0.11702973601206326,0.7621955459793222,-0.5092675083826551,-2.239384773244509,0.8314459158100578,-0.7721289618398874,-0.03763206882872562,1.1588632031219672,2.1724873236872844,-0.030488640816130032,1.2474006123960013,-1.9862687965208656,0.06301949042914087,0.9552292941294821,0.41636009943541985,0.7639992813063563,-1.210728714241543,0.445902509389263,0.33337516000983153,-1.5423157135133365,-0.702087682095833,1.2205635707936802,-0.9439861771015418,0.6080652501843797,-0.03382589191033656,1.8806978023928809,0.2120998120552552,0.5974954849367233,0.11312608037830922,-0.33371180340235235,-0.09494674627738728,-1.030320703423617,-0.7669410871245134,0
-0.8819206399862649,-0.7113970598498819,0.17699495636492213,-0.7311982373397902,0.9227359749532709,-0.17630154736411627,-0.3883633279738512,0.046354758844339775,-1.018812062850964,-2.443449486791074,0.1693090067553624,0.4194944886178633,1.0562813114637781,-2.0337463186245506,-0.41065384191642995,0.39864400988005505,0.45312941762771214,-0.5977027627142237,1.2012404044080376,0.06444664225109523,0.6264210905600253,0.3840550943260319,1.9622571487379246,1.0210323474798189,0.5340175450043904,-0.5213050957125971,-0.8025567560117568,-0.014049487894077414,-1.48914191887957,0.6676585113375894,-1.4797142963483327,0.7956319158716029,0.2128862912316197,0.6686409953323628,-0.7933879125856544,1.6682515851159652,0.4222380499517802,0.20930193895521693,-1.255338573363223,0.2132670164513339,1.7802176568053005,-0.12230318045772799,-1.226195700104476,1.1521416479403999,-0.830778484287354,-1.0615081909644701,-1.0692985637043384,-1.2331575971676294,-2.129455677148176,0.8238759169825337,-1.2447493797837768,-1.1833236304447576,-0.9707287852457674,-0.7909498903430177,1.6148419703505,-0.5592847531971281,0.5952573110172833,-0.6806618924319205,0.5292120551999894,-1.1283773544027886,-1.8870285688525998,-0.6227223609960747,0.021219907985030415,-0.12599159037706226,-0.15555730885751556,-0.4631867613537982,1.9582355953843746,0.7243014262484115,-1.81047939538106,0.26491155705785097,0.25619021040136597,-0.2218749783043532,0.775418388713105,0.7739015812360632,-0.0979273136405039,0.8879499154635468,-0.8370961999128002,1.6340118513603956,-0.31834050695059896,1.1593890683842365,-0.4916594188244893,0.011185077430629888,2.397803723912215,-0.8575610864598902,2.3098958928582087,-1.1745978128110095,2.1297851345366294,2.5158621983170137,-0.7077001654405207,0.21159536567522053,-0.473262749244611,0.14161971942045523,0.8418225760277598,0.8954497369900551,0.13422131967099704,0.2660745496509392,-2.461169189174548,0.5145901000377653,0.41010671820519257,-1.195698346976219,-0.45910982703916603,0.6143386773469466,-2.480932492594204,0.7731677401562054,-0.41460414019307446,-0.4660017774277112,0.5211129275588825,-2.139698083180393,-0.17810249151671678,-0.022605102096795338,1.0059612713979118,-0.16620932422034773,-0.5711762777194173,-1.3513820417496716,-1.2506911235686828,-1.9782695193688309,0.16370211809342317,0.7394696439491897,-0.4522193694412224,-0.897748105012169,-0.3872742154978461,0.4982606303065218,1.311890331952557,-0.01943973125363196,0.5274717591199306,-0.6535281251969849,-0.14995547866919587,-1.101950919123714,1
-1.4148945423304649,-0.2923950588067486,-1.194912781691258,-0.673754596290322,0.6160412392572095,-0.48308396067160253,0.055664169262674805,1.3487561248551072,1.3821027338317287,-1.2205216507220393,-1.1690544927705382,1.4363726329687647,2.35186984873896,-0.5294313493655695,0.40411225548319785,0.44374860633204166,0.6972108139214743,-0.08737423721254599,0.291588940738452,-0.003945064641990159,1.1071994810305137,-0.4461422222852918,0.7193817747798978,1.2189068866897639,-1.7332245229937076,0.2930262827752461,0.732731615060607,-0.5920932736376159,0.3995503320038143,0.048978872471468114,0.07001656440268507,2.094282243310903,-1.3649772712757031,-0.576269470679194,0.3796810008428337,0.23949147189066924,0.479511705838374,2.3679664898998873,-0.7645597195614335,0.49223817437454637,1.9432442660181681,-1.6942256154991653,-0.8578180132297596,-0.9135513444313278,-1.8229776152725765,1.2588477355122218,0.5728365184037135,-0.3836977689308624,0.9790492654293599,2.947491593990923,-0.7906950352408687,0.1994508449095683,0.3195715341644082,0.31300406538043846,1.1082231427563614,-0.05451739590804043,-1.3336534093012533,2.4864170200362716,0.8170126625489099,1.5472855413569246,-0.6957940720371452,-0.0802258619753341,-1.4376125576865304,0.41935218561783927,0.035868799696268674,0.5513763802321704,-0.7056658548477407,-0.7693165601732321,0.7216991782065229,-0.006158562210154423,-3.0999221968426833,-0.401943401885513,0.48415299936805045,0.2955939691743695,-0.9071651021096596,-0.8665848013767653,0.09140151798498565,-2.1424491619465367,-0.81202142355189,0.07842426546556339,0.507012639943884,-1.203874492123536,0.678777886388822,-0.8900686373548193,-0.5317020569080886,-0.6533715263847496,0.14218844423400218,0.5103340818980424,1.0619589442933501,-1.4279334929743526,-1.7313582196360646,-0.9869650525158432,-0.10567823151752777,2.4020408549853625,-1.124365543527088,-1.1344164961656487,1.7527892633298143,0.22444446978538507,0.7469401539054564,-0.5812619142008318,0.3864445746368849,0.010994714877239006,0.017403099052618533,-0.8100240689180647,-0.7961484043652534,0.2540736947384567,0.7613182239810502,0.5659072189563916,1.2805908924348666,0.39451129515643535,0.009419088065599464,-0.7740063421630043,-0.8513175706681504,-0.3520271502287721,-0.686446720447791,-1.6412523090194844,0.18025509368422576,0.5096555688507654,-0.8523512702954734,-0.9813755223905417,-1.0170064683999138,-0.30505138990351266,1.6154015801237798,0.9684738127520071,-2.2963251870043164,-0.24205220259038793,-0.7108517633785316,0.16366222492699098,0
0.3542630673938361,2.566527518001828,0.27523951259894747,0.2859685281433896,0.08560261105013046,-1.0585252141934587,-1.1200843239343015,0.3515338399477122,0.24048380416626797,2.613282215051253,1.3258219454825364,1.3262752593117997,1.0585929960575664,-0.060885896052631026,0.22177140568584414,-0.36013420684895436,-0.24334764716468849,-0.3869762199110672,0.048737227225535244,-0.5861709997642127,-0.9600341121322029,-0.26376691926888357,-0.19725527761287825,1.6625007241590009,-0.058120125862881525,-1.063429635964824,-0.43540356519966067,-0.8638138412642239,0.508095673612746,-2.1466446230996303,0.848796001761886,-0.3241825476338136,1.0975434604978698,0.33857748576003655,0.18922042803761743,0.7030137472875001,-0.1670487124296104,-0.35770619060379316,-2.1407550022298327,-1.0742124518529381,1.2563747916780716,0.03734869759412524,1.456039403116864,-0.49161280031219207,0.33785296930673747,-0.7354724018764295,-0.6414514692408679,-0.33991054534976434,0.025553198393971927,0.7714670538942386,-0.2083902841323394,-0.005052332596655238,0.061855150665227836,-1.2096505183114048,0.7513228246439255,-0.9645386119009732,-0.10679351214102406,-0.32821278231598994,-0.6215500421046302,-0.982599376747042,-0.5206659263724545,0.35141922124478836,-0.39295638025959756,-0.364588822946828,-0.9120790230185772,0.060323916011807796,0.32392135848741266,-1.4055340546807609,-0.06006285257018237,0.6339765711756703,0.3477413769048405,0.1391474767469658,1.6488714357920238,-0.518014277233857,1.725693516479411,0.9708266123520658,-0.6173664158043536,0.5116975626825513,-0.35288650825152834,0.6723957923609641,-0.10803082280364996,-0.3102296419150732,-1.9432754902653389,-0.1528460362546862,0.4867591538976325,-0.4436252814858573,-1.6248623166352354,-0.3359391375131869,-1.037849178256455,0.1973327535819407,1.4771919426101607,-0.8733557686330733,-0.8675891959805008,-0.4479286908135845,0.012695650955211512,-0.7694896129507188,-0.43623778513037004,1.173579334903137,0.8160019167216994,0.434129103926969,-2.7058132435388367,1.6974739696665129,0.030641196169425015,-1.3965818899919022,0.22012720286047555,0.2916264447035885,0.1592541731360708,-2.208334535049993,-0.17626669942338144,0.831940440368459,-0.8877998317150241,0.8962780222435792,-0.5284525610030139,-2.503882222490421,-0.5409608276382287,-1.7982744988396338,0.07149911356533241,-0.12518526066796568,-0.7796276821647429,1.3312857631230275,-1.4587388538357913,0.7834240505517861,-1.0929796148948288,-0.3109840584217743,-0.31600522461398856,-2.5672562691591696,-0.6199731436406929,0.32693050786503725,1
0.9607669226206814,-0.4288849054668264,0.3720061750661868,0.18005552414956355,-1.4463135490531736,0.10517449984568555,-0.005710292935335886,0.4471156258693269,-0.6111500695500203,-0.4331895495213461,-0.46772271991077496,0.8000284430348155,0.8460746058409327,-1.1908120925384376,2.1452945300771273,-0.26949568785293326,1.3156797652154242,2.0165508014500686,-1.4662823003293228,-0.9852823162980738,0.14119504598900362,1.0826722922330845,-1.3230025845270768,1.5030683493319124,0.12264672008053723,-0.49826109518727896,-0.6629081130941439,0.33287134469148233,-1.1927463128551654,-1.0213109396797948,0.34959840483862914,-1.7887019252910683,-0.7666725361637879,-1.9245769687347651,1.0432247064180766,-0.055806104907342245,0.13662976651626485,-1.498243578426964,0.4017711673153375,0.41545908618081445,0.5411054054996082,1.3649815694058183,1.4375517483874722,0.18071009422931886,0.6435114985991881,1.514493857138784,0.9597528415485481,2.0567960138848744,0.7305094511198497,1.5923040211683552,1.1297234979517476,-0.2599453758182907,0.8024534328241936,2.5449227116582844,-0.18566895393515181,-0.10021492940997313,0.20082187205393548,0.041165631294811204,1.4253697075818532,1.5095888595200537,1.237013007328334,0.21427402528992043,-1.4773365248793096,1.6035746195393903,2.2403446629741373,0.4261911708452041,0.4562011680293532,-0.03187703881073222,-1.211501461802282,-0.4389109008779036,1.342031740893963,-0.3351501883003042,0.6210141477101235,-2.136810253213353,0.255509090943814,0.43704880816686864,-0.024779594401059996,0.04546575234285415,-0.8967215539181149,0.044405105083229736,0.332999073094307,-0.9892876653749527,-0.12904780285301123,1.6798776674948606,-0.8182870616518642,0.16001558993070888,0.8690793750891757,0.9810324735207857,-0.888506762587835,-1.5820629803269157,-3.3652102943593176,1.231273366347359,0.22395877544103196,1.982925029657292,-1.174935480980423,-0.30568750082075585,-0.83780171831895,-0.9898057377993449,-1.555819563878801,0.337689618996446,0.6382647753314598,1.4975498660963356,0.34497861673762076,-0.90354819350472,-0.0840719386370037,-1.1904623361706566,-0.4637066782508625,-1.8982280930376645,2.0733957387106705,0.9966366058282747,-0.729794872443576,1.4388464506561367,-0.20045505491963772,-0.5535113857652221,0.8115824742505636,-0.4066349541171575,-0.40069687108105567,-0.7835376497963101,-0.6762798633095516,0.5435509103809849,0.21714375962636465,0.34219286423997924,1.5927239670487854,0.2135641318727804,0.13394284886981395,-0.8373099444537785,-0.2761811179634474,-0.2966456299102323,0
0.7087275166991022,3.7375443048245556,-0.11363016420747868,0.6056928076027711,-0.12403947103157219,0.8842581884458511,-0.43788650009999613,-1.569598854446429,-0.19287806581091851,0.33262851042334474,-0.8830471100921471,0.23884789085608482,-1.5168647128911452,-1.323604422864316,-0.6948587903089575,0.9425517115848701,4.014253019766194,-1.6653981466082322,0.3522211925768716,-2.001112089130905,1.2833389557691428,-0.31955039817399855,-0.5233785716096543,3.0911656407747095,-0.8417663833962983,0.899212694057028,2.3370617382019145,0.819545559451173,-0.37130537600492836,-0.2456477999209353,-1.0291669691369782,0.8741148410686629,-0.6205656089543248,-0.5752844450898329,-1.0794334488418036,1.7985710102181494,-0.8998531516472216,-0.752351745682143,-0.8022955320017858,0.02246975984293713,0.5650491669156252,-0.25034878896252116,-1.1991366371008063,-0.998319271643114,0.7003050493895701,0.5548828661135272,-0.20832485848307403,-1.288074303826378,0.4762719413210714,-0.9461092684381426,0.3873013717883704,-2.0156964061582765,0.057654326068841105,-0.8291381879989583,-0.53916312414186,0.3236730819543465,-0.34444629032345153,0.3615557718315685,1.6436780270459246,-1.1348640017624632,0.3226576813882141,-0.022520999547012244,0.39727417519408825,0.4209955205442806,1.1807797970135998,1.164139546996292,-0.07556650730105356,-0.3697136962441373,-0.2900101361498157,-1.4321965860289276,0.10312264255149238,0.31778334771790584,0.4940619246034065,-0.11044207697069369,1.6282261658334092,2.8014947976278077,-0.17236098309959214,1.0239872794513645,0.35644057791456546,-0.08786891575365703,-0.9031063283216595,1.5825845683173023,-0.9022127086530525,-0.386590503089666,1.0181164620838419,0.9322661225156885,-0.1890370905784716,1.2063127862980214,1.0224187603234973,-1.0349357031636846,0.8258440893757042,-0.7238671801274436,-0.36950499462446984,-1.6340898262641825,-1.0965024731815904,-0.1262313451814284,0.16765490931399465,0.06143936911024192,0.5318155664854217,-1.1124937430665554,0.37560601465773336,-0.9427834736278321,-0.5354063187423884,-1.3885259293063297,-0.14102207619057397,-0.7776168071439931,-0.24305619773447099,0.03416423820739771,-2.023367481901143,1.6661131135861922,-0.810655366121701,0.9118663716283153,0.7523321758081915,-0.21399689490287982,1.2340998641066057,-0.8184915097923359,-1.30581187012219,-0.8848703198006935,-2.7422182419175867,0.05532497179438971,0.8577551416623297,0.18465246592190387,0.07188384604778926,0.396933395159298,0.3715169906717065,0.5923812634436518,1.8899345022919152,0.04537322782550078,1
0.28566314977856094,-0.45403083201616967,0.12224983822454806,-1.0751496545803354,-0.34662910383642226,-0.9930092241772281,0.6641516734263745,-1.338344176767883,0.9572094730300864,-0.24570712802364414,2.0674486427612333,-1.3529460602971908,-1.143990086196684,-1.7071510947998472,0.3803700499753329,-0.6476796206421335,1.4462961694623753,-0.475326179014755,0.5229415419211756,-0.2263112089413964,-1.1645265450763727,2.1071160925477814,0.4055737878696934,-1.4431956341533474,0.08926437321717796,0.8955556408895836,-0.5382053942542874,-1.575260321452974,-0.7353746904029501,0.5564425957771482,1.3988574382734533,-0.11446871734090454,0.2472472490780348,1.3442437047078728,-0.02621259381904047,-0.9101048556717386,0.9998561537939114,0.5149689207031083,0.3821276930308911,1.7388684091335267,1.2224874803168941,0.3274884933121813,0.23590413289592813,0.6703934379529966,1.3461274491655328,-0.8975525039480932,0.6940708731650395,-0.44808604990376183,0.2546750965429538,-1.3304647732684527,-0.1493973597109993,-0.015483359559007238,-0.1772844249933424,-1.6363753428187693,-1.943203832555062,-0.11925922631806964,-1.2174810298872438,2.7159592524111558,1.3921298566049454,1.0396117686996709,-0.7752621130098,0.3893230478031263,-0.5000148579464211,-0.638483955611872,0.34069206613848896,-0.5962455143699532,-0.00815208592425771,0.458801425112916,0.8321888360138388,0.35887430962688904,0.32489001849028815,-0.5183442839515296,-0.31683003052050646,1.4665066312175197,0.49387056334544677,1.4193021776505008,-0.04293578338289714,-0.6647770192170939,0.05744459002928949,-2.1330923576876017,1.0855455462788686,0.8874460439555358,0.4045278044320831,-0.5768167274042248,-2.1550450482318406,-0.1417732360581079,-1.0946755775824042,1.048515086813053,0.7656993814983826,1.347551908356483,-0.6597420673074036,1.0001493312336596,0.17100306947588542,-1.00545983010707,0.3003810510328081,-0.6561982857462865,1.5107473227289072,0.01661331458151456,-0.9626269099069558,1.6461853931463606,0.6704827349040586,0.6830535139757064,-1.2683321628241422,1.2261630556627714,-1.0034115694872887,0.578659268266981,-1.100255810730932,1.136683225473902,-0.1061290048018914,-0.1734093279550481,0.9632508113720835,0.19997258836185688,0.1581339064080269,0.004607810508442571,-0.2867113170640619,0.962542595594221,1.0946660882690051,0.49289161742700477,1.222200046094504,0.5704193976323927,-0.23437607448961334,0.6918480682933136,-0.9359498063458739,0.6876394427191563,-0.03240135956876272,-0.6058955706809329,-0.5845128314353875,-1.3516089197645658,1
-0.7138794009966771,-0.8405847956481007,0.39882556384053114,0.7548009425777001,-0.6505773420228234,1.6038181883291656,1.4738116448730416,0.8448842208395738,1.0709385685407753,-0.32599384175625434,0.3920834602973737,-1.0051104241616993,-0.336832337481374,-0.24350729080502465,1.7352584889842535,0.24460325698000157,-0.9915361144113474,0.7687949024378334,0.275619899740159,0.7603983194851427,-0.9089478464326362,1.5388579690938498,-0.6512896309571968,1.0239555942260847,-0.2536311254162772,-1.2916410888256276,2.241346465287534,0.46542398443035027,0.7031208566546433,-0.49433960145484196,-1.0334019408547224,0.42663533632113726,-0.600929312406733,1.0352282740607082,-0.029490667590262063,-0.27889698945787417,0.8454574686029207,-0.07097183026600538,-0.6387228200170048,0.25002619986441976,-0.02506484525821824,-0.3913199671310309,-0.7010242780601951,-0.4588134589858921,1.8543704877635898,1.7125664106954406,0.3705050750222445,1.2577944905663145,-1.567569746211258,0.5193920904043482,1.575149322958037,-1.7029445496209343,0.4170949642124579,-1.4074462095265519,-0.8284758567969016,-1.638372637093513,-0.5372065090963204,-0.14060442145393437,-0.05331677088162423,-0.6765942262860917,0.2622274309044672,-1.157522567393811,-0.9026693661120289,2.168362582292196,0.7131758026314914,-0.4235219862815876,-0.8406784532709939,0.7740192837417738,1.0408646062504212,-1.7950930310078885,1.800224836048053,-0.923192803414423,-1.1950146402213395,1.4177715023490591,0.9141902002230056,-2.8248684683747416,0.7570168685017311,0.5089450089327706,0.7376164078558319,0.43642078590712924,1.7633793370249269,0.15642876755946553,-0.6788615715992288,-0.05447212596989168,1.269176285029099,1.1659310252569726,-0.6074581439399392,0.30087883240131236,0.9209503816682412,-0.8914418992158408,1.9570701766294079,-1.1749854943529507,-2.4840823138781825,-0.3097807003581035,1.5692823260856008,-0.3748149944780258,-1.079474455850594,-1.9379523811565178,-0.2479025932570859,-0.2890675931662321,-0.39660299126862075,1.2217883441314248,0.6354840616414856,1.5174135810921834,-0.9050157663306774,0.8783390572453743,0.5905094155719884,-0.19268742655328036,-0.9024477417411921,-0.10575712172567009,0.8962760143877391,0.8843871290764067,0.049237656562263823,1.4739176041212283,-0.8121155931084061,0.9234086405622627,-0.560384509197616,-0.24591263592914608,0.2614808554567175,0.26240067990575494,0.4717324748254836,-0.6265140730520024,1.7003032562531673,2.230795430062953,-0.5608812886504306,1.733983630609442,1.1822781224826442,-0.47151131686564113,0
-1.6487366625227957,-0.2666381309949378,-0.8018937050655344,-0.47764995970655255,0.8460981223279979,-0.568523122668404,0.3043656092367552,-0.19280378756523578,-0.12802995892815944,0.4943764607747963,1.3518114316522232,-0.24079607267711814,0.1863381842534333,0.4319035285144008,-0.35710907171860434,0.9085199032820029,-2.030883127729288,-0.673947089517356,-1.7563481791644882,-2.4296302669387853,0.6791151990777501,-0.43194335356202285,1.1501342533939007,2.2333939545890598,2.124567474368459,1.2367507245414089,0.6819172098298463,-0.22529675278845698,-1.4944298510700487,0.46255501208284816,0.5083688686214209,-0.19209489182477682,0.19459461717630902,-0.8769839724840962,-0.21657591457011297,1.6324363999844822,-1.2530828845315718,-1.50944439617503,-0.10644037664303926,1.6041373662367278,-0.6230162816300578,0.9834555613416868,1.5479226585076118,0.5024259523271206,-2.584553634618549,-0.4026245451333526,0.07934175709248642,-2.625110086235182,-1.1012885150945362,-0.041280683783205055,1.8986317690562913,-0.7237707177346334,0.1274887738732169,-0.3077431757049401,0.22061910604758497,-1.638335828430989,-0.9000536519977682,0.36817934334437624,-0.44390333048727115,0.036712056761051985,-0.025542567384249714,-0.48449845208066833,-0.3447579082799683,0.44962683240218765,0.23927504380029693,-0.15183100823031917,0.7288693802927624,1.026867139058166,-0.658563599745812,-0.5635801386252625,-1.3466787038428065,-1.3714235591667263,2.9081452014149143,-1.6748813774078455,0.6812112240578854,-0.4864924707166502,0.9813246529019609,-0.2012088725007376,0.03358191527671422,0.2546052344502047,0.30153961912076577,-0.7272685167909907,-0.29073910982498535,-0.5235929123264391,-0.43165338187498803,-1.5162761400863727,-0.2697345939281537,1.788852856367981,0.07254048219701215,-0.08023536860634689,-0.20892203218294123,0.22710016934345903,-2.405380513168211,-1.2733062102552168,-0.15709482839113045,1.101615413376432,0.5110554898049775,0.4235136046919334,1.3071005458516936,-1.6849248952882296,-0.7966340246460669,-0.11247094049012228,0.7844759316097918,0.17272802560122086,-0.23741555732561068,-1.5737072791529447,1.5973193180197165,0.6368769678146915,-0.18235299179976916,0.7634186167159495,0.11162167736951216,-0.0018880960140227148,-0.43898343864586015,-0.19581626203892938,0.53808394878263,-1.094063699280617,2.0561005611622303,0.5092771346595655,0.20825125754426235,-0.36857374934880927,1.0883181476075126,-0.8947594184005601,1.1197170732969557,0.8542776897585252,0.04840096984576851,0.49849681233858556,0.12669097902153853,1.152223375708013,0
0.06790209407011129,-0.603631635292568,-1.0159970475505395,0.9097507313972695,-0.8992684500757959,-0.13473137300698793,0.21897887263802357,-0.8760569301224279,-0.8585572235104983,-0.4824155571561039,0.22371324529451828,0.03712754867979516,0.664177181779016,0.028964597364068936,0.9220831791044038,1.3007998057515207,-0.14462426413887497,0.04192955722415661,-0.3353823295589963,0.6486103928628972,-0.4627398390080538,-0.34573781019583394,1.9012452952899275,-0.836814659050381,0.6103917483268475,0.12287643438356614,0.32585509507460614,0.11003524822326176,-0.23344183516907088,-1.839486105471588,0.488909915535442,0.8666095564167552,-0.49029636211350464,0.6088320650707748,0.15561412736404645,1.5683692997271677,-0.8802226900501202,0.17621990516454036,0.014446091955983517,0.517847430334876,1.9385001177413759,-0.30939424649469793,1.5880776868753903,0.46732979313779516,-0.304254836329465,1.5084623985445353,-0.7028412064596158,-2.4857153106429526,0.47734011650916736,2.3973733544185114,0.002690067595733893,-0.7884655857963847,-2.0280577740688224,0.07982597473936202,0.26837222709459807,1.5286973429345931,0.06802419345106975,-0.5089334423589253,0.5472346833351466,-0.5311712598684952,-0.18636635178555325,-0.7889239636640311,0.5396137310775019,-0.256811084334372,0.8572203542168951,0.34049802567589454,-1.1958836945728515,-0.6872975386967616,-0.36207379934008327,0.8556207295522649,-0.3381097325563879,-2.2736202771136518,-0.8464737585944737,-0.5878648038139505,0.4233526050412434,0.4869367917140005,-0.3968563029790831,0.2969101623011351,-0.013884746471219348,1.5796617789744785,-0.2223681888581065,1.0883212061494167,-0.044616878441788896,-1.031472857445055,0.865141631333254,1.485151527467771,-0.19824282739286958,-0.18956904374575956,0.6218239097772528,-0.18835480146050684,-0.8007098479443817,-1.3661080895535256,-0.2173685029878092,1.015383220920312,-0.5444557006972698,-0.12984897336094123,2.440031318262643,1.2999742035469684,-0.5752509326400644,0.05066672884057048,1.0212733770370839,0.741682248251307,0.6093194561785682,0.42963094249593015,0.48162058210188397,1.3647761906154987,1.4419670176195452,1.156037630207293,0.8283232597189047,0.12290338128925048,0.5094450372003313,-0.6453514006683432,0.7543604163196862,-0.2898871725443803,-0.047217144988908985,0.36857825445403486,2.2130481940298727,1.7341312703670295,0.5030421964932821,-0.9407309835092508,0.302989711153433,0.07176942422028502,-0.7429692743556894,1.002673025937976,-0.39761645688991165,0.7091502862124446,-0.6854933410493832,-0.8541551272997521,1
0.1431115869845917,-0.7970675100791078,0.2711235067071116,-0.12366905020896496,0.949424632903931,0.1463472535158289,-0.8228537178001623,1.4364368383130586,-1.694711724051346,0.9285006595364594,0.2711613803176003,1.4109507542398516,-0.43038216226586723,-1.365342248073386,1.1493934990565806,-0.539448161452806,-0.027011513600848226,-0.8542794811612844,0.3490775842169085,0.07270011682632262,-0.971525036183673,-0.943540063738935,0.6445050315824022,1.8007723185979922,-0.15570735418611473,0.6596799683778378,0.15002632932769872,-0.5247521544787758,-1.055613988496364,-1.013847383147371,-1.1445334151618638,-0.5041716932874901,0.9502989017167786,1.2714174902158675,-0.9090965999453524,1.2507198541239004,0.49816602755977557,0.3804902071051668,0.5907385450833558,-1.0048304431077675,0.6492740722818826,-0.61611483046288,0.37155880533520674,-0.08624508960418925,0.2251156417733484,1.9630820131037456,0.4144483026821088,0.05921104879799276,0.8884069845994708,-0.9558360870560576,-0.34001777259273924,0.18455998526935893,-0.789513914018712,1.7656046847974163,1.0880634284038013,-0.21016161113299517,0.10339676202465806,0.7614775949398467,-0.14403423923758332,-0.2144236867392469,1.5222493843845093,1.354411565968286,0.564306646227002,-0.16850888416762755,-0.5415080701679749,-1.7791862022562817,-0.84333083030937,0.008074604096976605,2.009624046638341,-1.003756266276505,1.087750844330646,-0.058163689197429085,0.4836432530850106,2.2735366811083106,0.6503460389602692,-0.761070213190505,0.29549388315655856,0.5250364285722329,0.05115133365128005,2.1211940686607282,2.1113116741590177,-1.207871655167576,0.06085999586560809,0.5752592110134737,-0.6642946086369448,-0.1279903881453941,-0.7569146012771357,0.3306490079249639,-1.4403132967778929,0.29768006143459913,0.6296320422632284,-0.5644396384568272,-1.777727113034195,0.405529905519196,0.22380425729047881,-1.1003307323985503,-0.4773045000906705,-1.2512561756581573,0.4038695029189349,1.945048776674686,-0.16843902162310512,-2.5049917195081997,0.07713722037881188,-2.1132206535976317,1.0007982623851972,1.2358529846077104,0.3781228119651437,0.9824608437523501,-0.6161615135847724,0.3720102988972537,0.6739013899504419,0.6373071105097621,0.14210503154559082,0.14744576780354415,0.28787747556814586,0.1313100719602124,-1.136750744076737,0.8195438314706959,0.4471115208332076,-0.9678296954793899,1.6651345014278447,-0.4301156468128085,0.3710231186529193,-0.6412973590779357,-0.783416911417543,0.32819175021925406,0.0019253174466196013,-0.21520830395508372,1
-0.04451342994189979,-0.609642450471749,1.172603280396578,0.13796835628120685,-0.9389259999712808,-0.9893049528825558,0.678818628828503,-1.422371441721546,-1.647328646184755,-0.43192637620803637,-2.029823186032735,-1.035009020480885,0.5775648685452159,0.784695718447832,-0.01554805234323644,1.3501451065192345,0.6789094783733725,-0.6720415655844548,0.5846927249056807,-0.1365297317576179,-0.9570510678420178,0.08338263088213263,-0.5651734072404913,0.8929112034291997,0.45768570020038424,-0.6732168865983676,-0.0866956017801935,0.27259658681371673,-2.002851909217042,-1.001525867634231,-1.230883722534708,-0.9587327881973821,-1.0647181637463285,-0.7713555945341355,0.33191150640755956,-0.22742670099729462,0.20137768408642437,1.478762276708243,-0.4642912288529033,0.5160930798161261,-1.3503272607179877,0.03096032175566723,-2.1124140614038653,2.3513430326853024,0.34761171095462423,0.29675398058352487,0.2041106347203405,0.9792757370615632,-0.8162849299594743,0.2115485890502699,0.9502198104827964,-2.0088568003112446,-1.1185834962971501,0.2808613630921992,-1.437771784840064,1.2634026960954676,-0.5522249296189159,-0.2729870438708631,1.086868537461388,-0.790699604894916,-1.1359727939499933,0.5858371301032034,1.133859150862537,1.7211331250465525,-1.608769824371395,-0.5326154848417759,0.7698473951966979,1.3112059242522442,-0.0682213128209547,1.0012831855609408,0.595874443001126,-1.8066355659460986,-2.1390212755609417,1.0648531755008943,1.370903535158097,-0.4823334958679973,-0.9251772273233797,0.6057575432708034,0.9962214377738591,1.2142034493368041,-0.854783910647796,0.35857255304927166,1.417742445766521,0.34815923000616456,1.6318769503953299,0.3268577920963982,0.461916306719002,-1.2884436316134502,-1.0680027470307514,0.8725340399186743,-0.832842147274016,0.3496418600112135,-1.7193479818193207,0.5035703809630053,1.0797661593824555,-2.415073173438418,-2.3826496640520447,-1.0743651742589306,1.728250366775477,0.4763686772089576,-0.4456909729078481,1.4572801471769559,1.9117244565105078,-0.7292064239388902,1.7119149736629753,0.3467119980738082,-0.9807460965771029,-0.8222124152694844,-1.2448000780609196,-0.7635603186030522,-0.5693475129867587,-1.218240463055447,-0.8845237272459696,0.6996446662653997,-1.0192949250940289,-1.9146208223232934,0.28076027244288015,-1.8072651566740194,-0.7654080675647833,-0.5000838164697674,-0.7227497973280599,0.7718065967047859,-2.509352897673923,-1.0307962832011361,-0.9438715058564725,-0.41108163366302863,-1.1278185826294724,-0.5652649851539484,0
0.09646551478631223,0.6542124851414982,-0.1984917661359815,1.4379122264300173,0.4070564999596425,-0.13849706549574387,-1.1232509600800655,-1.4568173772611974,0.7145378149154692,-0.29956656936027753,0.24224139824828672,-1.1429073003640187,-0.10498966790335491,0.4621829096677244,-0.23723641578935037,0.9845366249332766,-0.5677943988495097,-1.6614070964922496,-1.4270531053600781,-0.3894192680335322,-0.8140049000101011,0.09801893125352296,1.013211492182792,1.8042990587729022,-0.413026420521516,-2.2038843281088005,0.5098324546016342,1.3066877710221245,-1.3299622836159983,-0.018069896720342607,0.3163560760972802,0.048773353009253353,0.16381401063911372,-0.06606300946871821,-1.072922813556644,0.3539853961730504,-0.43225966544016764,-0.21322225884838952,0.12851070618110816,0.7920882600684311,-0.39376486367112157,-1.0843370007941104,-2.253085602762937,0.9289815980598645,0.3383110158643426,1.2281138911970237,-0.31895850904448325,-0.051169837134686466,0.0763716777464228,-1.4955760175135284,0.7038297063853997,0.036758770147743876,-0.27535170194711056,0.9074221502530898,-0.33407136594199305,0.09082552104942648,-0.08488311198605109,-0.05519133039616076,0.3496505531791152,0.8339434392433406,-1.7473133439476554,-0.8633778208656535,0.8885587853151864,-0.8523094055073471,1.8982264900494226,-0.8559223156682699,-0.9068876548726099,-0.585397173616648,-0.7721439861277702,-0.40163681678087065,-0.13217865148753913,0.6049927500209168,-0.39382816441509544,-0.06623070529193303,-2.173657434506141,-0.6638246098741305,-0.7056795319774507,-0.8301907444490904,1.4701212891931748,-0.5772062932828185,-0.9578242509265101,-0.2828246318075006,-1.2620117816297707,-0.20707962118264914,-0.04499325772482393,0.31132409032235936,-0.48150504473418754,0.46150951893271636,0.9762550402479301,-0.20763440218735732,1.111916539616664,-0.8980293816891414,-0.9122677026094465,-0.734636570855255,-0.6848406641907442,0.08017076139013292,-0.19698844265661627,-0.2491987779733498,-2.6711436088788574,-0.964897249424604,0.5535995547215441,-0.23547187121445054,0.2923826267599718,0.3622969051822779,1.7171139235013197,1.0415712370361365,-0.03655242134047249,-1.0796748888157353,1.2971379168784776,1.103818774358498,-0.8463437002417267,0.8627685909149322,-0.7319133896387439,0.19251271924776478,0.21433478752614546,0.01612810021181239,1.4035362869706733,-1.7543982449909812,-0.2103156181521026,0.36672624871771925,0.2891685051385174,2.0631116355495576,-1.0777951228293734,-0.2999069080914721,2.037924384577654,-0.0044822986122296776,0.03972771594372615,-0.5714533547170094,0
-0.34543034538019846,-1.9173025605932388,1.0377847186749456,0.4231584402391557,-0.37682106785617747,0.4695416421339756,-0.34427923855817083,-0.8364347029126968,-0.03851283722305828,-0.21537330731799106,0.35387787170845053,-1.2840512232799912,1.3623641089233103,-0.799251779800501,0.8476359277013916,-0.7331668246648404,-0.9550615033662475,1.206807187423293,0.42935023045158455,-0.643569341629201,1.238190070317368,-0.15576505076177852,1.5695701659733194,-1.5183921514006424,0.7501654819898531,1.6028734037443213,0.2668007762221549,-1.1248592817265586,-0.8698452917060031,-0.3562945276791427,-1.2701512846329723,-0.7601121592093748,0.5272107503559823,-0.8408211375090793,0.1836212831953289,0.8168897244090918,0.5995392549760481,1.1254789185824892,-0.6636809406342727,2.929674961159609,-1.0054756709203125,0.01859936985001997,0.4739000522698709,0.978351390836153,-1.1661652650105332,-0.2657579212584831,0.4899444360114513,-0.17045983090013556,-1.7242613483963447,-2.161251605979208,-2.09729949698017,0.9188673735828182,0.9342937213497164,-0.9749919658626265,0.1945739080708382,0.06562588133432384,-1.801386212505151,-0.18448872113534576,-1.5392629240397786,0.7224273844370764,0.3883088332881213,0.7912252640840076,2.2013415536215475,1.4462272591120842,-2.289013850663301,-2.4698540725546176,-1.084841053470407,0.6675913683001524,-0.7877125694152104,0.42723694432676124,0.12986809170815095,-0.10398115883038848,0.5245984772879752,-1.3230745220059363,1.6177972650262178,-0.8492315373907998,-0.5790578182638584,0.11468787477765344,-0.5029087282809673,-2.052507168043047,0.8313418351973657,0.5974937952108291,1.2163492554645687,-0.31885398679250887,1.3816050349462803,-0.13752452718595123,0.02103035211735125,-0.9542609015222288,0.6310228695763724,-0.09210211338192022,-1.241824301768314,0.07211649830253775,-2.7635890110941665,-0.672763994643526,-0.7751587881745141,-1.059146193904247,1.459997171202967,0.4795475693662108,-0.6694104258543653,-0.5219207536589825,-0.5266410412535291,0.7087049923529355,-1.0942138261957643,-0.9386144246053004,-0.5535523737755252,2.000323839493729,1.0002166217012483,-0.28628602560151556,2.172935861700062,-1.2272312920700137,0.5731378917909972,-1.745918834972244,-0.8413126340497658,0.9480775155795027,0.8699825788745276,0.8729835921838197,-0.2922680717307687,-0.38765389513671067,-0.6751598485875882,0.2754297722751667,1.0581249299733935,-0.9257701540657642,0.22573786595221143,-0.3766623473635554,-1.1644802196575295,-1.435093977793754,-0.24649532739414715,0.9098593663738934,1
0.3382554212380846,0.8216878128519398,0.3331601790024518,-1.5909879760946,0.9694525290139382,0.7195528073297752,-1.1007953670998452,-0.22303768110291883,-1.055592881043599,0.4073723237503014,0.19980125815434316,0.40828285688596455,-0.6848362256878139,-0.3857992739299017,-0.10392078558917299,-1.2715408944893298,0.8328587497845901,0.15606204743639965,-1.3979814226315739,-1.76968769351803,-1.0539508258248016,0.09080096999960979,2.325344028322505,-2.5179011154378133,-0.21040246620312142,-0.02933419823629792,0.16205999696624443,-0.8688338342025413,-0.783376943959748,-1.5664214993539183,-0.992608949481246,0.38321233794020354,-0.6116263228946727,-0.7588190848641798,0.460139931568033,-1.904924216124535,0.14221918966009714,-1.2092827724281334,0.5495128778715309,1.2162429305434639,0.30512978345121766,-0.10544989560972663,-0.08680418039341078,1.0422250645455666,-1.4224109166595331,-0.7475183552877389,1.0789037870879226,1.5208255271085678,1.8784322656856693,1.0078825622540113,-0.13599303297499826,-1.0392188186533904,0.11838358775813645,0.29124274269122,0.5879240910641819,0.7740178387277047,0.02281052392318506,0.12363816878997326,1.2576584331096705,-1.6614284801018862,0.5424428864499447,0.22235297079322747,0.41915280795739795,0.8885969346883955,-0.039096932682799644,-0.6749143253857415,0.8297834730004813,-0.9446522580672728,-1.6574024745390898,0.6702615270711013,1.4744438782489024,-1.5178775671296099,-0.3402653369314705,1.4558036141462782,1.3205988063654175,2.075378266336473,2.836317307850497,0.31552972722064704,-0.582243600233615,1.195226427411022,0.28789883986828324,0.45454206819311677,-1.7589265846427395,0.1366674787964777,0.704227962850347,0.0672121209972506,-1.2890874184227594,-1.8907230792557888,0.3094963922952706,3.020804583261377,-1.2846289248687346,-1.3590531020078795,-0.3806885854211797,-1.166523833522237,-0.7849549078553588,-0.3176827800839761,-0.9753902165456116,-0.2001050847282755,-1.3293581666250114,1.8799695258945741,-0.010003263651920292,-0.6055683236257452,-1.020095324624876,-1.1688492010030453,-0.7347451822222627,-1.1092833293881375,-0.39425090914335936,-0.5058946055325824,-0.25064076246000955,1.776398509297728,-0.8517630836493522,0.19578522395963738,1.0828373037307322,1.1801529342775714,-1.2018454903523612,0.6213420507050756,1.7112098750202882,2.3087429669642976,0.550565867329065,1.2626463748802013,-1.0256799664162175,0.04410495436091297,0.7976342194137129,0.601297382554434,0.9701158250367987,-0.5584697025096305,1.252987196897279,2.027430124270883,1
-1.2560855912594768,-1.520439083011012,1.3710873121301437,-1.140309531601315,-2.019006824381729,-0.04857401203035424,-1.7341538411938113,0.07731896667212,0.4875804233103288,0.6120027198376761,1.1407328762331783,-1.247946644299055,0.19068912113865233,0.6172147108515226,0.593880594354365,-1.7500045092748109,-0.0883318406285316,-1.2807756569232285,-0.482900964024743,-0.7381095619392104,0.5786085888065603,0.06735577992089299,1.1119647741973928,-0.9452411917912514,1.914569699930223,-0.862560887338463,-1.0337290539316641,-0.9256456751944938,1.3514293257937544,0.1420877669947115,0.2564499517231992,-0.5091808221955781,-1.5629918033169836,-0.26790628167578834,1.4209163125831852,0.7504110731499922,0.25410663845908515,-0.39178268729961874,-0.4057786784365672,1.2449108836069551,-0.3140332677412994,2.5066807725872247,1.9778941549900202,0.01574757755565746,-2.0939729021267337,-0.11538823124344562,0.16755202436154962,-0.72276361513008,1.5156881714102528,-0.6031876532061924,1.340457599439729,0.0942561531906096,-0.5836705734609808,-0.49004499774475085,-0.08998379539601507,-0.2677504119403931,0.1581241315039991,1.6293296716497272,-0.5940654143153394,0.2939647652845769,0.3628119958487014,-0.5636200157884241,-1.7338074802147028,0.9502503247513954,0.7723675011854292,-0.8886760131311536,-0.047063511377949216,-0.8817791359300994,1.5640463316426623,-0.3808694388385665,-0.1867376140556039,-0.7744034846872798,2.7728624508796265,0.734722861729412,-0.8068657776183169,-0.019072310475445046,1.7937636749736954,0.1341027585193097,0.6848732042479043,-0.8113733018768433,-0.4212963729334202,-0.9431117772185157,0.608490924628183,0.9839479350143882,0.2131938164582158,-0.4605311755210547,1.0594568637855974,0.32946588522212933,-0.04671433172251264,0.774613572667065,0.41692860934155856,1.4103157376157147,0.4964415883249865,-0.5202775525677981,-1.6609469928628304,-0.3310661027722381,-0.926300584600197,0.7616136071604909,1.288275017356003,0.35042371090636115,-0.02491124069336265,0.9545902054934615,1.107817669381505,-0.09236666667016333,-0.08418515406328822,0.24812626125078832,-0.23835833886598168,-0.46497624035383467,0.21403202972559665,0.2296079713676974,0.9646649006724334,0.8375639392005538,0.7023511130827156,0.5958970928908914,-0.7963462674739107,0.8667703202095982,0.5547770530900092,-1.3466510832251517,-0.2257644362967124,-0.02034227112435731,0.54444302911135,-0.3455378534646281,-0.3532306289879721,0.11743165049371486,-1.159245178519734,-1.091235019974802,0.4707032994650208,-1.908255281017869,0
1.2291531086054672,-0.36907485870108714,-0.7925957716648443,-0.4198946602446472,0.32646660079018447,-1.3048618518582913,-0.2762670107121478,0.39634544941593103,0.5500052105827621,-0.9903793939583149,-1.1105560427256917,0.28648773354015983,-0.20007769939074144,1.9459568197759387,1.466072276189006,0.43576252597736115,-0.6968974546721091,-1.0061705992083647,0.19545409882434644,-0.5086782363607611,-0.10156050373347128,-1.091045762870376,0.6965271454544062,-0.14813792819393878,0.7100729647175267,2.307597237506943,0.19388773513744492,-0.290519320953029,-0.8003998282392892,0.9661380434623078,0.281569166863059,-1.4435611572599123,0.13722328136994516,-0.6205232486239644,2.1098516177411724,-0.8322079801987465,-0.058275600619521334,0.6131729992196617,-0.9766217579243398,-0.04503335128188252,-0.7298536477886164,1.6188856967330567,-0.9332923023488553,1.0782450487682054,2.0310085139134957,0.6078260922531246,-1.791971478050643,-0.9077893046379878,-0.12080098517179512,1.6843484977738081,0.3010566888474205,-0.2700228389006306,0.9384042742085681,0.08855387590022142,-0.20761087976004455,-0.3854785442680196,-1.3156723416317362,0.5318206735518445,-0.14232883145578804,0.5627150429863577,1.399323501855473,0.7310319150900342,-0.4588432396867668,-0.403830008718305,2.6319042612623207,1.2480370184882454,-0.271982180113319,-0.8607114773007675,-0.03984010410869939,-1.9093505133030733,-1.7029338505624785,-0.4958898531733647,-0.8385387570696542,-0.3534207368318837,-1.9383245785445535,1.8426326301616598,-1.5467744170027506,-0.3875761721085219,-0.13878587619754462,-0.11703475422773543,-0.6530175156930842,1.7846634323238755,-0.3163628480416527,-1.0644186752734448,0.0420370300839483,1.0044817857435182,0.2411070875803308,-1.0464048431213981,0.7344136322319598,-0.4968710858051085,1.5426496494848383,-0.2203604769302949,1.1668071833728082,-0.48027947074779337,1.0223101840551068,-0.29997658831702534,0.08713016091828903,0.16440319670315895,0.7251599440015273,0.8638542906016444,0.38282633700296276,-2.535985127431877,-1.1822688594674684,-1.1805602809765663,-2.6000770945159437,-0.8510033782042862,1.1525253394710884,-0.31077208649005994,-0.24315431895502412,-0.0358225009162866,1.3687000673667415,-0.031220641872996457,-0.35531143171052615,-0.0318368318081061,-1.1558779058112751,1.0912389961173579,0.9076695178905501,1.4373342544527141,-0.032636995589321746,0.036726620637625905,-2.5806011672551312,-0.47025141537132376,-0.776252013353768,-0.6136211643307935,0.1941577749290276,0.4311542736150903,-1.6576752341509189,-0.5387244763631042,1
0.27070353857039575,1.295281392026235,0.3797357858545502,0.05291262111054964,-0.5541657506771708,-1.3836569401429073,0.5809437161677343,-0.23281040619670146,0.923204377196117,-0.8746952351188518,-1.556383599833536,0.23641345599735783,-1.032191819623481,0.6583139119997196,-0.5036897627264232,-1.4556709940152415,-1.0473682336563361,2.3504163410813232,-1.7717003086901384,0.6248813831929035,1.945751786030258,-0.37340308713514636,1.2690693769498458,0.9875239099784728,-0.06068671785811646,-1.0194795590088643,-1.2250756609636213,0.7004328329244358,-0.9597117371716364,0.24414549227082927,-1.228296941390612,1.4350240289446234,0.04562555927573672,0.0989782434727338,1.3537903857985247,-0.44133479142291904,-0.5351130913618259,-1.1635985004162683,-0.08965366031891024,0.15824474579622258,-0.7435950724043692,-3.0022242677239825,0.8032135602812087,-0.4309728454626613,0.06901349887356455,0.3425139018065278,1.3059690867571718,1.892296938324217,-0.45382578933356094,1.3322348548683287,-1.1364586595397317,0.9692175823552606,-2.07003804536289,-0.40599773224441066,-0.22788669969654574,0.16716701716750523,-2.614378185106936,-0.5486136516246657,-0.5446412289531988,-0.27489576736576465,1.4550184973497737,0.22187679385779785,0.19885345625197054,-2.1086224862141005,-0.010562381527682442,0.2916868733545975,0.9135768333473421,-0.49822086306521596,-0.3262219563220373,-0.9149511255171205,-0.30253280194324134,-0.5768794895696466,-0.12426525312192949,2.817717896864968,2.2231399190716314,-0.7806563777731195,-0.37747672553036254,-0.014699873781500322,1.8218723978455384,0.2693322504987678,0.730097777643725,0.5014346572036686,-0.3341423648574571,-1.3420618111000424,-0.3707689921829125,1.6445597523077895,1.6315757725310445,0.7211752492323698,1.5377265233233848,-1.5351686982294024,-0.2827845032746103,1.4967954969398394,0.6922879550708818,-0.0570167329520724,0.33121902085639143,-1.3672801921048119,-1.3759042199085354,-0.6948512825950584,-0.6892630363384721,-1.029998515593999,0.9271692487946689,0.4449134709579547,1.0254370498037495,-0.06068360419428209,0.23552719518387807,0.22126321972156252,-0.9586161851927567,1.5588262351382174,-0.17155617994980615,0.05762240906976059,-0.43368002423793395,-0.48271214988580585,1.8367545879301697,1.173829664051451,0.7114636282553739,0.1417225660429086,-1.1550738614963394,-0.5484809082225667,-0.5206175355986226,-0.5260926667611566,1.1925134470519132,-1.017825265500412,1.3666250116007863,-1.1736058172147439,1.2142030719761832,0.4518691015073679,-0.6872319318763156,-1.3179268309627044,1
0.5596147114534119,-1.17683650620707,0.3453890664161007,-0.9758400759823225,-1.0741630814538845,-0.9937471954014065,-0.6675797826703785,0.38659616805815966,0.37388387601576273,-0.4419809863570077,-0.004787963699240923,-1.2686165829042446,0.42605514547173534,-0.9172165409221236,0.08485239425787806,-0.7893265940764732,1.011398642960743,1.226363176084585,-0.7488677367340808,0.5493397493187253,0.4716568429716166,-2.773438300693245,0.09697500303350812,0.07565845858547428,0.9798123182936619,-0.3276111611612347,1.7095589683179977,-0.7108802212886264,0.7369219227545817,-1.6059402539411123,0.6463195708410465,0.3170269451549827,0.44445069109848995,0.20426869116254426,0.24797158661989832,-0.9519880492923302,-1.381632116247956,-0.26899686134271694,-0.6065352386811504,-1.3947330987943563,-0.13025488981592045,1.5313136498354003,-0.6050035105044076,-0.1678599810532449,-0.7312503721422992,0.6680580527844137,0.9599951811668685,0.6444557331577229,0.3681880643600461,-0.7878985998421355,-0.472306160824088,-0.9026104442819718,-0.7868761085617333,-1.7879354844928974,0.16942374136202867,-1.3392417775786847,-0.24284611403286677,-0.2641593740685826,0.6276758298691311,0.054660514646066666,0.3558601051285201,0.9252368063838795,0.19086802939023734,1.9600192865754091,-0.773968222116567,-1.4496293103955733,-1.2302543195289009,-1.5776129376428638,-0.5168355995056712,-0.3587570774851543,-0.5088490452467794,-0.4024291832410686,-0.9235694802067964,0.6767064804258061,1.2171587868567044,0.5885911666209995,-0.7037407647210308,0.5221401747457153,-0.18117653178891863,0.5555632393409,-0.5029951595586603,0.9621931172675419,0.18219639660284706,-1.580691326405105,-1.2687337846542732,1.2329505330392654,-0.48146131489656624,-1.1670504382867024,0.25374881515135217,1.0978651141958344,0.4346210566810229,-0.3184968371570503,0.8521913794114871,-0.12044531463984007,1.3438809465384154,2.1280154569476366,0.5812037204227113,-1.1058802619653536,0.20694477558988067,-0.26116097926150494,-0.016969455080830188,0.3079060109174137,-0.26222998922380314,-1.1889583578733676,-0.26557118269840335,0.9943879708808833,0.7234026444035049,-1.1750143322984552,0.3827482426886103,-0.6524906772677657,-0.9178537774800509,-1.3408885886571416,-0.025760522680208862,-0.15834741348098622,0.22567267954442563,1.7096734335331458,-1.1212184661643727,-0.08151680799881866,0.42379498528066,0.03500407092323887,-0.8963579668428971,-0.9674963894376988,-0.26549228294919675,2.154822475173164,1.553410941900589,-0.8032371496924051,1.184056990733862,-0.3707136165663666,1
1.0423281439339658,-0.8353709101353548,-0.8979987504617426,1.8668165979650069,-0.8755123025724683,-0.3158510216278671,0.720275209515225,-1.2279540779404268,0.08147404520459678,-0.6479727469969998,0.6344486672429883,-0.8528223971140867,2.2898724666416763,-0.17310504792076128,2.3639389037898497,0.09565164514172869,0.013266832650946362,1.3368859288550676,-0.6163285150293168,-0.4816394173264745,0.37439435346173283,0.733649307521115,1.1492705326485182,0.2595129673181486,-0.09896211405246903,-1.0955577116575401,0.5517786367455795,-1.1701696108590853,-1.4293385626320747,0.019872905510429268,2.8871651943975922,0.32219395118724553,-0.1256710795766383,-0.08730791320515179,0.4763926566507638,1.4947728250714944,1.0800568159605646,-1.457932859978811,-0.9040565521228741,0.8946220977166537,1.4701564413278545,-0.4620236516591293,-0.39790394317474603,1.9868190814398592,0.5582753891691041,0.756347169690342,-0.4373432212695369,-0.7424747092681653,-0.522708003873482,-0.586038266421111,-0.13485082384590294,0.3720805510932117,-0.6477825941760568,-1.5098102699898188,-0.9784469332552095,-0.4459183084759442,0.11327394316252955,1.7733071287239646,0.19187503543796341,0.4334200504894914,1.2524016685571633,-0.009885521332336316,1.5035890890555723,-0.2032699074524142,-0.5963290353889529,-0.631274374093113,1.6068563741395552,0.8912783090781198,-2.1035164883721786,1.1492296205471182,-0.3895782117598797,1.0633289145613485,-0.768582168367738,-1.772248859528896,-0.6457423131118498,1.282938861462256,-1.006180583838236,-0.6571451636634879,-1.072049652810793,-0.4231464053526857,-0.2823558380262343,2.5737676388240573,-0.0962556653230565,0.021056653505001393,-0.589920326367384,-0.63838423425551,-0.8435135868820349,-1.0976579460936293,-0.6924704810578232,1.0616457841733975,-0.8294502293534953,0.07491127700807963,-0.48722019355182,-0.24246062532638968,0.5112537685693428,-0.3737379004470971,-0.068730337588603,0.4374373376171272,-1.7209312552869294,-2.0905146571343947,-0.6537449550752039,-0.02746658936474944,-1.8781184140399472,0.37616583487571537,-0.30200542163206434,-0.3894175368174241,-0.6026157222865873,-0.23951595175859572,0.741265944595538,0.45542079232873794,0.37195154597921926,0.8983546066504327,0.7775794877433442,-0.1747196980568933,-1.0187818927071182,0.06342679229184106,0.6491326633242626,1.4441605282316194,0.16603570698464581,0.6326860440343015,-0.9386384529514389,-0.4096215744356176,-0.41289504336957,0.24313023764710173,-0.03476771608615607,-1.6318333823367928,0.48364880155103535,-1.6966279984178767,1
0.4240360032426602,-0.6381867663480254,-2.1996242639575136,-0.14852196423071717,-0.6497085085803094,1.4294375222884654,0.8141221045981321,-0.8402565116355029,0.0759030370260616,0.45944447220187185,-0.3323380117274133,-0.06344869812811987,0.4953706251736018,0.4076524622357747,1.155103105655076,-0.5140419213155039,0.7779480378096397,1.6737858785300308,1.3293600197057422,0.7611031011086692,-0.5769078052259689,-0.25644731749200333,0.04850020105343869,0.2744148293638596,1.1432191821633848,-1.388569502652274,1.7691237131766089,0.4312860748356933,-0.5465116394766389,0.34132595721039133,1.6875184716457539,0.12518920678733447,-0.5565445683130609,-0.41618658669481323,-0.7149763790857404,-1.879478722314132,1.3767047098050884,0.3571590051494107,1.9098911127000815,-0.21237006264110114,0.3895809612881165,-1.3797132394623282,-0.16582465095709595,2.1620734505910697,-0.44759303578403786,-0.1494616107378798,0.9125573161514596,1.091422566090405,0.2622395837253016,0.6267929677743953,0.21905408247317082,1.04149934347555,-0.4569936845981499,0.6603490944277319,0.3500636102572066,-0.9692916153241736,0.1818435813805908,1.5640451106659314,1.8534392914064357,-0.6054003613441791,0.4381342437188504,-0.39224396093293323,0.03439495544158083,0.5603976508140162,2.0277723178980707,-0.34912387206285533,0.41947991749473734,-0.11148580764078575,0.2378229413699702,-0.08166516948394482,-0.7398024340230456,0.02612592169908262,0.5386313771149632,1.3109781720738198,-0.3549866423848688,0.05676968226200515,1.5849969147303937,0.8088882963608778,0.1310233756474068,-0.004452193473637094,-0.8248901432116568,0.5362168114005069,0.3317989230935836,-1.5884215002180833,0.8065576060551205,0.4624702030508142,-1.129717238073786,1.074326262576286,1.4451661593340495,0.9677416383323779,0.45360145477542474,0.30032939953578947,0.04828449409839822,-0.435592950223754,0.25198432207647414,-1.1855291073026137,1.2828649327151063,0.4132498758990028,-0.37185579728538454,1.0433964136964737,0.7797696344468196,-0.7966094395728737,-2.1916377339675908,-1.1260927843575705,0.10254600019781857,0.7535335559398653,1.0892646246451108,0.7166251072818356,-0.8237070375250845,-0.799977526719081,0.2665770519118264,1.9262200084666223,0.41965596795662946,-0.523039647662513,-1.3320469528785832,-0.25132470747276975,-0.3264150315096302,0.9998566339601475,-0.1009249288511631,0.7464004998212597,-1.104771249738149,-0.43974998202887505,3.2199554535543253,1.3487087054541456,0.07813985917128252,0.5042851106708492,1.155859186300813,-0.7835945895241387,1
1.8775819286042332,0.808287401155654,0.7490127307063812,0.7349775408989796,-0.9015138778381271,1.153540722192043,-0.06775914700552836,0.20415326479037538,0.9012361836327252,-3.107562993393286,0.4374144260379657,0.4537011042380807,-0.9689020966394183,0.527114851780157,0.13022124994950293,-0.9150134719084889,-1.2422047647289938,-0.6964688988734121,1.515149885748302,1.4008023377818328,-0.22429613684494887,-1.6951653662967032,0.2860770414245535,0.43640037206549237,-1.101907896697312,-0.5424607671831527,-0.7952456173205941,0.5931971997611938,2.139335924349628,1.0818622283676331,1.2775031435937465,1.5625062835234385,0.5155441602863653,0.3265060784729485,0.6962038831073613,-0.6498681966481071,-0.7517560135690429,-0.6091261241837159,-1.0965339528465592,-1.3637015285989809,0.993297612993689,-0.4647949628050453,-1.4131278378509589,-1.4326030857510992,0.5083874382376807,-0.6063941303835371,-1.4752482989223683,1.1004236982937285,0.31803465280529286,-0.634103171036163,-0.34541005831105787,-0.40669613204767735,1.0318541931248948,-0.5724085787474533,-2.080707472984411,1.2244253054508885,0.07893684734582232,0.7981367340309193,0.19281391567611086,-1.197715161635243,-0.6410673231425909,-0.2361106855528887,0.7538267829803955,0.7593426826789719,0.41564817760593814,-0.24199935901769914,0.610629525147964,0.2915108121756905,-0.7276303377004492,-0.18928477531852808,-1.401013277118555,0.7170345341243368,2.391420614107287,0.03288540711522576,0.24242269822879214,-0.8889311142188638,-0.29756473255401106,-1.0050022455144623,0.7333312521221291,0.45276350455980896,-0.5133733050188336,0.1698239166289858,1.709276798454172,-2.514639805797492,-1.8973209438427119,0.41766490260398115,0.6661909129724136,-0.06802339893756544,-0.7197239415551085,1.949646945270024,-0.5612863067945796,-0.7291247722066674,0.7144320704575707,0.03793467298198687,-0.7395017338673416,-1.4759819320458174,-0.5909537466261765,0.030564423534417497,-0.48776629344090144,2.4255301370015823,-0.6225136393345518,-0.5057082983122538,0.9180751985274491,-0.8446496635554234,0.3194404212101489,1.0955742755388285,0.6720238257042338,-0.4483985060792756,-0.48696423776430225,-0.515711902895479,0.6434274487352455,-1.48240966206995,1.1437722913750166,0.22244622755151913,-0.25440176923867286,1.7868846187849692,0.47442920723335147,-0.6083807877372123,-0.8123181419021193,1.5842480356787327,-0.08837265232748412,-0.5950295366650005,-0.07779253948579169,2.4387769276404603,0.9044883931250032,1.3138455874980284,2.144611062146534,0.45038565753559606,1
1.0301217507585008,0.7483165073122987,0.5744039028130353,0.3591059840951278,-0.6646285013385316,0.08606367454246804,0.5004243620280405,0.23970010881885187,-0.6651403358754026,0.16193502713465827,-0.8746250132087062,-0.5774709180339924,-2.6900794029809307,0.9206991467952521,-1.676198636633297,0.04037771573177301,-0.4637265132776864,-1.572167091352552,0.8074119729236764,-0.16273680886898179,-1.5337192504165233,-1.2784762375032515,-0.6018114013992714,1.3433837335018275,-1.1658819733590027,1.6326774193972942,-0.2732694143877223,-0.7165214409886917,0.45155232364722314,-0.7267907043198318,0.7785878753761214,1.9897283859432688,0.6295602155345429,-0.14365584945956714,-0.7735461193471307,-0.23789681502560683,-0.4576142381462433,-0.30801466540502437,2.24492634053801,1.0842112684850014,-0.35968482805165064,0.30149806407049307,-0.5576053867699142,-0.5545372190019402,0.5543736509442321,0.24896949123085435,-1.1837251143866494,-0.4291576474720669,0.8150402421979296,-1.346522120799309,1.1935664846339384,0.9486559814676667,-0.19798358281305292,0.5615804602453169,0.5935465871047412,0.26974022743667897,2.5454718220334502,-1.13309336187523,0.4378848404476175,-0.6781094656790807,0.30994467971865264,0.8504868163816007,-0.5203208609361416,1.2089835928073178,-0.5952812057135454,-1.9451789522029896,-0.6922693191635533,1.624807747242017,0.388060249719176,0.17420553634003172,1.7874691808774825,0.3091656539584222,0.3880686195133991,-1.0623740759502784,-0.7608586065012234,0.6137521782946349,0.7795344328307163,-1.1732298615096017,-0.04098512810453023,-0.9266184795456508,-1.431955300763534,0.5450150902856834,0.777911351641479,-1.9900709528958305,-0.21346193237878783,0.7907221979917662,1.7345802548352867,-0.4211325008660381,-1.4914661244897869,-0.22690694774385956,-0.06200344208502732,-0.17143751453857678,1.2812739534854463,-1.2057167211479527,-0.13423390677615615,0.8627568951046973,-0.31796204707374826,0.3750380568100838,0.35290716885841106,-0.14764367640192733,-2.328014822061729,1.080315911049165,0.2264958598912855,0.03473428775516188,-0.660091757887143,-0.1789966117667066,-0.4092633458795023,-1.8218907768327812,0.0015805607228132252,1.166563691511706,-1.275266670932803,0.33117903663436526,1.1767162995562566,-0.1750601650792637,0.6049817371830454,-0.2555294320641413,0.5885166102460372,-0.29805119937121904,1.3581634500167084,0.5462819642319803,-0.6460165051129796,-0.6160819524303168,-0.09584257336245819,1.0960008890048105,1.0918939381801889,-0.2736869027985314,-1.1783909898931968,-0.31424691011899264,0
0.19777423951635686,-1.7616222511173378,-0.03214370210070524,0.06615903211270269,-1.606150372517678,-0.4485534816726731,1.685653643868112,-0.215874302474241,-0.03217233092243334,0.2531868797953239,-0.7414217529276034,0.8479407749608696,1.3617251566787474,0.07584885800309465,1.220365976974346,-2.422085198910439,0.163128256194282,-0.008937134782796823,0.673610158877233,-0.9464160717634437,0.42299051743139526,-0.4427899516522401,-0.5590024093617373,1.057806613234308,-1.6184388562700005,-0.6397450793356976,-0.10710733147340956,-0.640254650599604,1.4181026551466496,0.19172472413018712,1.7718411092273254,0.0939538928765517,-0.46993546098115035,-0.5027239175011566,1.0065513244097921,-1.0526956421038232,0.41171657199284684,-1.5418021771148764,-0.6879690771921793,0.5490846616927015,-0.679186975204772,-0.19682766885922046,-0.05494786177977431,-0.2968907216527031,0.03771026542746404,2.563324003592481,-0.06598267241017958,0.4900567137607429,0.20374240919409284,0.4065907304477009,1.2016788096848936,1.6768414171990902,1.1033098440286275,-0.5208534735159731,-1.0638477850906147,-0.6851550104271934,-0.0688092403959351,1.6320674894319545,-2.401515618554838,0.05006738892749196,-1.0429338804838117,0.26938156840075594,1.4863508069637712,2.703178413055634,0.9260585867432276,0.6038905051899258,0.8374366460184675,0.37374243497705945,0.501952909248492,0.2601917867640325,0.0452855392600923,-0.7015756868081989,0.5588924219517959,1.1231727862057679,-0.6795553275203307,0.3494857579022678,0.6984974108587473,0.22838215704271303,-0.9076022741190083,0.530863914201727,-0.057252409513937494,-0.8756566686604067,1.497937148110982,-0.5968280448024614,0.732814696477389,0.8956784306489843,-0.8565792776599974,1.2873148364260034,0.6149749606020994,0.04999527059561103,0.9854152317205406,-2.1036890756689273,1.2143899814286196,-0.6363402946451042,0.04698773529797951,1.3772979141376351,0.6738289841827597,2.053492144781413,0.1425204336655304,0.2040382877085213,0.014186662755930607,-0.412656731924651,0.2810049765783109,-1.2911031879369446,0.9636549008393726,0.30408750757754033,-0.23758857700441696,0.6943839666739389,-1.6025519510971056,-1.1897302156271399,-0.5004390543477073,0.673215705732808,0.45398735308446725,1.6432041417761227,-0.18692157711862836,0.24156353309981354,0.5225238954651135,-0.9422764536931242,0.10036330323057034,-0.3814139358169254,0.909072115602375,0.5667656709462483,0.9616432015034665,1.6331032359570006,-0.7552578327848628,-2.2374854411464944,-1.1269582125117765,0.29487503038234175,0
-0.17449874420435155,0.7557487941625864,-1.0909172522370167,-0.7426699772885876,-0.6827311367221135,-1.1918909267549487,1.7769514906545725,0.6352349155247494,1.0936079316622038,-3.1029560369381297,0.6957741557189914,1.0062944288720703,-0.1497021206309785,-0.18505367356311384,-0.4435643437867072,0.3954643514455913,0.019671326835869626,-0.07937569478498663,-0.5389806849174309,-0.8444903720643585,1.1193174988546986,1.4405450521662788,-0.3558122906931065,0.7032601245652242,0.5818081569407292,-0.8150225074503092,2.6701220351460857,0.16353038726678973,0.3821228754908504,1.0842248606827505,0.2857118085626659,-0.5375588581734577,-0.3050031055608152,-0.692881782194625,0.5125708058664922,0.1701800997730816,1.4156652517195867,0.4222372106110999,0.4426605657257455,1.4355724988873864,0.4509502109707087,-0.5936008407234291,-0.6761432355156591,-0.15763026274128394,-0.47774998925031154,-1.6281188984427866,0.29391841888515996,-0.277880322886234,-0.017361140740350604,-2.4366761289975765,-0.6696420882875198,-0.5960723390642497,0.0440828517304989,0.0010133537166477533,0.9107281123051363,-0.21351163166373605,0.07006725568604162,-2.6898514324380547,-0.9983253956106182,0.17792265772461888,0.3424779059525554,-0.6713437637649486,1.1201234090680423,-2.066031133100901,0.6301987735612886,0.296907981246945,0.6378465130761499,-0.39466126281937597,-0.9232914736921884,-0.30677268275201924,1.4908972439252843,1.5017234141895148,-0.3705018517579234,-1.527710183030329,-0.9122517591207158,-0.5821946053113668,0.4195285299985304,-1.0034021443997534,0.29707787752812326,1.4207103739088054,-0.8745390218736283,1.4780344041969038,0.5374424857157807,-1.223079485470333,0.25011561686526956,-0.6748380098324444,2.0534184435805347,1.5436693681971527,0.6807378600730639,0.76465101119909,0.4145927857711085,-0.19519804302057045,-0.4972397339132784,0.3286653687041282,-1.1865096765947343,0.46977576822231587,0.024658777215935852,0.5772357433809547,-1.6382225418065495,-1.0528310639039207,-1.9473442412034745,-0.01674062217518375,1.0764790026478432,0.4950236656379576,0.7167923760722765,-0.3950378843978116,0.7040718608946654,-0.7948597412550067,0.9762496997120916,0.7877026580695066,-0.48844826684686027,0.21593008811564968,-1.410464887346412,-0.5141690576906962,-1.2142209408327291,0.2834561380881236,-1.4722068650947033,0.21826173857889233,1.5695556503361736,-0.40924081110414273,1.7055724262040728,0.09261149751732238,0.018485475241962777,0.9506352540600047,0.13286074003216916,-1.3194772233422738,-0.48355733846657706,0.0010060097451879818,1
1.1136148720617192,-1.191793172241297,0.04796775496999099,-1.2557284181355286,0.8580738978580372,-1.2607610467744452,1.8574557784643604,0.581393777985596,-1.5730289223932108,-0.9790821222440673,-0.3720957700325875,0.0012493073289958948,-1.485466358066657,-0.3523423734201873,-0.1025793853315595,-0.6698174836003827,-1.0587685551029227,0.0868011641575354,-0.08761269427973961,-0.11526958773639662,-0.35768551860550746,0.009736395293466118,0.5892856158093354,-0.08517539397557125,1.964966091166565,-0.08615867519914747,-0.5388621927133093,0.5667103470077736,-0.4597591845238934,0.7176829107327847,-0.9478916028397766,0.18299039181900575,0.3921368634490534,0.9745255798697249,0.0785235778229193,1.8948658283815913,-0.10725921997393807,-1.6226043821448628,0.21692066352372577,0.829794682233901,-0.772651753735825,-1.8162484399323935,-0.2404006380775327,0.41304321256091375,0.8558359432671898,0.28250372185120937,0.5690637033859072,0.5292310431621297,0.9169405274226111,0.5392277097661221,-0.6500487779344877,0.3847626084723325,-0.04068692420944249,0.07724575703338322,-2.0586366279759316,1.343128769737579,1.6659828808693593,0.06404734006811916,1.7534014259048412,-0.27806436612961444,-1.0390100720698399,0.7654148971975312,-0.1012377736408614,0.19955187279221828,0.7620584688930319,-0.5607897015058001,-0.25032709370415873,1.1523088986782721,0.021018486207605058,2.6567437974055483,1.1771581679190635,-0.3157310179304575,0.6793968437176745,-0.6803496722423062,-0.7125140444996159,0.7590105906511593,1.3323940500392026,-2.236402363981527,-0.2765269908446681,0.10765547211357729,-1.146489310119716,-0.13453867997819852,-0.32632563344874166,-0.2634013508157617,0.32661579679483344,-0.561019027351099,0.5906708132577407,0.6310309963751477,0.5531931252910645,-1.0619158227046115,1.5582669577961583,-0.8416565568524241,1.4712487773633913,0.4491364250698336,0.9986368376367503,0.3219454899707885,0.05844032330409454,-1.2818899426829382,1.7360606160623002,-1.0330031684223397,0.009741621637088763,0.3524711154704077,0.5700238723897952,1.2443236086509164,-0.1660730579862797,-0.16397647840505108,0.46532468303173835,-0.1396430908117989,1.788067554081681,0.2735472973742544,-0.6419367139871908,-1.4687189307973418,-1.726042698686495,-0.2027068230440155,-0.7553272970096377,-1.9425914370467894,0.14361862246981583,-0.6383165567293726,-1.5228760787504416,-0.06548489659765278,0.7025330221627978,0.24785303059068506,-0.017544363182597587,1.6081820126462611,-1.1437227465807736,0.6190554023192868,0.8315946539779527,-1.59033231941296,1
-1.522047814414196,-1.936319836699285,-0.17904411495909056,0.7063407400604723,-1.5004906245867675,1.3125049701649618,-2.5129406451289604,-2.3881360247365375,-0.03594360994823527,0.816625115178611,1.16407969019128,-1.2607864732030793,-1.1364914062237232,0.2368794597787412,1.5578894957246832,-2.0637842289294865,-0.3394681066661204,-0.3477672653061948,-0.4018161922116338,-0.4319048412614685,-0.6630958325217982,1.026074392782289,-0.34603335456632206,0.46107182622744397,1.9754443477321306,-0.09610594523734795,0.6485639961781872,-0.36371249066753286,-0.20623573488328284,1.1046231080838207,0.007181829374823932,-0.8500534673821744,-0.07847719367166052,1.4436772546715924,0.18751343877839596,-0.22775940548874418,-1.682620012479133,-1.231830790507182,-2.09093760926859,-0.9828224582576124,0.0396922325061856,0.0250137224435,-0.16550388471547098,-1.4047846304786111,0.5065305858097942,1.03509397385837,0.36477312262996503,0.8314064592296754,0.09879822619799702,-0.11634621555115833,-0.5604706319027484,0.7728160306768501,-1.739834868764493,-0.8753590420025239,1.2984957685296474,-0.6923050350013354,-1.8749494504330102,0.2817455830743403,-0.04609415108436003,-0.17805541286710294,-1.157341351562866,0.6554355184480111,0.2881114796246156,1.757248939009552,-0.436278116230577,1.4999967041939541,-0.8193142720515066,-1.3809476681803032,-0.5838832925511872,-0.33008280502107096,0.39442655283055444,-0.44551217294103634,0.0898692462522029,0.7294543095684101,-1.042808960682666,0.4029444176859259,0.5709688865250377,-0.8076563692549391,2.166784269063674,2.06064338838648,-1.3280339691695164,0.36303433826853987,-1.6102484856320776,1.0978243131155896,0.629303495068125,0.288168127557976,-0.6092190578787715,0.4406051834246642,-0.3621813022466525,-1.4980518770543148,-2.3098617113548383,-1.9233886219178236,-0.6153004681229483,-1.3100915952710939,-0.5488732368846101,-0.3541446234670234,-0.5587636186538296,0.9538681401824061,1.8178971622818625,-0.528294260963272,-0.038696975522109066,0.1767168884068154,-1.3469019577804482,0.7729797148086671,-0.026048389574630113,-0.2911402489064727,1.9438587623502483,-1.075042581517714,0.6667153286547528,-0.6226412730825845,1.6894639603948733,0.07200302832774845,0.9830815291890052,-0.31607204846527814,0.4193424510774429,-1.3358586071633556,0.02666458489980427,1.0639536878373883,-0.42743906413354554,-1.180378683901489,-0.38878102068570747,-0.2608447544600126,-0.048549074888519846,-0.16690004134141154,-0.31878659506446994,0.09955061164716927,0.22407848093307134,-1.75675710340108,0
-0.49782379177120445,0.7719992483457,0.6536431398001638,0.4327177398343374,0.8914530135861599,0.4882021416141062,1.635687572107159,0.6600683512403742,-0.8518507106665318,0.8899237488468323,0.10777664012101021,-1.2086563917007995,1.3337549922714145,-0.9613715328036777,-0.13108660012166698,-0.527754165749074,-0.7185379795361041,1.3236739005482698,-1.1960818179379675,-0.4104590800598116,-1.3243409438684426,-0.36773795130474835,-0.20088277341372476,0.3302237159020326,-0.5631750811531615,1.9067650306012462,-1.4628536776238235,-1.319959962756608,-0.07124700789707003,1.1479786115425181,0.014531206385730591,-1.3522857437334799,-0.6684324286645337,0.4365328966105187,-1.7589098330821402,0.15529393432337407,0.6031288435936895,-0.401004613828195,1.0979281792290256,0.1959337449527678,0.8103964624255,-0.5309531527117806,-0.28823039990686317,-0.06341791520989719,-1.007351889522503,0.1896541181828539,-0.38762831575279977,1.4849774183664366,-0.38448509672033204,-0.29465445233789955,2.550083665760668,0.5788102339337629,-1.0341707267431615,0.7397228153605082,0.25306155324731755,0.08443494543107757,-0.3262560302869803,0.010048616403154092,1.056500615882807,-0.22894221706977458,-0.3798138393840539,0.7893596408173227,0.7643388244041908,-0.12838015210990367,-1.1289689148464053,-1.1071213271436253,-1.6688664598570215,-1.0720125285136033,-1.6664469049178878,-0.6305477312533064,0.46615402842856063,-0.5183497460624831,1.129593410004665,0.939524944647406,1.1794309114887644,-0.6691930130896167,1.9230766324204502,0.18601165744308176,1.6146736159081412,0.05834902666037577,-0.3254578068545079,-0.5131875380897757,0.6248973567481566,1.4824916998562883,0.7241918926151298,1.7579830732058432,1.3745474982340222,1.2324934558022025,-0.47797861271497427,1.1450116512508757,0.07885455491808782,-1.4537181535982744,-0.48372305320509057,-0.28332616740236455,0.6646323000376785,0.29774995213945343,-0.22517148194766123,0.071470343592031,1.3632640736637247,0.5320921033328235,-0.3852107322582804,-1.6395909453114836,1.084593202170586,-0.3947882956823048,-0.44892359728415654,1.1832215367071501,1.5727209164796645,2.66232744076461,0.3338616195960081,0.6288737623624558,0.8800763902615727,1.2448825876607439,-0.539553312942918,-0.15702221509768893,-0.811062269292641,0.28685551378288454,0.4810863248825198,0.16355448449243626,0.36106044395061826,0.11236504781493076,1.4896096346291683,0.2079113859427094,0.3771699624148559,-0.5301911878684448,1.373458826195052,0.22554982445277091,0.47680904061619905,1.823011767211414,0
0.7248196136622825,0.010038792260615183,1.1961393446254316,-0.7456543329779781,0.3239382113247156,-0.5004446591180565,-0.38126432737439814,-1.815360533580738,1.2339597569151632,-1.5246500407817325,-0.5116473563993457,1.6428652098547958,0.7155127038027836,0.06292861475303754,0.550224646131716,1.307409984543043,-1.6427433468162163,0.927494306298774,-0.26652787751689494,-1.9667485217102425,-1.5846346655153731,-0.9397115057961479,-0.08515838168462427,-0.05709964016069078,0.6412928790049992,1.6011251802313642,0.9463968666764743,1.2134826930030251,-0.36235846345724654,0.3082037101041565,-0.42786984404110473,0.18093624919141335,-0.9408247276588654,-2.272486159975043,-0.301135617156368,0.8747520992683895,-2.4907596424663874,-1.7981018548035321,0.3755034289080861,0.18343481534411346,-0.2913321315166922,1.6307697447604543,1.458927912742956,-0.2529584022781346,-0.7519280957517293,-1.6437266464715623,0.5468972116255775,0.6031592406568723,-0.28491897179035686,0.6292061576757456,0.008254147544683042,-0.15001306830075384,-0.9402629036846808,0.6092123471126374,2.0763118103882903,1.1075384361106877,-0.29801132426484817,0.35802582124869486,0.11082660313387291,-1.0254586584040235,-0.11408404346052452,0.9386749105210941,-0.5039611540197115,-0.7584859889375325,0.3198101557008028,0.07573253007133467,-0.14445449884651526,0.4985162813711692,1.1630454160401618,1.2449653769899414,-0.1568084460616861,-0.616341440697608,-1.8789149189084289,-0.6712117022634061,-1.0312043138523328,-1.0851378827536362,-1.6212354004288214,0.504581964999643,0.6703783697450082,-0.1461004557429274,2.1908818454933527,-0.6913573027376229,-0.020971344703324995,0.5441453505101465,0.34175340386881603,-0.15618588533476568,-0.8864212378304365,0.5885552993831216,0.5057312987936392,0.4563186114443017,0.25650096273542017,-0.43383270512399175,0.8761081948576953,1.1697384945080236,0.13855430034742167,0.8599852086410117,0.14760755871004508,-1.9609586682989508,-0.7399034854628668,-0.2769875350261031,1.0438802490054246,-1.2723334584341042,0.9728307225182953,-0.374383461029756,0.6419431377719836,-0.4371272225033024,0.30981461807528776,-0.5110215158176166,-0.4898036696813863,0.4454694078674045,-0.49820224919424694,-0.08801529830978119,-0.6343002130652485,1.0488289813468474,0.3941450607864638,1.235029582088874,0.42062743478638687,0.604733899798656,-0.31315946595278354,-0.6375884941240227,-0.5542174266500283,1.401523196700336,1.7497189319036714,-0.4425773656888986,-0.2899677209280572,-1.278150990030276,-1.2906574745112764,0.5593650771459273,1
0.10404850699798719,-0.7408105341916622,0.28421361308404347,-2.88891815223529,-0.5753467682753433,-0.7405558295531,1.0484374944555588,0.23137686302887608,0.3305169694240647,-0.9514115063190988,-0.3468489683230995,-0.5057530042205362,0.5675493813586718,-0.6932316511749884,-1.1509632329711965,-0.3359676966710262,0.7441657152141988,-1.7124111039332561,1.1983460122832037,1.5308071329431912,-0.5806002053176373,1.1306481648766729,-1.4312424879772747,-1.1540321124910662,-1.2559750014757156,-0.8821711122878008,-1.1994920480421245,-0.005992331619953632,0.779257417803127,-0.5123298133321461,-0.06510482486623363,-0.7666202670754848,1.5938601163291222,0.8787910821043049,0.5807316075188549,0.8354717122473913,-0.09491327744049557,-0.5918760596412719,-0.5280962989614938,0.8080042091720441,0.3157295099347221,-0.30493467513170924,-0.2849898156793908,-0.8905948934905915,0.6130589287986915,0.05597474265341488,-1.0319616733566035,-0.7759312108662171,0.09970648895811475,-0.22976694185681096,1.0472261076272873,-0.6178401562916294,0.6474390154322924,0.7204940574357315,-0.4144274103447155,0.5171785137554008,1.0394724785462761,-0.009744321640618609,-0.49250083637690073,-0.7965297256476519,0.14857885340056254,0.18311390391931678,0.30481498203818314,0.6189545445532246,0.7088566317802931,-1.3605439588488268,-1.826578009815296,0.27617984960831377,0.46164834466410554,-0.5872917511651767,-0.5057367690302466,-0.44693544004914915,1.0672707959501642,0.922880361940754,-0.5255760447921847,0.9067339793931398,0.04879239412163937,0.13220446168969138,0.5134180052260839,2.6054210435670333,1.5400936933874225,0.7943498118826667,0.32020550548325794,0.2619712578794814,-1.2048321652630412,0.398580509357463,0.2564792253755976,2.1095934794764553,0.07182444424348688,0.9916943670671408,-0.7955350279709638,1.2530373561679797,-0.17754115850429192,1.8558412041682386,0.7549495589693844,-0.4962584426955245,-0.30524989237872524,-0.006579224947236621,0.884496561139933,0.4824662611943311,1.2824407751597624,0.24521916751257158,2.8389432038816627,-0.7745217039787424,0.7997417381144348,-0.6358619625566787,0.10970689520582022,-0.3515965286425582,-0.45907061044011077,0.04927688337945004,0.05038536526582384,-1.6254093672233954,-1.0995316707653626,-0.18587355379865084,0.041145515236990095,2.1378854834525156,-0.095370560141535,-2.1187821104142857,0.8310232277727925,0.3020985361304649,0.7051271327692061,-0.6947427602104924,-0.631736538348251,-0.25102330559146885,-0.5441582230122051,-0.13731879211620024,-1.5972023987366872,1.289534392777321,0
0.26450284591021495,-1.5533466180663735,-0.020860595019276295,0.24969644265727114,-2.1292958235376633,1.27931702990466,0.12315583292121504,-0.8366385761889397,0.3158222797221628,0.7002113249501549,0.09905376340703319,-1.1793119793629843,0.15967672763350374,-0.7360576141675296,0.16746922500645797,-1.9097772639821042,-0.008318898211397871,0.9325908560892077,0.7849717392064439,-0.36401425717268837,1.187141172072983,-0.21456106190601626,-1.1699097521790849,1.5880284483962062,0.832712063404328,-2.0359392383250383,-0.42155695129259574,-0.08661864754234201,3.3826231897154124,-0.49811480904153166,-1.4428596666627813,-1.4223004977715559,-0.44936773242581085,0.9309140125741607,-0.18394428165216184,0.7952097826454682,-0.597326250675933,1.327745116373477,-0.44133677264169313,-1.4139675266713985,-0.6712729295944648,0.11455000639861553,-0.11363712933159657,0.7557097190648694,0.5428931048704769,0.6683498948348281,0.2323122774878456,-1.1526106704251002,-1.4287623033469539,0.7879213499527514,0.7144336735946076,-0.32450827264078286,-0.5150961376917957,0.7901003673949449,0.8591884499555195,-1.2819557118631768,1.0696232206521126,-0.7297172099842876,-0.4966930574566291,1.7825598585633304,0.21103982927611775,1.5736615195104338,-1.0066731984449133,0.893509759121458,-0.8619487319509126,0.6419972512586394,0.7948118114540103,-1.6355807855621602,-0.4968887629943075,-0.9199487782441454,2.0703519292968893,1.231744909194676,-0.8781500035290429,-1.9986591231955138,0.9869896600798226,-0.5825663449852774,-0.570112699190678,0.5054879316968937,-0.2219258643933222,0.09852568259541818,0.6975933874617839,-0.7719605005358402,0.7936982902687382,-0.7277331372604974,0.005889331441220142,-0.33972093137367654,-0.145929614993911,-0.7695108335723713,-0.4900179774243283,-0.015258281556603012,0.35157028030861576,-0.7880711506153448,0.8210855850875022,-0.5645579351816814,0.025270712956538387,0.8722474475265577,0.7172480023791968,0.05363254424083453,0.9315062895704158,0.4872454320262726,-0.26377268809120963,1.444491139871217,-0.036726577721318605,0.3585286223488,-0.8638609137849784,-1.7290641398050752,-0.20848857838130294,-1.9879766829217285,0.5158481522676982,-0.37683545692263454,-0.01536025152112448,-1.9033368768675536,0.7250961898468266,-1.5802645495122378,-1.061834271942315,-0.10653795548198737,-0.978042973117691,2.2521930359667373,-0.6950132798223984,-1.7270290899446705,-0.4866587309737926,-0.7829555627479292,1.097782574404089,-0.10107505652081895,0.03286743431998705,1.0854584817009783,0.20159781626354567,1.8455633914774954,0
0.2749852988329731,0.5731159454212796,-0.5098855470692327,-0.4771886943080862,1.0697239591824936,-0.8400505411411838,-0.5281536853509259,0.6856155102176604,2.658546396573864,-0.5970824417175332,0.2482747518858639,2.2592496574281635,-1.457251231638209,-0.7216854430195131,0.7175826229420471,0.7441347053142353,-1.1085370400645098,-0.6759261245268201,-1.3478763541961227,1.3050250115002169,0.6197964298794847,-0.6216240050023524,-0.9613613989503007,0.11597722871801654,1.5226255549737873,0.3000139466722626,-0.6735954391052651,2.3783068750371132,-1.1600406364770877,1.0254213885131094,1.0884071949436935,0.16868613634127907,-0.49525851024362355,0.8037460313096363,1.07144322864063,0.6367160124097505,1.8617239053667418,1.7304297351068894,1.483887945595957,1.442702621777583,-0.8696786463635163,-0.9933812300259502,-0.5804586530274825,1.1914451464636677,0.4966105967939897,-2.146447955504885,-0.6740417865900308,-1.9135774802669268,1.5975295336649442,-0.5500186899227493,1.4267711224522026,-0.5070334975408459,-0.43318194413007105,-0.26244007493465515,-1.8484083173787653,-1.3853826431557275,0.38429786298218377,1.1589456138554908,-0.48151827125352525,-0.4321153255929802,1.7401266156643593,1.7721175622271463,-0.8541624162783696,-0.792715250069383,-0.23968072111362007,-0.6804300166362138,-0.9991675264571617,-0.23245327854870898,0.02479448114600072,0.394381117291262,-0.7116276514242661,-0.301305715821297,0.355125068297759,1.2359602692332863,-0.23571814201731617,1.5640000742232851,0.553022553941597,0.6113628545372732,-0.5728943543765137,1.5636493153350723,-1.6883751216519165,0.701258313875245,0.21748416974056736,0.9364427970277469,-0.2898998469630241,-0.40109123559371535,0.34219760884517036,0.08126473160203572,1.5456045920312136,0.9179073826364268,0.8825166882081482,-0.916676820262344,-0.04725656814154668,-0.13378045101593616,0.3394190498694143,-1.3564634187184772,-1.1913073719537661,-1.1644271028051565,0.4221946997938451,1.8537969687175764,1.6519820835979029,0.5733867784267505,1.0726964550198437,0.5838117423467124,0.19285060082337113,2.0106025855167218,-0.7808418565288844,0.501621330845727,1.1274394334328601,-0.9911135384659122,1.0765951166505239,0.11929924528215938,-0.3277863220278996,-0.04021878616499921,-0.6597609284073928,0.5604825350686676,-1.4990374064536738,0.7171163243172279,-0.9294124476747734,-1.5573287218697953,-1.4405158176379196,-0.6343377944118109,-0.01261236097676115,-0.22229363269037333,-0.9325601147888372,0.9269116923817077,-1.379282522438224,0.7129427670329704,0
0.44339664267238443,0.5056897924831544,2.3019614446842662,1.8498014262780613,0.4239699462249956,-0.6875553608192692,-0.23681075462674114,0.41118728209628175,-0.42788501755996644,1.173331270417992,-0.8157996591116614,0.8489836122984442,-0.8034950621046715,-0.338421250763109,-1.499029172062401,-0.17421410582188593,0.2527038682204489,0.24363231106421251,-0.7551418714304543,0.2582766458543795,-1.218163419749022,-0.25308717642260103,1.2722354816565211,-0.8946050063391106,-0.4221558914632307,0.3814910068955341,-0.08884928790305974,-0.7285328916680878,0.30832433755567273,0.14433171196640918,1.0733505838596709,-0.6044565432260157,0.1859635114330543,0.7661061023272189,-0.27564579369221986,-0.8856355511535349,-0.24936141629711756,1.4206447082864697,1.0045380625071119,-0.15419808950298425,1.2606480395087367,-0.4835632383464736,0.3666961860901545,1.8269820521524485,-1.081360356947026,1.707590022856695,0.6780627917350611,-1.0916447723547849,0.38047968774008456,-1.248114675622108,2.9138226047126246,-0.258657702582674,-1.0391380929206986,-0.3670343051614316,-0.24601584136434787,-0.6713162512012065,0.11403539124611962,1.8767858445748327,0.2686545684157362,1.4551978180966214,-1.4422407369119852,-0.9751421743339617,-1.3677653881038845,0.9073627752138347,-1.621966462058287,0.4307593204132846,0.5161097370393505,2.585150110362924,0.3295770557117398,1.312084216035059,-0.7864910027533388,-1.4543131549071615,-1.2168242767211006,-0.9942422579223191,-0.5875737779507093,-0.08249908708413135,-1.071861100274609,-0.2429568561648447,-0.14772533492057605,-0.060579219381354105,-1.3048113920488247,1.8120819145320304,0.6937180410749064,0.09539764871207204,-2.2600565475041465,1.1763376117841595,1.3669116938375694,-0.282531931403064,-0.44368786252034187,1.5881851889353018,-0.4232232431405046,0.1259219881470755,0.2891065491639194,-1.5570037197267006,1.1929102303592694,-0.7464923947099993,-1.3809566086958425,-0.767612675113529,0.5915488712006427,0.42070498426488817,-2.440194402465231,-1.2498249612533623,0.7782010852829159,-0.673651384208465,0.5452977678115138,-0.4977866917208611,0.31199233494906375,-0.12588863884303758,0.4134871725790009,1.411948093686803,0.8019689544582211,-0.46690703988296195,0.8667134481113448,-0.8727511640188191,0.03262116927538732,-0.705849199064124,1.2401012572096184,0.933077208922844,1.6829825737468116,0.42937707693237903,0.8979877790351459,-0.28852384857447955,-1.4314729479034152,2.0084368667678745,0.41685919804968247,-1.6383013792982548,0.9053937389010206,-1.0114799568404087,0
0.6895300410186851,0.29230783551663003,-0.25138272578623927,-0.33493316945645746,-0.2930154007686487,-1.2368934821588389,-0.8238837306450869,0.3453307550261343,-1.0200041993300222,-1.3294625682792156,-0.1182664583180136,-0.38957464826551264,-0.39100983511557,1.2356400812297723,-1.5590970293555737,1.2742470098882528,0.5207823351138562,1.1282805449674636,0.03277115785833874,0.3710676611600696,-1.8213409510246534,-0.5288601913776421,0.02512395000640686,-0.8451323085778153,-1.0083898009709937,0.320989022154606,1.3956898701848912,0.38642127986537605,0.45711202111185145,0.7104918510666235,0.35000611296927575,1.3004039503526161,0.26226112757279446,-0.4855694829875937,-0.36605166856652765,-0.45800168385358253,-0.9648510012032532,0.2397597268942127,-0.40111344816997235,-2.4408703324866874,0.4531994253887418,-0.2638440613737879,1.4715551359578873,-0.3321879697731744,0.2186443270178289,-1.5492545435833254,-1.0511658415551737,-0.4155510182186055,0.48868592801091576,-0.6132269234114667,-0.9666753168910696,-1.9851881685752064,0.10117978113959289,1.656079453910522,0.20124353181050578,-0.14476180260873855,-0.4777001715896573,-1.4830508723614844,-2.6481886430882478,-0.9725530447241619,-0.2279021008540697,0.6423693328268594,-0.4970231211824378,-0.1798309855073349,0.05618634296425327,-1.8950378315214753,0.8329605113908146,0.4010677881955176,-0.12616745733501913,0.22354910249578422,0.8159228980960994,0.8037552888771189,0.761077919278803,-0.4496789502843779,0.24129964925475902,-0.3062055011935828,-1.2960483216914436,-0.8969443584500025,-0.5372068924313934,0.6105103503908471,-0.13530863998071666,-0.6602803546033581,-0.43739085918690773,-1.2198627429792823,0.9372307589140845,-1.9363299690687195,-0.6103469732396399,1.1466169544588791,1.1633208077901114,-2.478086155103453,-1.3502301727876749,-0.003289732397552619,0.06263493648547332,0.74062013433931,-0.40560884819571247,0.018176297618347277,-2.038006845888519,0.29991271917556267,-0.9525002300486877,1.2604487771488475,-0.8774279400484709,1.2308098596300572,0.32824520397443996,0.4662355116356773,0.4037135481772653,-1.5312734917478679,0.39002470330423195,-1.8307303167552593,-0.45515431836556514,-1.3049483885425541,-1.029753554408976,0.8250875942932749,1.4450253420059378,0.9554754058185928,-1.3671452453670503,0.4906020207401617,-0.7738706137959479,1.2142714664126402,-0.10996784944860799,0.3284985985935107,-0.44685196630881624,1.4200173885425043,-0.5508977469767594,0.11619889441970853,0.8110011882182209,1.465425946263208,0.3647010054772507,1.7591015217082127,1
-0.0863381523767074,0.5726849219286942,1.9171082598977347,-2.673617416230057,-1.9389949385828356,1.6620815985618647,-1.3613264153412776,0.3872711577415691,0.6485514324493664,-0.15309570531226707,-1.3889749933700068,-0.48416556331447075,-1.545974195424317,0.06159800540924932,1.89138028492442,-0.8951946588353988,-0.20252244577904632,0.787885142308949,-0.7167958851014358,-2.0855587942133638,2.5669024352258196,-0.4679084237564136,0.7552253510751353,-0.4462147730614942,-1.250254389372174,0.6039166456152189,0.9364432502166851,0.7456422922915668,-0.5505380850990841,-0.7189935214410714,-0.18151292585565673,-0.11283321090819451,-0.8657352825365165,0.2778804283674572,0.9520848569220818,-0.43566442189692417,0.10027938274006558,-0.21989007049784004,0.044671881103609194,0.4413013460290701,0.23792166561800318,-0.8539699094429534,-0.4689863381812176,-0.4524611006107105,1.0555703222049582,-0.08890910624524327,2.619842097193553,-1.6253747426049108,0.9786364379074781,-0.6037275706482453,-1.0793585929002452,0.8487403388587351,-2.368619931282973,0.07944671479394037,0.9384311929457667,0.44300674598431083,-0.9640669629815755,-0.8227191052494303,-1.948025136885926,-0.3427895051473762,-0.9201340366102109,0.8797764367354932,-1.0118132265096327,1.4749409861901255,-0.21078134859591027,0.029879293657185522,-1.5165866737348577,0.5245647383244139,1.0441531732131974,-0.31940936448079094,-0.17814808100545468,-0.346442743307417,-0.6861913052533433,0.34538734303694935,-0.20658266124473956,0.0989570013528056,-1.2253049853749858,0.8998151785003441,-1.087412119204401,0.4543793057971586,-1.3077975090741065,-0.762752903583108,0.013608629911218936,2.144558944978296,1.644898674883962,1.1349478365672077,-1.8326297958555848,-0.5349927751334267,1.1084368077564437,-0.5423734230655839,-0.011928237710270554,0.6097187432306437,-0.6044170787632176,0.12079283905963004,-0.7247944495227959,0.10035049724721912,-1.2827362071096238,1.331698885040953,-1.4152450623282278,-0.41081742669170546,-0.9931428431573722,-0.1834794316909733,0.9682163523193934,0.0866344475838427,-0.6241673173932336,-0.9718249971998001,1.4732903439319613,0.6690564962127079,2.803809888991005,-0.5721700825971249,0.5846936345557334,0.5426899125344449,-0.12169019276405263,-2.971849735663109,-1.2721411790867323,0.3198939358559572,0.671611075269183,0.8881995629698438,0.3649834150972677,-2.083541156993668,0.9456168667831327,-1.9766233531037256,2.698819840578702,-0.5868244868191795,-0.8283526053995496,1.585407719036312,1.6640804542095475,-1.7322757134313562,1
-1.2964476595098036,0.6074762168466206,0.8541110987149462,0.27000291992767605,1.5921017334344298,0.6926063649440363,-1.764607962868103,-0.7161409305506186,-2.0701063075440356,-0.5602862435442175,1.4524158118890598,-0.6230643437166342,1.1930082058716762,1.1243789746576656,-0.10221684469831713,1.2595113269617637,0.332465049589598,0.6686011906886021,1.425681708845842,-0.0775808568830534,0.08553617312600531,-0.5367529725810165,-0.8543309763268147,-1.603220641121298,0.5027755510726332,-0.6800957594116154,-1.3409638838786764,1.090823754791451,-0.3386159032762191,1.0674207531117983,1.275643582437767,0.28628030279967426,-0.40106488810771934,-0.3784896866808081,-1.1141875309839147,-0.17031414592407834,0.588449731609918,1.738627879030147,-0.5929034609975996,-0.7710269279797526,-0.2319754642663595,-0.6965263934239488,0.641326810840161,-0.4437180200439173,1.0423620636430861,-1.0123731411802763,0.5651725639137153,1.6899404887426088,-0.6190188790954785,0.6671456729161196,0.23851194215845425,-0.08137481222001372,-0.6824216022723829,0.11789646351990264,-0.3662441536710915,1.614953861577267,-0.6461920232020641,1.12255736960423,0.777866460194849,0.09525661976641137,-0.5921272325101646,-1.456004750253438,-0.09192350313156683,-2.2261289012344294,-0.19462534755653885,-0.09443346440008954,0.2075089719881774,-0.9129650026866377,0.13544367763097565,-0.5209790836852773,0.16862519446011345,-2.258722976615773,1.0956294124404036,0.23376845627256373,-1.2963385868428605,-0.6527542837948681,-0.6749433675798026,0.2750375702016024,-0.9301815319519344,-0.397683488392372,-0.04694466043085707,-0.8363990787914267,-0.2448677597225093,-0.5129796798934554,-0.7723742959241642,1.3419351847884151,-0.6443971874991392,0.6517181115149724,-0.8022117662334319,-0.06886613874596939,-0.68115082379147,-1.1695376928714605,0.7722831942489061,0.5117865668039677,1.2412859472058297,-0.7598102636684826,-0.7223610007397052,0.3785287253220594,-1.8672785762995066,-0.36796649711541524,-0.38470521765820853,-0.5489948297196313,0.23328191927345623,0.6433646116541633,-0.9203481704262124,-0.9711684858934273,-0.061791741895391675,-0.560970570642582,0.04651224524604327,-1.8596546866206114,-0.8239094141398696,0.5018852645126537,0.527453263758087,-0.46647368931923666,1.9246443643274629,-0.4610247961310972,-0.9567381063006484,0.6512583512758178,1.0163856883411915,0.25701114946901127,0.3536770840440222,1.4858555978326076,-1.5169363958781859,-0.12758927654524205,0.6034595582587313,-1.3837343178650823,-0.6922300610224278,-0.4595016016396825,0
0.006727369791377505,-0.5088271455721963,0.30148020772721335,-0.8225186434670855,0.48430585686444955,-0.9477167903679816,1.774810436289596,-0.273349131367549,-1.0874932138849485,-0.5472279111847715,0.8134459039761176,-0.34276825676972134,0.3883276463114611,0.050072267351383835,-0.028645657779717067,-0.4414310804741781,0.27757689989256057,-0.5102916224879163,-1.2778979636321468,0.05539801704610371,1.5014583844719827,0.08671194892614509,-0.6574426741441413,-0.9923088345734471,0.27869974789333946,-1.1122024626794416,-0.27503941730348,-0.8103948072772438,-0.7050618393148864,0.047976498183859476,-0.8480044143409552,0.4109362929104591,-1.053348372544299,1.6708388173831783,0.8035734849032445,-0.9306062122406827,-1.127639940072517,0.38061802701856023,0.2595938203967035,0.6417701527191707,1.709254567980465,-0.6899484037391098,-1.6406337871948722,-1.6103767830879074,1.721800788843384,0.28252263024238583,-1.3499758388071255,-1.0140909774156606,-1.5469621895563754,-1.0636504538293237,1.899853194113393,1.1261779803189536,-0.6014883297811354,1.2243488761165708,1.8775271229925186,1.2282571347376752,-1.1900361597099574,-1.8613610574407395,-0.6992503824766494,0.7595170113381846,-1.6521038432987132,-0.011449816302149689,-0.2552766928561986,-1.1260615294611303,-0.20780560900886696,-0.5997085891850659,-0.8293297779168836,0.7870868985648105,0.8211657381523939,0.9432683398718806,-1.0379541805248984,-1.91968374584931,0.26272069408319637,-0.6035718050716566,-0.7864040901000307,0.6672243234903326,-0.7043337322488894,0.34895192955454424,1.0810618013060378,-0.47239658946729335,0.776522229256668,0.026181170729807912,0.9280300927003461,0.7700490726422657,0.573749289328472,-0.1307281429184653,-0.5275155562130306,-1.9971935561763086,-1.5197656121550196,0.9796639118031917,1.4319378459719923,0.3875296479413836,0.9780805345236979,-1.4231504303866953,0.8115261187175583,0.19629305110690495,-0.22880299255216102,-0.660705890991978,1.0474802505709409,-0.29643486581655504,-1.0261040110674156,-0.5549274408426562,0.08064290589686678,-0.40928344186685783,0.27215016804480247,0.07348012546200328,1.2172834382684539,-0.9278973907835096,-1.40440860038064,0.10635306669538076,-2.200260275732343,-0.2950215593612955,-1.010671750491991,1.0435274010266138,-0.5114330350408568,-0.3911931745672953,1.0769161183384783,0.2273601877152226,-0.39974686202276744,-2.0283949726900086,-0.010506955383698918,0.18374531248812012,0.8050608502113558,0.010235354760136777,-0.3978534642062731,1.1245179731283224,-0.3138839324364376,-0.24927979786227808,0
-1.7231968172463878,-0.4556810170379068,0.9373558455590185,1.19406769122935,-1.2385284733700652,-1.6770650769150814,0.6188909458951893,0.08521660286600827,-0.22981150987825327,1.8744261172548717,0.8474832773750016,0.26458459883294305,0.40318957539750344,-0.06669813751797465,0.47468711004161457,-0.6292773202117029,0.33259282700873066,-0.2862721032228176,1.6675610734596913,1.5823512212741926,-1.0842280741992247,-0.6681092358206285,-0.15750088642575477,0.4779231181319261,0.7550137611418108,-2.170206021675281,0.17842745248376018,-0.4998018069856786,0.5233856397411283,0.18174835730200986,0.4763876734644705,-0.6372559885627144,-0.1352500108007979,0.5933106544914948,0.028680317254783184,-1.4006597073232243,-0.4367286951414763,0.7240660650901756,-0.044126747515504286,-0.9063945044736629,-1.1218153759449143,0.37391342426479196,-0.569748001556379,-0.5997477641084682,-1.619258678453419,0.5232775486423404,-1.2109110177352318,-0.8972793272696565,-0.6977420629404415,0.16566146165428877,-0.31796093063352476,-2.0370373562097353,0.8686577773917614,-0.8187880934860079,0.19352489785791177,-1.4614009714743177,0.5864964781145601,-0.9029661225782697,0.695324474793834,0.2939544562646989,-0.5411443225312769,0.2626307794519607,0.26898873288433667,-1.122860724156203,-0.2942673167217795,0.31480378509743195,-0.24576482541382844,1.7617504174730634,1.450540578937658,0.8055860927339589,-0.38500704513071976,2.3256696813375353,-0.09868539262444745,1.8568776208883238,0.6735849531990508,0.6870879314659185,0.2493581451717572,-1.0187719978064862,1.0220168650921544,0.6394676766605818,0.9434397725895804,-0.3468298066496156,-0.1791404741135939,0.9944633643169852,1.7285183557542176,0.468505785791629,0.06266658937565853,2.089813448061791,1.7761949228649951,-0.7971015665615262,-0.7400494531589534,-0.2780770776428115,0.2721307223981673,-0.5100304708591822,-0.8107966660934492,0.746205418499384,0.5615466700050722,0.09158847285871181,-0.8417787780493168,1.6956912930764758,1.626015880818059,1.1539355902149695,-1.2322021988935192,-0.1632360836677775,1.5951042175401322,0.851358427447461,0.9263497743062383,-2.0460402796617108,-1.5483917093070998,-2.1566531042141857,0.10987447168900022,-0.648604388764817,-1.529632400354143,0.050040790723734165,-0.7875764469646804,-2.163093163323949,1.5056795588307852,-2.109540929838704,-2.3913003961309944,0.14085240451625083,-1.0891389048669804,-0.32038844157121493,1.6935643715938984,-1.343542349082554,-0.2074676967371486,0.9967279211597722,-0.5643917806891855,-0.0024809816320958593,0
0.2400374308265882,-0.2163912310120854,-0.008272566591285752,0.6518776719505136,-0.3794933450639443,-0.12970711753583408,-0.40531656418029566,2.109468944132863,-0.06984402162587505,0.14623147890698648,0.00700881624289477,1.0912178850101568,-0.08410999068076676,0.989551262267545,2.1887419879741135,-0.689989773580146,-1.6490264971916637,-0.9792096040279085,1.602283660462319,-1.5113672996500798,-0.7270373131280541,0.8655412754313434,0.7575804747855236,1.401324362196303,0.903998231310682,-1.3689634263450725,0.3441213743247365,-0.6185494657823071,-1.2962887499433593,-0.377828704105057,2.6667967645525033,1.0898123580714254,0.15955055651984573,-0.41919365819649973,0.6453419432850005,-1.0586764512156905,0.005143914130763558,-1.6408738378118932,-0.9245785068005471,-0.31539452908241017,0.3480079401888174,0.3146615400642739,-1.4325075873571287,1.1906568537746656,-1.438041623424954,-0.0860759220841014,0.3845661022761933,-0.36798410911815066,0.34198546239684136,1.5339732062195834,0.28572052464997694,0.4360547195496922,-0.6249727211780446,-0.44466181905731583,0.5425758912084285,1.088911625258263,-1.149105086637255,-1.068711321655215,2.32294328067302,-0.4869282574677932,-0.11544171901506899,-0.8621175051731111,-0.10277757976695259,2.471100606720901,-2.9656205838758347,-0.7798544414476876,1.739575694615934,-1.9671863003241616,-0.9832963285941563,2.4744628293224755,0.015064919525030711,-1.0197653152432002,-0.5827415565280489,1.6893641665069024,1.1343747096161367,-0.6463557015496574,0.4589267422031078,0.21326711477370872,1.9084148330334751,0.7192937823587293,-0.1910824389477119,-0.7206505653223386,0.355225958110877,-0.5723623042604449,-1.0418221077195762,1.2818173569816897,-0.5390529925654581,1.273114749813665,0.6471025917938797,-0.9215492446723276,0.8328216534697014,-0.531209881527317,-0.9809236721565064,0.5330575758829965,0.6872417440683596,-1.3775429879838432,0.3376832381794937,1.1202394501589246,-0.18280279856674977,0.9211738036944757,-0.4160618082273554,-1.0324364153234284,0.5834784797424075,-1.3186166065559777,-0.7792373736283885,-0.10015498167243919,0.20158529227806365,-1.6401006073735016,-1.0936090756553354,-0.27383922715395087,0.2977640989252275,0.46744478704741765,0.4395758714238164,-0.26517853828884713,0.12210850780716989,-0.3635548207261199,0.14479210704277498,0.09427182243663078,-0.1635114048738835,-0.24431370902393218,0.06720317458700767,0.3901431072985271,0.8694331675715968,1.4322743166203042,1.0238458327635322,-0.014276902404391606,0.5790462700841921,0.7635965043371129,0
-0.14749599126336732,-1.7782804278868787,-0.8385328344582603,1.0822023405921704,-0.3485818079374457,1.0290276459931025,-1.7289058369536692,0.6657035936775694,0.07469214530677502,1.0944720972565298,-0.9207388823155993,0.7843424845748533,-0.9018169719716463,0.8605802993949152,-0.731952280961255,0.613129468655564,0.14521804370985164,-1.1122034910192038,-0.9027729004693877,-1.66680221005875,0.31064293430673234,-2.205885082920108,-0.8180057209036865,-0.4610703047502326,0.06375256501393349,-1.271841535589938,-0.27885661482752655,-0.9604277812800984,0.14072740286235286,0.9664031134475322,-1.2518827371448178,-1.7930103793359855,1.1078522420218289,-1.579442517582388,0.4409898456497512,0.47312279780512095,1.070240113523459,-1.0195005950706075,-0.09356125193532476,-0.3939745250960693,0.1860805742192501,-0.4769714519897615,0.5821799548504536,-1.7975366180476091,-1.5397647786140276,0.6590077682155135,0.8665760931808381,1.3938115518536665,-0.6570583802458405,1.4882417595893525,0.6951812968974472,-1.0565999736190985,-0.029445478601275502,-1.752562026043508,1.023774655656457,-0.09760623699978588,-0.04337351822482031,0.19113134201184553,-1.7439030508022382,0.8892721724283436,1.7112608951687054,-0.005321397431184678,0.20892416814727394,-0.11366851346828591,1.4062466838690342,0.32198691840988664,-0.8424257362745579,-1.7525623728690813,0.6030365936405786,-0.5820808318060723,-0.16344994151922038,-2.486718529995619,-1.4709037927647355,0.758633424285938,-0.9532470479610314,1.4662832251873048,-0.16119081798882579,-0.53802490956489,-0.8386709664010135,0.287667923612839,1.0746011770992,-0.4314240460111525,-0.1616780906443774,0.038836247045323256,0.5455098120759756,0.0006802615504724882,0.6374465741329127,0.2628784263025602,0.057234466745192655,0.8970221913693829,-2.1380861167369907,-0.42820830158797935,0.13902213988007892,0.07899230465582563,-0.5744307543589997,0.8530103948060915,-0.8045963126809289,0.24400440455285988,-1.3117757617645873,1.714708066477692,1.2045017854955524,-1.0140412610546286,0.16292106948717647,-0.10016003936835927,-0.6884872829542986,-1.5659078961477084,-1.9363489355111758,-0.3247352994873983,1.3809295385899838,1.1776234422071608,-0.09972822355851003,0.3085676583231495,-0.8378159929606099,-0.051060729506671954,-1.6440573232669806,-0.09739492146985083,0.24801801442819546,-0.8279316605645206,-1.527658574902731,-1.1114541226027723,-1.080216918845801,1.151824992292493,-1.5381364340192738,-0.558448082247585,0.4192235753025529,-0.5741824999190572,-0.5132214977048032,-1.2206460172433515,0
0.5864212988276926,-2.0454733493467945,0.6058608412489126,-0.07642013877196563,0.24533301195088236,-0.5846853626068693,0.382957405130141,-0.3752298888967369,2.11409389275071,0.13080080164056007,0.20618521682991117,-1.1340009651443406,0.11865437499234101,0.16802530691088144,-0.32979893357085815,0.5621108622573846,-0.5677513963642458,2.4931712046193537,0.7606734446390548,-0.9914561193964322,-0.08525721421153237,-0.18766677962633663,-0.8088394813004068,0.906224970975009,0.37683522831800786,1.3982664147619766,1.8417805180075004,-0.45215672950995234,1.370964418596356,-0.17072880016415556,-0.17691331582081402,1.2800505132063817,-0.545643317125597,-1.4224299332139325,1.5404676772145836,-0.9567153964867192,1.4107025782328242,-0.24944543358526358,0.8103280626776156,0.395393886581129,1.5503931107037716,0.4602720783990358,-0.10834371211883734,1.6594103480682556,-0.7940276009799894,-0.7360674751193298,1.353607702429994,0.6149805098625347,1.2792895875543076,0.2387531693163995,-0.48659072904438394,1.913577081755333,0.3659058211235968,-1.7263942861910933,0.9396156357661708,-0.18110914338738854,-0.910787516468825,-1.2283031800062445,0.22458685605503856,-1.441927749119039,-1.0338938919434255,-2.2674223014522106,0.6412572396311647,0.38298823631194595,2.752160538206459,-1.007911825397248,-0.838649082002684,-0.9763959529495019,-0.7789267420813382,0.7762356063344285,0.5974873544037834,-0.9621674954974302,-1.566264398367214,0.8951564252823659,-0.7219690357332222,-2.2511835590374614,-0.6750654341669017,-0.7211080491798583,1.591195198847148,-2.1654799464341665,0.07435215613228963,-0.8049840475741059,-1.60297623099245,-0.2610671205913782,0.9200538884471681,-1.2724805324198942,1.061958921806794,0.5825192359710591,0.48006760414387223,-1.1586821779336247,0.10349985794432255,-0.5630466501893819,0.5248479053376977,-0.24506773359764497,-1.3960511505071365,0.18965373531088603,1.3837661658780966,0.7207029422766726,0.5373864853575795,-1.2218229052559975,0.6878245800765477,1.4715853705356716,-1.6813400245886023,0.5971026032055357,-0.2963049124265038,-0.13994143311166274,0.13512537243818637,1.907570304605946,-0.61341707626212,0.30919477385532484,-0.5078988407364945,-2.4885147162612355,-0.9011272105145717,0.2704844109722449,1.4408233244550324,-2.2898157264838113,0.9699761492796938,0.4027791033053304,0.3041738674162174,1.2128839044250765,0.7812293741899456,-0.78590045271876,-0.5982564084970788,0.9456222164788877,0.25049961589596276,-1.6151657180269603,-0.46605507305693944,-1.0515914371098354,1
-0.07966905770305513,0.7353322666067746,1.1406525889362313,1.2691205482362022,-1.3334481171771244,0.6602411220026789,1.6572236291611409,-1.7993278296237263,1.2981242491247207,-0.6003329761553673,-0.36818186160232436,0.8789481638089133,0.5366282336847333,0.7373013668512212,-0.3476765602156108,-0.5761268566482196,-2.3331425871091325,0.5936209445364848,-0.6444300437511477,0.9267103412259525,0.7210575144369992,-0.09723948909208265,-0.8518760385018121,-0.23165708293389412,0.26528577174584,0.36245693825826214,-0.8225826931744532,1.288209665484648,0.974381497986999,1.0202067302038749,0.26169765104099546,0.6763448810835098,-1.5756979486657083,-0.7300732221762473,-0.35128740048519513,0.18007654400595963,0.9904274876924352,0.8280163124292879,-1.4885502134121833,-0.8196631934969413,0.3545282638590197,-0.6237603622739691,-0.16205724319886713,-1.2000197792893303,-1.2990307260548148,-0.056781772275379075,-0.8817086341494467,-1.9274066297879038,-0.6475428354857402,-0.6599685587627746,-1.3210594721456241,1.4337527672239756,1.3780144935991203,-0.5331888739425583,0.29211077852378176,0.5766731339459766,0.20378890405933003,0.013705038894783375,-1.134434650480264,0.41889412621739747,0.6315838691339123,-1.7362655210815348,0.7817654015972451,1.2749100461462017,0.13024952263749176,0.3618797760569035,-1.2164245232117157,1.50083180458649,0.6216766169452302,-1.2031599057887143,0.2501452410342798,0.8242314297032787,-0.8124311836310981,0.6245057383401618,1.4782384915851092,-0.5016156404456067,0.7411549634650698,-1.1322230743690829,-1.2029364812353949,0.7087288852903121,0.5892770139823736,1.962851372288858,1.0714401464634034,-0.28525655874504385,0.4552973826895947,0.5736402465885831,0.4623700262767753,-1.3237881342736073,-0.44119945715973474,-1.0869949753551515,1.8536834090273124,0.8556581651023671,0.2248007665571501,-0.7808351170730445,0.447306733680674,0.8815869923873613,-0.1062131917090305,0.10366935568635167,0.3297212425168409,-0.9672582707536247,1.0479104037080453,-0.3902020058225521,-1.5369642967594754,-1.038766561062809,-1.0272608660441807,-1.3904444356298924,1.0341678020032676,-0.1620277703948364,-0.15148990254241182,-1.4479499086830487,-1.0783808802586448,1.2231211606855532,-0.08908535475803932,2.171793703740932,2.255404744116873,-0.6774175998539455,0.9702263337019028,1.0768199956057074,-0.26543105302493464,2.7591809381898886,-0.5358140184351622,0.7101599055313109,-0.08786880468587745,0.06253232852763307,0.12347709089968872,-0.998530170698672,-1.0093284613832385,0.17933568529925895,1
0.553616807873106,0.05407083647648903,-1.603925683882895,0.5425340632724106,-0.4385348110088065,-1.3666905068452937,0.29109871234246065,1.9816186130747344,-1.2171348601160503,0.6041141847327001,-0.5423718540706206,1.475272636733585,-0.012705371752693167,1.2828075908351426,-0.8638283719553306,-0.4612432834555618,0.5037458243681758,-0.3935157420556881,0.10211198563503228,-0.35092050378519235,-1.3928088032398658,-0.7148410357917239,0.3546814131290133,-0.052829581948592726,1.0506952319257967,0.29685554524953994,1.0546129099401156,0.4094646085640543,0.17867978298168447,0.45847048987854977,1.001659992641065,-0.08620522171320012,0.6858891193204459,-0.6807533651040231,0.3706276686879069,-0.26142627064402585,0.579787100239067,0.5932523560258229,-0.355453696470504,-0.9216450097926941,-1.7902152635452881,0.18556929401364383,-0.6752447131924492,-1.0443435736596767,-1.7683847824033887,-1.165944214890627,-0.3329901841637079,0.5240429484773281,-1.3466647293793723,-0.2425640037608809,-0.8864452544801518,-2.2937885002689296,-0.05141942128040292,-0.5327118243472081,0.9274720755254354,1.2025175729342943,-0.9236582855576199,-1.851201639140305,0.06957620887693296,1.2688393474649828,-0.9028241269975791,-1.015685882585498,-0.5076866533844204,-0.36555927902900615,-0.29024447238654905,2.235359643320976,1.292243658152651,-0.24885469903711194,-1.4017474713441156,0.9437437656269779,-0.21001420253367592,-0.6389711412991845,-1.0382467187131688,-0.9495172782152489,-1.4125324542518132,0.6879275405111479,1.560393616714905,1.341623568359512,-0.7700112913871529,1.2080620628560808,1.0018908631670413,0.14948169931995434,0.3861840030883597,1.2109025321011537,0.5569114777258037,0.8519236388619326,1.260118841987779,0.48793125913190394,-0.484317984228028,0.8048205660119678,0.064775959460241,-0.42243690274520385,0.10045149488123177,0.514318226280662,1.2649742787006184,0.33048395553148957,1.003241274901201,-0.1568918291644796,-0.2387398781746465,-1.0156086503233903,0.041254937209387686,-0.06674813668552894,0.9206884132576089,0.89898481398118,-0.004600045811442165,-3.211936546783419,0.22354015662367327,-0.9508411957533985,-0.02456601285968537,1.5895725645020402,0.9731221390898201,1.0697672641323273,0.44254253125594406,-0.48018478294451383,0.4014978711410883,0.5118412215968785,-1.6246994216512443,2.2292479931434372,-0.2014933106093104,-0.5499970662294162,-0.46923376368130904,0.48310591443131506,-1.4548175197434954,0.004014852260810332,-0.4070171037674604,-0.4788471850715317,0.6203319102792552,-1.2123307627920838,1
0.7987222202990346,-0.6701248739738404,-0.741570963583066,0.17856591526992313,0.10010654715761871,0.09195339866063666,0.45159681854014927,-0.15902479627419164,0.5936944980018286,0.06941226617490832,-1.5332269695549356,-1.2462859878818429,-1.7022475934372439,-0.8326108485421363,0.5541911817332899,-0.7345126872942506,1.0698277875428328,-0.6478607980373564,-1.7413852723391088,-0.04386704745127222,-1.4206801391421768,-0.11038275934665641,-0.3855063584895886,-0.10785816439712528,-0.6146506407598904,0.24457225322459214,0.3852582408616018,0.5978437896018859,1.0721796107665087,-0.8782107610834091,0.5566730185464991,0.08282558460793066,-0.7622357556367246,-2.077802457968456,1.1179485155664277,1.0222952093543212,0.9072181751713746,0.43701966655457736,0.45865344567374766,-0.42514260587098684,0.1381144901162179,0.3186088985656595,-0.08711469458072593,-1.260034197228592,-3.203464458707981,-0.3554867867377862,-1.4785463348900387,0.9219491357150634,-0.17250232241094587,0.1373665172195281,-0.21430093857761928,-0.37653966489594787,-0.6509090950572703,0.3259965512057374,-1.1100334631249569,-0.612818468180487,-0.4721413805512031,-0.29841428643815315,0.5093397492793387,1.4230449682977913,0.6990583397549275,0.31819739627462057,0.25321624506963547,-0.5759230381857335,0.1825442939651616,-0.3308056793532359,0.7472243878336212,-0.8839099672670215,0.9080691477804457,0.9211931450902521,-0.7279470354799162,-0.8819886957754555,0.32246575157747714,-1.0791693347043834,0.45445882752523065,-0.04325775362144852,0.015158278156763244,0.3561170942769636,-0.595801712509095,1.3488913011494208,-1.0126963220465646,-1.34826671227229,-0.5991708167633073,-1.6819350206474466,0.7418391265788509,0.08073950536352402,0.6141199343432172,2.2407751453264964,-1.8902634054513336,0.9376189701883872,0.625267857852868,0.9052721912358356,1.1294054238635485,0.33465184413101484,0.10749443116765442,1.1279937212255384,-0.4424806172957895,-0.7589124582597195,-0.7479418682802964,-0.045296373291381364,0.12027847806390106,0.6409465089541636,2.053228475168228,-0.41321839192063736,1.4584167719893366,-0.6076331439690341,1.2713782009191543,-1.3580862959369282,0.4029465607085826,0.6765004923571158,-0.6519408129879894,2.1989420343483985,-1.0790883908177213,-0.9838031913382035,-1.9016421186090893,0.03607560843543587,0.2977327902488197,0.12060716422759375,-0.0613958385738608,0.7555064034049573,-0.1964963250910232,-2.1880148044036942,-1.0069488625141068,-0.05769558224357659,0.1784129665572496,0.5642041627790921,-0.5995207896297934,-0.2506706852307762,1
0.6004295479914287,-0.5253630271420129,1.3218981093610034,0.21868002865243721,-2.793171067309467,1.4669924924272113,-1.5555901409658746,0.027421888480997695,0.25828358056141393,-1.3009428210320464,-1.8600169978924954,-0.3497901238669448,0.5243817538760152,0.1005728572060496,-1.434774296583057,-0.9607620036674426,0.9495233155209165,0.7189670703585734,0.49997607134598515,-0.6079025241702608,-1.2920562241668545,-1.2562896147130973,0.5784071695967387,1.1332396417037642,-0.5268827782156978,0.37286458972978603,-0.15442256828744766,0.7420863211240163,1.7815592628033325,2.3842104161240365,0.7133555492171303,0.4209212516243252,0.2070127867459333,-1.4690570018857054,0.1026992435304151,1.1837154813777808,0.3987208664282617,-1.4112758515888413,1.5840631488054746,-0.7621459388103187,0.20524332800673023,-1.2014854644209199,1.7254956448936258,-0.36909846466989277,0.8694004933561386,-0.8857712868911525,-1.065424179559377,2.0691363931511217,-0.7803142809835926,0.1661952965525835,2.1375511701770016,-0.8446188427498059,0.19791111277263193,0.1310595081629217,-0.07908006070895693,-0.9986204248813202,-0.7849566655277752,-0.15070385335914235,1.540156704938431,0.5423582861825746,-0.12001712658455681,-0.07428214795561054,0.43938692472859137,0.3097914815937924,0.7935407176569097,-0.8110405123915986,-0.4643122936639942,-0.9839841299186733,0.1474387736538963,-0.12061611832072061,-0.014198843520595836,-0.510453341586367,-0.5423906528741478,0.43359469249134813,-1.0247520502428777,-0.42835116392467376,1.2493545254637228,-0.17945836991674768,0.9096886096934707,-0.48465380710692113,-0.6981830481693341,0.06953250940462252,0.4571164179192603,1.447039995422426,0.20484873139009288,1.1796205573204948,-0.4382888556852658,-0.07857179835412044,1.1093166715205829,-0.18685490658997875,-0.27725935981540706,1.9972268998886455,-0.3988612863480969,0.6069453661724539,0.9997249229984572,-0.8046118865372514,-0.5808222772905557,0.2829061326825429,0.6353709389736681,0.46057689417365527,0.7194938121722697,-1.5333525532148684,-1.0104789720223182,2.153141359398799,-1.5026874722229315,-0.6318021809027938,0.09003761415489307,-0.05627311154839696,-0.639376412807853,1.8102398073958013,-0.5000093633854416,-0.1781611414218119,-0.2508728546170466,1.4985679390727629,0.7718005283137709,1.3752556477306455,0.3403338603667026,1.8472169968535133,1.3032430388724698,-0.2928161989231707,-0.6921176991915902,-0.23600650493057723,1.0091897313609919,-0.20523640488570075,-0.9520425756566031,0.21017639472298494,0.3308645126040508,0.7431323289076198,0
-0.26264778507658515,1.1453102764758294,2.3992338929720822,0.19434105445893596,-0.7096888821607413,-1.4542739651093335,-0.2569887492077052,0.6677723000499939,0.5916380116874107,0.45566014695221496,2.8533399481616084,-1.0365323773981365,0.7830434213141507,-1.4236439395133147,-1.1823423126568624,1.766991803950877,2.082638866350394,1.4474412110600994,-0.7796486699440732,-2.0557543096709794,0.0007483372014882497,1.0631155628661413,1.7195880144093025,-0.5266131155612561,-1.1518461548257188,0.4096469036376508,0.37099948784609327,-1.3110312833557274,0.8937459446065558,0.24799892279357277,-0.9578154113994327,-0.4230134996142941,-0.4913586750925567,-0.30167556703189047,-2.093377990844248,-0.7202905685138253,-1.3999796475875508,0.954031933291066,0.7086581554297215,-1.1108125235310866,-0.32309204925925833,0.4140023094251633,0.34385353051643613,0.3072737452668378,-2.2354120010650718,-0.5911852515492987,-0.14538336035849436,-1.050544556740649,0.19758615330399093,-0.6267231759205087,-0.01665650350677342,-0.4619756547273935,-0.6527639055671972,-0.6765597201371548,-1.012524486920343,-0.5524031482272082,-0.3773889308140238,-0.7801680204508621,0.13622126003420845,-1.2920233449184,1.4054894350247529,0.4237335549912514,-0.17103179267831561,-0.3037352298357395,0.7640837323629744,0.5802533886730873,-0.5027910259918522,0.5350134764169314,-1.0409917112023797,1.1260265911043466,-0.004875483929018859,0.42583950255590025,-2.0543346224184376,0.4276413811964934,-0.22070322675702733,1.2364383387617663,-0.223886773874987,1.457080091215253,1.256021413110987,-1.4772781921468772,0.8434041680219004,1.2768189177724059,2.0084603720600898,0.21286907017431422,0.7021288895600708,-1.3602117780879368,1.1408597758406192,-1.045718972704436,1.3728836893050274,0.2391140907608859,-2.2944404089564756,-0.5943218053982458,-0.25818480062759863,-2.5341265833536712,0.8728142151858264,-0.6355786522413253,-0.8031746385638449,-0.4793855898758759,0.5447805253190683,-0.7683836552364942,0.7234562205698237,0.5299593030111847,-0.8392284968118013,0.23373235689485727,-0.20915369296423078,-0.47098145747560055,-0.6138973936128067,-0.2835387428177625,-0.606121374528696,-0.5965486969482193,1.1310814310209776,0.28718021680922884,-0.9673342178012799,0.7026331325962883,-0.9785541914308856,0.14001276740904034,0.09877607868619152,-1.0919740639180253,0.01449442289309211,0.5086977254588125,-1.1453942666944794,0.5730478914931996,-0.056921127661123505,-0.004739333417771136,0.21164637061875077,0.5061604177718108,1.0777223932683895,0.8470336586626961,0
3.1705965142616406,-0.08870761770066381,-1.5749414569206923,-0.6112240356534606,2.4582638024988244,1.0508838018177893,-0.1824810563388809,-0.6522208857879473,-0.11244779703099768,-0.9307733445845605,0.012182336517974787,1.3192572628002555,0.538042578290971,-0.2016712643060419,0.4887363370556486,0.3693942746500944,0.5203591662106214,-0.3349378618525848,0.5041929789921272,0.7048704027953331,-0.288516045420388,-0.5066403825957927,0.3253695230262132,-0.35510842249919405,1.3062846279434495,-0.39155506301132287,-0.8180379617373327,0.7124528330379287,0.4838229948002462,-1.6801361033144342,0.5710764241466397,1.6169538827222336,0.5159554953345017,0.6775003225044566,1.3408968834286206,-0.3028157541293044,-0.9937816411381736,-1.549731146128678,0.5697423111465187,0.34415012017590907,-2.2493747784959512,1.7340158415432498,-0.5606118018517667,0.5921551278373947,-0.6868213149210137,-0.2825185243667776,-0.26327205181134516,0.11069077889592978,0.05547574700692591,-0.7622086144700148,-0.4934223549779669,0.3812873968332388,-2.059137243908679,0.3764309433219716,0.10420995777619008,-1.6256612735529026,-0.20313857576230387,-0.7026262598931602,-0.03738133847359427,0.6435304813448726,-0.32343631631444997,0.8755809542206233,-0.9400895444654616,1.553830026497935,-0.3777123782669768,-0.07571037855864603,0.12093512941032675,-2.02481505484988,-1.138683289726849,1.3076691619607272,0.2130831043590933,-1.887257131719628,0.9685353896833886,1.3305877266118284,-0.39822494873574005,0.10355436356621732,1.5952390539442785,0.4852504594848256,0.04443666877859552,0.9653237903522892,-1.6660198217357634,1.578481632215936,-0.847515625943661,0.09946974037436696,-1.899606851354635,1.1047581623192713,1.673400495440012,0.9011265293381518,0.16145004165225804,0.24075537811312736,-1.8541904017560917,-0.5389388294277492,-0.5883753442419379,-0.514934341202255,2.115416775349745,-0.34639972533584945,-0.34878740507274053,-0.08766656415037381,0.511029795494314,-0.2313328613495386,1.4620609222657244,0.04557976510238053,-1.199171451016375,-0.6135974404130325,0.4589295416380778,0.1740588982936415,0.7468795759629592,-0.7756972684235145,0.5440383411371839,0.19286616826898448,-1.6030611744306977,-0.00044854805237696616,-0.32449599461619655,-1.6457341198885669,1.4700115752951484,-0.48189082059816074,0.01924483153807756,0.5495691038901812,1.1272092124568194,-1.0415413452855151,-1.2430724849878103,-0.15298389728595244,-0.4391283601954163,-0.43135275512593263,-1.0638331349975494,-0.21742771613706255,-0.819494226619608,2.113220726567591,1
0.5587242906124686,1.1710492635141907,0.13001857443916154,-0.8941313123544244,2.208811541295033,0.9086654547258319,-0.7218517840699696,-0.2638132935656731,-1.492848161233183,0.28520582350696266,0.46397204659239555,0.34380637879811815,-1.7636341950827912,0.042468104239326315,0.11487905132409838,-0.8627926190232833,0.8464324506897479,0.24301537052128977,-0.6955987582478895,0.6739684511765637,-1.0507088697075424,0.45405290241842516,-0.9073967146671413,0.7795153991221249,0.9178668088450984,0.8633962849907765,2.2683008535038005,1.1547118623308552,0.008593275589745186,0.45921295818485824,0.997301235669424,-0.3777954016525351,-0.9574724566915365,0.5862636597896167,-2.4503820039892643,1.3159386254075645,0.8343049794517428,-1.3294453014447711,-0.5050670494426579,0.14788193029041782,-0.32024179818932497,-1.8198024539975632,1.5433500809647327,0.8910070492634897,0.06122113497271279,0.6489948711744965,0.8893479985170429,0.08050260887768249,-2.0345151390835237,-1.1516512979921778,1.5935976403651118,-0.09083243736213341,0.14020379477139847,-0.6411333230955566,-0.022790956235493962,-0.6933849609261318,0.6561648949646868,-0.24230576868838202,-0.7415209541781036,-0.8850752745458106,-2.05911408550659,1.03679805009348,-2.312529214898241,-0.5653233435076768,-0.5018095357023001,-1.0792528273887427,-1.3026462284831937,0.9445127107539703,-0.1543339349642489,0.5177598093520757,0.393090584998264,0.2696991470141173,-0.5912156988011713,0.2828357280241758,0.02676691142213131,-0.8591092382186811,1.131355165995892,1.4667359204408355,1.1982952501306858,0.7575076041895259,-1.0307470709398288,0.7317132608765605,-0.957142033456283,-0.5188229021450238,0.34425994046530256,-0.9389173348200621,-0.6777524074016722,-0.3832722733654816,0.3850696326503986,-1.3606339162867456,0.533578542477838,0.29336389429549276,-1.3515776633791767,-0.7992986186522367,0.08653956802393646,-0.7361995207202333,-1.2410043420700696,0.649507978549803,1.9901222437440726,-1.7586666988858948,0.871648868703585,0.4312357685451896,0.5417394365352648,1.6839240513200413,-1.3131848768440055,-0.6486270935858417,0.7763542017897885,-0.7422205998209411,-0.7850047548191522,-0.07199772590174842,1.8875728146616992,-0.6054976170993887,-2.711219263218033,0.2983964295433407,0.24792370438904165,0.5571637383324678,-0.611301869509833,1.6827093354635536,-1.650166502324247,0.07913098203350585,0.21352234795630234,-0.5297027675435216,-0.3606094847965357,0.8411989882350573,1.2048322559086422,-0.3850319238325904,0.15579998736522213,-0.31646014178792076,0
0.09968237417039363,-0.9454948555684332,1.2424699443113072,1.1741238799358074,0.4624546708974815,-0.6210734720723876,0.07763248676343473,-2.400104221746166,1.8059886523227542,0.6083176641271623,-1.3499829993940866,-1.2297398209908588,1.2015486866228673,0.3811626592489011,0.325108205779828,0.12816257445228948,-0.0643792733102101,-0.7084131510352388,-1.0874740701701535,-1.7426893214725407,-0.4361552860066735,-1.3208461360794646,0.19170234768226482,0.041348850262401864,0.07432012144446444,-0.10775145227541373,1.8239926387229257,0.11060509975564314,-0.7717760449880738,1.0105067399457976,0.6138904318855447,-1.3265464486992342,1.035173373435781,-0.9041509633270679,-0.5926451144034649,1.0927664693722543,-0.782083824934676,0.8574522842182662,-1.0230876370263717,1.4549559313896332,0.05460277222666,-0.11711007326263806,2.3681017980374963,-0.22219148489420928,1.0119505528420667,-1.6128599099604881,0.03812666042276644,-2.127842648061966,0.6519079324572852,-1.7316202987586933,0.19721033924956552,-0.6585840551120568,-1.5616313287338368,0.6658879823635977,-0.8623530380090344,-0.42444079902894016,-1.6272422976892025,-0.5129031635309421,1.0541035045514169,-0.697450731762905,0.6963108273038768,0.6310567556073984,-0.0038296458650976307,2.424446730647036,-0.535672953307848,-2.3521112517780143,-1.4326895235434758,0.21969650989513465,1.066403425991461,0.6533815538851403,2.14197673429805,0.18948426347810884,-0.25941402455963614,1.508473056911131,-0.06043835433118926,0.3140103373751021,0.20525093357538696,-1.373284140409816,-1.1031571271016012,-0.3409019806903216,-0.08086950343822633,0.22149208917975538,-0.8206097043744967,-1.3144534488870645,-0.8106394531178767,0.09528235416084403,-0.041514702860858683,-0.2575895503658968,-0.6061046999142611,-1.5757869475444921,-0.03121210148608568,0.6111780509184863,-0.6898809918114629,-0.12163628937934205,-1.7071329647627094,-2.01112663598231,0.8997029690793623,-1.212563152361999,1.2375684047206117,1.1782833001255728,1.5692393036715897,-0.16035675300774177,-0.7005475926278051,0.6309990562906655,-0.7155363066931492,-0.3496642206735891,0.6623959214382596,1.0278336600592424,-0.761327651567197,0.01615126371989278,-0.2681065556199049,1.1643659691064445,0.7397243131802351,2.8584144137757503,-0.3393569102854509,-0.09766579674666977,0.26767866113733074,-0.8154495347121388,-1.1711051507702521,0.24200368798587266,1.7618645202241974,-0.7263160551689921,-1.6178121049584557,1.4268567885314283,2.1958049927189447,0.16507331693986185,-0.24852477170928503,1.2905120934742278,0
-1.1201690340636423,-0.8196114671832703,1.7954346365503147,-0.5614313362282677,-1.0407795445034729,1.550206409909086,-0.867511932992124,-1.0365363334811846,0.46899992053577805,-1.4616257006917674,0.20072904020545987,0.5215949633842912,-0.8959830264912355,1.1101885717250115,-2.719282809257784,0.16994960640966508,-0.07430064307678727,0.546948116616306,2.589756057108977,1.2832724136068134,-1.2377804328451152,-0.645629100654988,-1.7865771761278684,-0.9029476204509723,0.49618126958980957,-1.2374292791437096,0.3179899102717592,-1.749124058898253,-0.2784100652657698,-1.2150275099670824,-1.2186734260594476,-0.36059939015186243,0.2659402410079446,-1.4340764108293589,-0.6558551036709162,1.530338410566241,-0.586766272680681,-0.3847828914728787,1.7806256117183588,-1.3392239728333337,0.5528118045535186,1.328696558958298,0.7085509724152219,-1.3481691236410436,0.11557731572135713,-1.3310445957258517,-1.6336558369428211,2.632502556662994,0.7955518030406933,0.009913838778233493,-1.483865856142372,-0.871181262547696,1.1227742517191626,-0.49787377546801076,0.31646922488575335,0.7792454340352454,2.0500400911317174,-0.09088151094697962,-0.5022237189267394,-1.2914225982157779,1.0454935781892,-1.4125163576892406,0.6324316721360833,-0.3625051940983566,-0.03393139949576842,-1.619629835771214,0.30059773722725447,-1.1897126858405171,0.01596595318980115,1.583371666798928,-2.0629055396461236,1.4764859512270305,1.537092198354166,-1.406739944872088,0.25646616195407196,-0.6538353398228666,0.88414081359038,-1.362000609630106,-2.2651408421769266,-1.5929364444794427,-1.006287328791492,0.48613259536496195,0.6484573461501348,-1.645171805508626,-0.8787300496343564,0.1891414924180384,-0.5469056196041431,-0.8976764779048263,-1.6673226390937763,-1.4423225031303841,0.7907853885334531,-0.44268456912961396,-0.1959621197451304,-1.9785290974388632,-0.8787766818963582,0.9534152286446971,0.14364957981381934,1.7773380702442878,-0.7397533131607366,-2.0483970579443187,-0.06608414594909207,0.8059823124336318,0.5646452154558734,-1.8922557458326628,0.057043092136211185,-0.23934929987833453,1.1346648601342453,0.7338223816303092,0.2747553759810904,-1.1457676717607526,-0.04174937450873213,-2.1307411616665877,-0.7329465337470737,0.29497892667398345,1.7584878186199133,0.04034506704395976,1.0266035796851354,-0.4980623082048797,-1.1017447878759874,1.4808153362207561,-0.6474656991839768,-0.6863970837038461,-1.4811602896081093,0.47910473714223073,1.2960349499819481,-0.20434911683205112,-0.6707641433886234,0.0649115785967677,1
0.9768511538313588,-0.5352755423472028,1.1591551213766313,0.09264404036606197,1.5476424073375934,-0.2130138731377729,2.1827506479255314,1.4631881102795088,-0.24145724181170966,0.8320671085868829,0.7135424202682402,0.6484383887922766,0.7536340162171896,0.3214173573509761,1.1984450776049325,1.3996304725260587,-1.2787972139178267,0.2821303420470232,0.28873405931796,1.134362034537533,0.08461567088073255,-1.036647280746342,0.5617728010242984,0.17496120875901267,-0.26008983535655356,-0.9984660990971587,1.2294363599200335,-0.5792031737193284,-1.1189658252059111,-0.3750117090221856,-1.2593405646416538,-1.1401108440827297,-1.4502347365435069,4.443241251595646,0.3061334316273012,-0.9735545484779068,-0.18818957467942454,-0.46546302349192975,-0.46370743402458775,0.37210056624058335,-1.2883159601271472,-1.2059428984937357,0.5349478712698156,-0.22806859373592178,0.6923061999842839,-1.677845990978709,1.0412341632235027,1.0828363971894281,-0.3932383169308423,-0.4287135644674519,1.490001331947579,0.6238159887813096,0.17600845157206763,-0.21859281953102105,0.8223118148321308,1.592774684260214,-0.4780147187053202,0.4486711162186896,0.4090047905725573,-0.046552554938576206,-0.3752642859665297,0.016972761752977645,0.31491484250924784,1.6661123684256918,1.2547768631640266,1.926157123863435,-0.08159836237805837,-0.7498692120824665,1.425495106493237,0.24362194880845212,0.5848028729112831,-0.6314590225145389,0.010093761159162001,-0.9570193726429965,1.597693802280101,-1.4743772351102575,0.5254917474248791,-3.042573625108403,-0.4265193424674305,0.4302267929667495,-0.9964298106381633,-1.7193842576816556,-1.6124445996310037,-1.4281729345284833,0.7701185020654496,0.33223814375206967,1.8242098292963298,-0.49284023506851765,-0.3305992193331005,-0.5021147153583176,-0.09270113500217848,0.8866183931071075,-0.16872258727824607,-0.0915452328761677,1.9088649976319938,1.0063724133431131,-0.0037663240437696183,0.2760740743830832,0.09915555776683155,-1.0747789901134666,0.42884460324026474,1.7038643982909338,0.8641725020465435,-1.2230716867661593,0.4657419719439935,0.288176316267201,-0.3920570493061911,0.8720954972026708,0.6257428658967642,-1.400496536802445,1.4865337611124614,-1.3690563729519818,0.14873673461542963,1.4121943192016349,0.22890626606449035,0.6630888228056263,-0.46470067511261365,0.22224307652709252,-0.362610850730925,0.27348287715696984,-1.145572420924849,0.6283855283695424,-0.9235423541016708,-1.1110127093770001,-0.6476430234127969,0.6532054407840732,-0.45604233606674344,1.0619163004329482,0
-2.3457977805282453,-0.25997672898918606,-0.27722806752753915,-1.0416526345138044,0.18402471703346848,0.09864781755456399,-0.1259517721415637,1.4286186723915915,1.093477011524001,0.426077478282033,1.273443236667691,0.7310454228353681,-0.14860328031577386,-0.9012305898321925,-0.334580680430418,-0.3035870975639804,0.5276290739541014,0.8167032217973631,0.1935506832524357,-0.1410221130421938,0.050993049946280594,-0.7951950769460496,0.5805455787825682,0.3330308752006923,-2.381108725976557,1.997673938994014,-1.768014182997687,-1.3352307242793804,0.20227909350628495,-1.8752615362936045,0.04316803835359375,-0.22144343125091956,-0.2941766003915296,1.7414374437612885,1.3713432636510274,0.24212376930876972,-0.2269824288791883,-0.4163004200121282,-1.000027764168671,-0.2578064155019129,0.35492043333812967,0.3353966704730707,-0.7956956178755928,0.05983260144399084,-0.21667656989636824,-0.3323335212473583,0.9180687436122359,0.4066359267720944,0.317956521723189,-0.6593556943493213,-0.25146937324847857,0.1473536406514214,1.7518599728743747,1.4807189834224908,2.0871626234427865,-0.5441498731153528,-1.078476380066017,0.9392810316592406,1.0056659730013466,1.0241407284863118,-0.377549586313539,0.6785349397320178,-1.4460214802565912,-2.13813598878623,-0.37170879154961717,-0.16251951352359773,-1.2418684312102353,-0.1810089930887771,0.4964146009019864,0.7549934107159506,-0.025290827722692703,-1.1432804282581333,-0.301964121014008,-0.30672227964708615,-0.5506884546040411,-0.7431817855549839,-1.9334252827496026,-0.654517033118124,0.2209039816163105,1.3199537718573466,0.23138891857136304,-0.4258924958490335,-0.548226578746561,-0.6228258500104658,0.9343181055642531,-0.7489239723402538,-0.20316027014788113,0.10404237634874863,-0.8098094866624087,-0.21981821492109144,-0.8697186817655534,-0.909610397500047,0.69606577679822,-0.05477128210304703,0.6559492576044802,0.01742020508006471,-0.09790926753653885,-0.6983181736681837,1.3711574857853652,0.5142646410609532,-0.8459617400155324,0.3985396879394066,-0.27971922480186084,-0.8208171382530993,0.7495770799274795,0.22061426543602594,0.7340042639312045,-1.6747546080848352,0.4592542738549254,-0.8986579945948826,0.1674988298400129,-1.1426864759567126,1.1218576666211806,-0.7514389431398549,0.8791430598850939,1.1466499865797506,1.6192737791590885,0.009165020957854066,1.046033656837098,0.6536257209296227,0.9981809935344008,-1.2808000318449622,-0.39906117910181954,-2.007560236607832,-1.2870637325442085,-0.2506196232028848,1.4270934806966076,-0.25522102125983953,0
0.7180011697818479,0.3958374302445947,-0.9278753820639418,1.621173600666037,2.4669137383749264,-1.4835570530529896,-0.9740791768587376,-0.06220728412987295,-0.9752289447986646,-0.6550418345920788,-0.4308515152509198,-1.1666045681679746,0.025624454188583765,-0.10366827370504697,0.6618947167577193,1.1246600784958996,-1.5786767630951823,1.5453684950543671,0.19665880262941307,-0.5204016741679103,-1.7885117808024134,-0.6554711507042046,0.26333139270880873,0.26996598822614076,0.21830388325310554,0.6140063675851544,-0.09601721959162078,-0.9626329198964817,-2.9975499011203808,-0.025048560816582757,-1.8612741875521495,1.2431094269037344,0.5266768779992409,-0.2633510178557484,0.4593764322202486,1.778919291854711,-0.845499298163438,0.3983830455028557,-0.49244570184661607,0.4962415334571043,-0.7491007490219249,-1.1592228683153152,-0.2997252046040123,0.38900712256079223,-1.0050087934600744,1.0616327700745192,-1.1131063192586828,0.8535432628257518,1.0039565553800032,-1.94664046256408,-1.6250862613020136,-0.5857020849377673,-0.37788013393603065,1.249490847280589,-1.0171754136561741,0.641198225818785,-1.1991374248148363,-0.8761744994258618,-0.2754623102237515,-1.0460694964728638,0.36595822999984734,0.6252040286593782,-0.40879579677337613,-2.051634281460401,-0.900638636685576,0.20597644080493993,0.09475135596349997,-0.5988513335052826,-0.29834737973507475,-0.40091121008268177,0.1626298114615545,-0.022957070692811832,-0.999895991327808,0.10760315925155368,0.3928734757248872,0.05606968577975172,-0.6694464494988593,0.35660661023815077,1.4277627350687327,-0.454897935369909,0.42736873751892207,1.105930109363395,1.8921709997485399,-0.05734091788275974,-0.6151939110815978,1.0334358611714034,0.5428545208728937,-0.4104653413074543,0.7681531035249963,1.5977564188305284,0.15453704273456123,0.6122498990977565,-0.49745312972178285,-0.09469866304163156,1.7703216592455504,-0.251723414002913,1.3759735803670674,-0.6810884483927665,-1.6409437034948215,1.4559093603657385,-0.2327689068935436,1.248258824613149,0.5513131990824264,-0.7324332802543336,-1.950233366103778,-0.022269786903401662,-2.0124666017696686,0.7325504012503465,0.46964456760641227,-0.08125936810244082,1.827830994176728,-0.44345341645407127,-0.43470281528617316,-1.1799895750122154,-1.0498643232919516,0.6228716972833978,0.1686982822081991,0.09124130913907198,-2.4157539163881028,2.288767686308954,-1.3377106711647853,-0.938239748131276,1.3852848055867155,0.6353549111701595,-2.564494915216022,-1.20213695019374,-0.4108426982366027,0.2816642369559738,1
-0.09254465089275986,-0.8424525704665347,-0.6125074403227917,0.827984375688789,-0.6591592157884142,-0.7216271222615286,-1.6191117461223499,-0.08394561593572508,-0.1405026115303526,0.5275430457696426,-0.5282995484782927,-0.16574283009250929,-0.979381417748203,-0.7988728839782598,0.27079163353329233,-1.3323639919202086,-0.7103657160314353,-0.15417655807104155,-0.7934436962227778,0.849906571933346,-0.23182605272417156,-0.3574199414818903,-2.0507105010092923,-0.15150276276390204,-0.4140612474912335,0.2119072450074669,-0.7915043186025664,-0.4464891521090948,-0.7204958317567193,0.24775584454588256,-0.24512467389316456,-0.4385534517531057,0.5443569576082085,0.48591722178079827,0.8276743862196007,1.4348064278170634,-0.7389817246793559,-0.4150518432131537,-0.5269065871148281,1.1603559378826704,2.061460031790891,0.018562990241059438,-0.62899152648585,1.49744277864198,-1.6900727189495293,-0.645276008557635,-2.0091753757167994,0.9047224345298356,0.4333494898819485,-0.01081867062266302,0.555225836252628,-0.33001903790164694,1.136234615175758,-0.8347639860515498,0.1317609862548291,1.3375874987800542,0.47221157639534644,1.0160587087633048,0.7424810862384801,-0.7473589070160794,0.5313551304036466,1.1495771787637683,1.145914534000427,0.7358681308379401,-1.1632251170804595,-0.590784266419996,0.35653171024991076,-1.030526036226006,0.9664330861596514,-1.6489868849306553,0.009632402975404184,0.45441890513880756,-1.684344744683496,-0.2712852014707878,-0.41490981585884107,-0.449931370943666,-1.1822470918949524,1.630075702777698,-0.247366124445142,-1.1897909361444017,0.3505437376009768,0.8685311355691839,0.1061327259257196,0.18204515019300122,-0.5262784242842112,-1.9165134672589472,-0.26722770807962265,-1.9851984473925153,1.3281135555543033,-0.5286389786491584,-0.5781047493397699,0.5698183840987712,0.35665913003010447,0.1072660107982083,1.192204780847355,-0.9063227367432439,-0.8709658251161666,-0.8434863041819787,-0.5874953865861374,0.15520848183180805,0.3051726693419858,0.12235375094387009,-1.5797723878344683,0.3408738693051882,-1.717024023951207,0.6058472586257574,0.9817205870608378,1.0731699210164625,0.307784338993861,1.3738524640823366,-0.1066082712586747,-0.18612715165913338,0.33541824033997486,0.7235340919996978,-1.3286900486632354,0.2401255973455928,0.6938174716329976,0.38439366401595904,-0.3538799428561991,0.04400429168307015,-0.04724762431294678,-2.4303656418691357,-1.386167894958115,0.25639527846820315,0.5167610135776587,0.30406777661801165,1.6663642300500026,-1.0101406294586441,0
-0.027187184433830665,1.3868345116812768,0.36127692073244855,1.6062293151699811,0.6103947878246224,1.5263238308906757,-0.1686930259455867,0.9737168229475884,-2.0390973642545323,-1.113765985422511,0.6318342858644848,0.21648953722420103,-0.7355077095742054,-0.35011534365071645,-0.052864720294525526,-0.08068984879065898,-0.8987326387461192,0.9132549496513818,0.05460070972667592,0.7318296245430481,1.7334046539878603,1.3508397946237118,-1.066460083357359,-2.4699537654464923,2.417475414977056,-0.131007177793769,0.85160579084514,-0.3310569901746193,0.34301369609712673,-0.32143694367648223,0.6908843561257323,0.09797216485345384,-0.8337187427459422,0.6168071493620095,1.047851503603421,-0.6548116781091835,-0.24190198057918963,0.4362552400732879,-0.40447083588158383,-0.26783523692329503,-0.9126809336609955,-0.7794042781784348,-1.3443089926346323,-0.453219972825688,0.07050483397867924,-1.2595276177105712,2.3980777340832047,-1.1217230000250569,-1.4497634880962682,-0.24206128611368188,0.41969132816294036,0.4914152273027117,-0.10840463245681722,-0.5342619930661372,-0.12981095386645308,-0.8575282635928901,1.0682042804344147,-0.4276063850863224,-1.6968769965618762,0.7751720074937406,0.8289737480604823,0.37951102870300657,0.46239950532232604,0.6569468859587203,0.09464081030857387,-0.7561834309908257,-0.9422464124641808,0.05090535381906328,1.0477120696468116,0.7543603422348664,1.5870444992663562,-0.6975655654616366,0.24779947577124664,1.4883725331680469,-1.7064637841195311,-0.3425503528366671,-0.17899977886584445,0.12417456311359161,-0.18036683250641375,0.6768849724529016,0.9792365221285638,-1.5380039124559028,-0.07150656676969995,-0.2366635292243929,1.4491007252545105,-0.07118258085592931,0.1904213050653701,-0.02385319680617817,1.1819880445435034,-1.1463009438885776,-0.5628859341265084,-0.6149078665246003,2.3942913288909335,0.7631668893257826,-0.06711665594652348,1.1339139808936842,-0.152672337295427,-1.223874288818308,-0.6374895143539563,-1.9161153036065715,-1.4259540664725947,0.5391747525186671,-0.10480436489180717,-1.0966720473291045,1.4505884789588381,0.4200410538993621,0.6444084283809748,-0.07627662067189564,0.014204919804274567,1.6467519879368653,-0.8567926885948541,0.6883439590610042,-0.6828392569335211,-0.6506677219752078,0.5887581228404938,1.275165261260402,-0.39519379191126786,-0.06728218783861371,-1.4942780147886725,1.4412062993612391,-2.4947401300542063,1.609994352574579,-0.17958104262816627,-0.4715131270333784,-0.8928805370714227,-1.4590533061145794,0.12497428970584677,-0.02610622415530315,0
-2.197797498861099,0.0378650915781637,0.2378048443307168,0.28537549345196755,-0.31957255223671815,0.012502780894919433,-0.9550922769463327,-0.9761526437473425,-0.8712759446663508,0.8880416360422884,0.4723009131089984,2.1579392125181602,1.0842734185865268,-0.5611532414735131,-0.6589376056100239,1.7096093360827396,-0.4568461423789059,0.9110563095816452,1.4092067782440978,1.4759447262136725,-0.45916022767345355,-0.5839282247651731,-1.328840634771471,1.550767099346721,-0.9580060775494285,0.8770711455663478,1.480292182519031,0.4916436096725347,1.6942386228752546,0.3236576066426019,1.2584398449378218,-0.3112845400290812,-0.43891644745646,0.22245818077242296,-1.9852607313973984,1.7015908740177281,-1.571991761651323,0.7700718113294971,-0.11423240674928513,-0.29090451470149364,-0.6849678794701463,-0.9225083052681626,0.1177791566133456,0.2593805301353585,-1.2936869187552853,-1.8261960452023127,-0.38810857627559653,-0.3156509167135233,-1.0575372467143385,1.2351567795854759,1.0762831427177955,0.022095085597880256,-1.263854209605621,0.24382684465205082,-0.4525173821990724,0.17080273941129426,-0.7093705022668648,1.9788759521114634,-0.011624548256769725,0.29183217747728996,-0.0649893355284588,-0.04313851832383514,-0.3329317057949161,0.224865338729238,0.9980742794822826,-2.2857608688889566,0.4825195208134191,-2.6413433684274104,-0.06917040153617204,0.6550666310960368,-1.3613934057910502,0.42130026345829835,1.8141159976512595,0.07110748213963429,-0.849190018647318,0.5760741837968596,0.33546964018754544,-0.1706771527699158,0.11177822927617946,-0.19519983233174237,0.5001814122832858,-0.9856012448822143,-1.6780987307870108,-0.5690195369344195,1.4490737303718817,0.23896013666211302,0.23458064145853344,0.7774898827687539,-0.3302140611052391,0.6427083305688178,-0.1794439089027714,0.017480101115002034,-0.6553597288993264,1.5877882561218541,-0.6111766371052496,-0.6053879178169863,0.4482640481626221,0.23103506997692017,1.5964151165134386,-0.2192946395437167,-0.6241905745665862,0.2885937972051026,-0.36740857761658624,-1.2372915587092845,0.30110947210684846,-0.9954937829406243,-2.30367143544956,-1.2157872353139552,-0.679504076062259,-1.2114721864382079,1.070583460103203,0.7692402921900945,0.5083540601902743,-0.046564863288219925,0.35727978534689897,1.9122115179611299,0.059772311914942304,-0.28770738382569794,-0.7443780063986004,1.316319960651459,0.25642184449885785,0.9959884341459625,-0.4683753989567911,-0.6137591046840193,1.5132911961050777,1.3345994189246393,0.2393964359551831,-1.5211068426574919,0
1.1532380670057174,0.7770671549759827,-0.00845605243869563,-0.5653341452817043,0.10159029514864114,0.6029250063550242,0.4077607774767343,1.2144088867944116,-1.110019933100669,-0.7455096413855394,0.010100423741857472,-1.2365686460779077,-0.8441662720659416,-0.2911455713390384,0.46282711279485395,0.2875719282034008,0.14692984237115464,0.7488771331981646,-0.08706883193528854,-0.9619987867691774,1.1555101078950683,-1.493828280351165,0.2153056116774909,2.703650765778592,0.3795279414836175,-0.7218430067152705,0.5714225613573701,0.6848313038541303,-1.1074466885672967,-0.5822472192737661,-0.17741397251180624,0.594948953534782,-0.05130107155442934,0.993176365701362,-0.06260134566669816,0.21631559287135305,-0.3743369770689622,0.4361411641710337,-1.0625639185197269,0.09244935482265433,-0.9623233921789942,1.6687035086267346,-0.33025992332463666,2.42236608164921,0.34749628452204445,-0.02032157322639627,0.807423103957053,0.00863858389231557,0.8405263591051878,1.2847206916666463,-0.5245408182184872,2.0345732408850967,-0.37817623407376355,-0.36142283130347747,0.7619208425211066,-0.9030877374723193,1.3859350769033851,-0.03610666947724348,0.5220563756682717,0.8596132818081779,-0.48247293429684357,-1.1202940028983006,0.5998749232003127,-0.351708527157789,0.031189854237777,0.04230361509083272,0.09004336614140039,-0.9642897040846476,-0.09690123227845683,-2.5599337254700942,0.15450930347901937,1.1940394716357863,-2.153858379761229,-1.1842876440042107,0.5209817184112089,1.5262528788864114,-1.479658353307744,0.26032154751317205,-1.1497545716789475,-0.8554982529986692,-0.648795332689804,-1.598658347469469,1.9065709544343554,0.6336222810125711,0.5083283173706187,-0.06656089260742715,0.1955778058613752,0.9424337000364111,-0.7466616266758546,-1.0857162619808032,0.29934798930181133,-0.08933600643739395,0.41654792614005526,2.0486306214019163,-0.140409475283857,1.2431402648638474,-0.1167590381485273,0.2579913471474253,1.4409571053887091,-0.05242054076374523,0.17988288539963096,-0.3252288024576719,0.6385092437981588,-0.3872829419796526,0.9379079481738928,-0.26425997161020054,0.8484363451950167,0.054139929360938664,-0.6321740463510624,-0.38106147977438737,0.420042161800762,-0.6356682552635365,-1.067696048005703,-0.7336758993764018,-0.9226667807496437,1.1438694778411804,0.42642344329080945,0.5556351809574578,-0.5472250367615783,0.15343778545635553,-1.251848430242855,0.1689259492632769,1.7297740349483928,2.266968899614147,-1.1358163652291533,1.1705535007093666,0.2495948321945958,0.9230907509854679,1
-1.7332227899611385,-0.6642518649487669,-1.0087027345509176,0.7223622770226544,-2.2234558112398264,0.18306043806755368,-0.19701431318564813,-1.178406139896004,-1.6669382124157197,-0.8591962295700261,-0.6735174822820811,-0.7160584262848116,-0.4665990041266278,1.0779570392850626,1.088201931373763,-0.4943677000343118,-1.6842200691901896,-0.4605303457214638,0.7608948245434212,-0.0060910849390094024,-0.6592037384983894,0.5839872994550747,2.684616818692076,-0.7789519053110789,0.6483557152512172,-0.16295939415543975,1.0790276960203466,-2.7828599577517474,-1.6715811223835462,-1.453309244309844,-1.532505248273787,-1.1915194006269143,-0.3638413316562255,1.2878433922968935,1.1364756825437632,-1.0079922219151578,0.6931868896926363,-2.1055538305769703,-1.5223342811228973,0.0017807646518860425,0.4136051489897501,-0.46625053831812735,-0.39335879771511106,-1.9216175068922732,0.7489196427005144,-0.7012516699762537,1.3381885297338234,0.035606657013219425,0.23047290481045776,1.6722326841265307,-0.2654219907696143,-0.5238062990733737,0.15081863584001454,1.5617327370435876,-1.0837330845150952,1.7997953588238083,0.9744192133586843,1.43463093900035,-0.49380964096101115,-1.3836517734662759,1.4512938067325873,0.6854382400294763,1.1553662555671234,1.2421708516404175,0.30807077503207136,0.5217526275902843,0.7091292514559195,1.3542156456245524,0.8630246489767553,-0.6839066593202271,1.7487355769312287,0.5023330273658683,1.3414299846763789,-0.39427199182951045,-0.199917399732712,-1.172799326213469,-0.5669284058150745,-1.1914525297783898,0.5645141241873859,0.7778486146055381,-0.8129607717523449,-0.7826230426687226,-0.4601170708819656,0.6131150795025008,-1.1416264441789425,-0.3343791205837146,-0.6332985975167289,1.3266790081587256,0.531355033444617,0.9265984369175009,1.1550461425632865,-0.15459205148150107,1.5458861235946106,0.0829633414326261,2.582762233346377,-1.0608735526056228,-0.9145609722782299,2.6676312988993804,1.4492548329389618,-0.4829054744799571,0.4209544086499623,0.9966462283950994,-1.1224593169786512,1.048155852671525,0.20432045755702505,0.5245370429042946,-0.6346545018747826,-0.5914470840308418,0.4203026299053386,2.127978868068967,-0.2736144480972293,0.009568356588966131,0.8256332126636678,-0.25731179538690796,0.9792163841429695,1.372136354227538,-1.2961739824250895,1.944126000640557,-1.3289563904182966,-0.6010088837686622,-2.2444149961329605,0.02579409106100317,-0.7703275715520377,-0.7108006903235756,-2.5305423016043758,0.4230737385853154,-0.4896180941408142,-0.4675472490765061,0
-0.37587501845141746,-0.7660828415082951,-0.5387090168947928,-0.7729097244946587,-0.5749160255471749,0.22945169746870575,-0.20226671358327786,0.6862270736849815,-0.29392988367334383,1.1481235366913587,-0.9914389747618272,2.0175936480352887,-0.718807330809315,0.9465746988737483,0.16906697536778514,-0.5654243495436672,-0.03765276214521054,-0.29317195753891306,0.07633438177757874,-0.44984932843948683,2.701265594752287,1.5765903054995951,1.3740578015240372,0.7550057198890182,0.5564888004357281,-0.022721209669657592,0.6601703231275462,-0.5738785100048164,0.39062759208821707,0.5415504727924453,0.2690836974857426,1.5975277600399274,0.35376224671152373,-1.391920915440145,-1.0089810616364523,0.13955679554964867,0.9164191971115733,1.534984369919683,-0.23132060844863528,-1.6357207956345925,-0.6327287324697166,-0.48869650303915424,0.869545046970799,0.24322854815022785,0.026936697834787686,0.6279255791054628,1.0516351992866477,-1.1071487330739187,-0.531185672017868,0.5141130162565188,-2.8880494359557853,-0.4727526207972916,-0.8616498143975339,0.3697507733758874,-1.1281887036524898,0.6582398233947016,-0.7960849399527944,2.2996512501961996,-0.23757618090985505,-1.5252677826198733,0.1216942943884293,0.11117141910221175,-1.535217429345275,-0.28328700382398725,-0.22975692163458358,-1.05444101669711,-0.6461785366355304,0.33504570975778714,1.3892797669387964,0.6356826689388969,0.3223314897498423,0.2354465434186684,-1.8251596032044248,-0.445462185032169,-0.26608853311150227,0.24478652568195633,-0.31385358974019845,0.78863503947532,1.4904939023055175,1.8540742550066256,0.6632087959042071,0.047898103462742855,1.1416827551901523,0.10006924246276239,0.7034737414315948,-0.9978225059470858,-1.0384483761284187,-1.0303929337240365,-0.4800803094272991,2.01017390130748,-0.03388474403080133,-1.2414799205868154,-0.5829678167544526,0.8546181395456773,-0.15766145141417753,-1.0558991262234048,-0.18896832482281148,-1.0215602036009637,0.42634398942966184,-0.1199834828892906,0.40268981027869927,0.5975369830470244,-0.1471352676836017,-0.16035646585963695,0.6729257600161148,0.33541607828583475,-0.9368510399168385,-1.2376035950754578,-0.38761524452561136,-0.016624508513476206,-0.781162382961284,3.070064913474642,0.524629028759605,-0.4274844497571324,-0.5244207800941533,-0.1921660390095343,0.7223329619816636,-1.4183412161339812,0.6405615745716609,-0.6376764163827909,-1.0669662808688647,-0.9006402167763231,-3.174508119473468,-1.6676037082316744,-0.9085350866882546,0.0695485767596037,-0.46954762168243275,1.3324467147852892,1
1.2182450215294918,-1.5621523077728188,-0.6181483765708667,1.5251063157882592,-0.8331167171459444,-0.7328790924655307,0.24933622164013397,-0.20220073825973947,0.2327762830678868,1.2804272239794978,0.12788188726170224,0.44579477464842643,-0.8931978067162967,1.7338008527439315,1.090312333306256,-0.8377388603560255,-0.5848286133861704,0.5501554720795009,-1.5482680283425514,-0.8020421450484526,0.4858542568455559,0.2252802001808139,-0.2679983537670821,-1.0592995966519942,-0.694452356471337,-0.5223006171816653,-0.09941385570287095,0.3105228605739812,1.5740641630283052,1.2213849417145926,-2.0425553011034525,0.8662458030343801,1.048113959490033,-0.11253582286948667,-0.7384051697279828,0.2808171451219127,1.2572518444585474,-0.26886398335912925,0.9852604568500314,-0.06423104500508418,-0.42557360099115954,-0.6415596443301074,-0.2804294142897257,-0.7425370951170767,-0.6923232270973415,0.8630869433265526,0.39831327999037425,0.5912297677524065,1.3403262743722544,0.827732168160437,-0.955464219872035,-0.3754327364472298,-1.2237546827966514,1.9073105025690673,-0.9343406358446871,-0.4564738266449279,-0.6667700544558622,0.5233683627673135,2.075394923412507,-0.9600529340267792,-0.211275651480066,-1.3087645247356785,0.017084312706415916,1.0115661313435038,0.056245946681146686,-1.2744593563738278,2.2706581328176583,-2.231385979502689,1.8317212512979877,-0.10067771012020756,-0.260321052670588,-0.8282625090970419,-0.1603403890752016,0.12693577088283725,-0.016269379476647233,1.5060902211085927,0.5944471135931622,0.5176921510040766,0.9544206194066734,-0.789319371886704,0.8119783647176722,-0.7601861655705892,-0.24889800142526308,-0.8861336350660957,-0.8591052053582385,0.9300236359695873,-0.14919655116493158,1.1459254780767716,-0.7661942521117491,-0.2954633917388022,1.49607456724105,0.6995613475944232,-1.4710171269213297,-0.41922821424181866,-0.384637033412502,1.0914821875931224,-1.6008659642742746,0.9608123416015492,1.2379785471209046,-0.04444002376342745,-0.8736502036135521,-0.1608421527166561,-0.43416276544678495,-0.9271027829611111,-1.385559507935701,-0.32185660425419294,-1.2211816849764876,1.2763912435725877,1.0755037363511786,0.346678310949731,-0.045566283996131156,-1.3834064472484662,0.09879586534715347,-0.20378498408400902,0.3674174013835907,-0.779879132347483,0.35154476135829277,-0.2641658068256195,-0.5958425520103202,-0.3447686994669512,1.3788559210465778,0.598602315862879,-1.2836107349087231,-0.1492149900242938,-0.06332790240486268,0.766878647244924,0.25815777589151206,0.11161734089678971,1
-0.46501912207913215,-0.5470333098411102,1.0777134907552275,-1.3193946801632002,0.5683182931986446,0.7958633994595219,-0.875890114298743,-2.4058442358754473,-1.0470171473740812,-0.486332448657175,-0.18118488343967248,1.1217805452481309,-1.4850576624757168,1.0124052534442742,1.689920495549147,1.0549111426578652,-0.7245602852203391,1.6422394952091448,-0.2961744742858572,0.32554000983104575,-0.5310938665516536,0.10283737025548856,1.0156960696302415,0.04751355764573375,1.3930923157315998,1.886470173650494,-0.324302231642419,-1.523934846688387,0.32268347837349465,0.8880424633955817,-0.027262239036867687,-1.2294637003066813,1.3094920149935982,1.8637833401733193,-0.0923579368875331,-0.30939971369611524,2.387197809081848,0.9406430251863138,1.0203680609583952,-0.9331396060938438,-1.5351875231205325,-1.93911668023764,0.8717398611189082,-0.05250881356042149,-0.04834657341666757,-0.24211982749895616,-0.034315013168508685,0.9543655309865462,-0.9822304680044973,-0.3166301561639524,-1.3987186237756828,-0.17697608775595383,0.41121006070490496,1.0104620429338222,-1.252341033619919,-0.4306474246236758,-0.6246354722168107,0.7922869787669796,-0.19786536183213066,-1.3005951740044623,-0.19038100380970072,1.5104550964131407,-1.3075593764455808,0.37561783594583925,0.02582371473771564,0.5463081442165272,-0.9347771689255845,-0.41858601645506416,0.11380523373722118,0.08570526465634336,-0.47922721001940743,-0.8535076994061445,-0.6260669879384606,-0.6528280529676692,-1.4657324543637196,-0.5285046961090917,0.9304461066596618,0.23831798775054114,-0.9201525320419566,-0.7837263540800231,-1.2615622560503013,-0.8787549480055181,-0.46583009399176073,0.01427884857900928,-0.9430262776037384,-0.22751434479051888,0.2763076861531001,1.065810908476606,0.3830156262582483,0.5568524304011983,-0.7869376722365937,0.7837119737663022,-0.14631579334168893,0.8831143001761488,0.5791503034632863,-1.616580056247889,0.9278850684726301,-1.7682478498473586,-1.1624687767462347,0.7041681802039569,-0.10172414529637501,0.36330338928714284,-0.3077758849440002,0.6652960024201668,-0.7741654546412653,-1.493881263848631,-1.1703135022442481,-0.3008790074340076,0.570502588537903,0.22682523853471762,-0.087376211384143,1.358392370337402,-0.01895661719767963,-0.5488132419295673,0.08372788888359674,-0.305814313396996,0.7764290463539765,-0.7963565211732606,-0.07892416509885825,0.9954064361759829,0.6432678953651776,0.2590124912610219,-0.6048951375766007,0.6050763192889085,-0.9780596071018931,-0.5282579868604885,0.08157404162586132,-1.1164557831122786,1
0.7806603280632053,-0.7585473546009154,1.1812669278565795,0.8093136954822152,-0.9368281889387099,-0.5032750374759074,-1.3153551561820114,-0.3115624637042854,-0.25327978085075964,-0.436735678822297,-1.2133987549967165,-0.6215025543752929,-0.011389240177174837,0.9486522179779608,0.7447282740462365,-0.29665121977589215,-0.8533783414924924,-1.0189912359835083,-0.6092002076308918,-0.8929710264939201,0.5660453260368528,1.7010490112971957,-0.640874904597808,-0.3161685935485976,-0.14438876291920358,-0.7639590667771459,-0.04904319079677585,1.0998346013003923,-0.9630597644460951,1.2214321742905008,1.0392496027178773,0.5323143449983223,-0.9279229375261469,-0.26103273364095947,-0.26572977939150433,0.8278867525837194,-0.32750303335745146,-0.9537339565780516,-0.06277782297695311,-0.7385180148712241,-0.5183426579003891,1.7027276180378563,-1.0662855410466836,-0.5871742866847038,0.970963832460567,0.4569456643915286,-0.5468550271300348,-2.7806072811804867,0.9307482748793369,-0.6055752844597226,-0.302262422184739,1.369690317376623,0.19277078564716774,0.776595401739233,-0.07956316466128338,-0.6552215065458992,0.2886152869791271,-0.6881546249123186,-0.8779861591055194,-0.4308953156733517,0.6653399936923233,1.7319443998121076,0.2561992144866984,0.6664196174965655,0.7691763190398929,-0.6648568680232695,0.9104009730850847,-0.5078047856440019,-1.174023075000962,3.154674939762142,-0.4363806501218431,1.37100091123538,-0.8737345553202446,0.6020462996422429,0.3060822422316749,-0.06420692402521186,-1.301913655488667,0.9108376710155612,0.5317011172571403,0.520699487468572,0.19320568841608632,-1.2486055149294104,1.5113992202355644,-0.2345400586254202,-1.5017121372678022,-0.1700322496175628,1.0533622415725246,-0.04085859644543898,-1.684557500006855,-0.32024685246076945,0.5508883100219527,-0.296157858156447,1.0819288409740129,0.07753943825039405,-0.6084062459734149,-0.421632451483707,-0.4847425642430167,0.43709301427495034,-0.9898931159698935,0.27886493048328986,-0.6472517454324866,1.418864660764429,-3.0499753018063016,0.36886523786521425,-0.29147446325307924,-0.9374499766800077,-2.074364031176238,0.38984706326689783,0.9505742012686251,0.3133878853566518,-0.4416384374434333,-0.2714263834430711,-0.4916392151895948,0.14401119520478123,-1.3859706585252793,-0.38489166766197197,0.28282492906679096,0.04828538875893145,-0.3308927823994751,0.3197599037804392,-1.8314377049370305,0.4680589082738841,-0.6108468836709158,2.386826193750195,-1.0216070184668122,0.3309693282844171,0.9236757556981448,3.6225881665133226,1
-0.9244134285879058,-0.5059705787030794,1.2312627942447558,-2.1400492772365616,-0.23171428211181974,-0.1393284029988896,0.0874102272966495,-0.2546748870156464,1.0388517220507871,1.9414294421482068,-0.5447542458181093,-0.05948370437034065,-0.028216781002654345,-0.575825870898359,0.008353000600499302,1.2439271633229425,1.1574761705782475,0.21155564485257725,1.1882448554418468,-0.3495590346171735,-0.9188155524980607,-0.4583105621411435,-2.434935353603111,-0.3416560192488273,0.01449073283683837,-0.31760320196258685,1.748379275501738,0.8979283629391847,0.8594065369212261,1.4455254270343805,1.488044561630477,0.42379899953802186,-1.2201688198036442,1.5727998196933883,-0.4171453466047188,-1.123801967270314,-1.429104652141037,-0.9393392783002732,1.2998077924540838,0.2722502857598345,-0.2160912570935951,-0.7013549092367247,-0.10355995217922612,-1.2347584985910507,-0.7332815819151466,2.9701143342461367,0.40174993917145313,0.2951925570127239,1.3090239308920886,0.1711824790805333,0.40486102048040024,-0.6012268139215958,0.22679468328605698,2.012304725630212,-0.8525914228478332,1.4120566658884666,1.3024204520015605,-0.1690877741819041,-1.7922434825872626,1.291590653058786,-0.24018209865546067,-0.5524766395075298,-0.12864337843050816,-1.7077421923621703,1.3085855438423692,-1.1539290605390022,-0.10265213319103525,-0.15591110530888758,-1.3563511183873416,0.29655111158304637,3.1030661844792444,-0.6020403550123767,-1.3002632041667141,1.4960110074883886,1.2931430528733823,0.3693608106580733,0.17794362423975962,1.2794087375079932,0.7527282846368809,0.9424319545352856,2.0903053232089905,0.9847544048942697,0.06565114437330795,0.8995470637538918,-1.268606200730174,0.25185722416566225,0.3017931205855996,1.1104412143696905,-1.5238777028033883,0.6755347093078723,0.39456089110159276,-1.339953481724473,-1.945017745445959,-0.30305233429259915,1.9689326249204555,-1.2380324628066786,-0.22715734026874546,1.0100983255003462,-0.756781435905057,1.1496063789748434,0.7482495660253463,0.6751657269715466,-1.3653366377583023,-0.0650840349855131,-1.2518399347825728,-0.43492368192619396,0.8519790770987258,-1.046397219736417,-0.26528405661007065,-0.7503179454867156,-0.9333597597900898,0.001643373719301791,-2.1530588112936417,-0.7364979729052084,-0.15163387531078507,-0.43852218502118134,-0.8974189034113818,-0.13398474568368574,-0.6996878163763197,-0.24165745675978198,0.12567519008501374,0.06503806971032693,0.06216112609242708,-0.168584287978251,0.019444718671484167,0.3738864011344736,1.016088029182298,-0.0396398027546173,0
-0.06087485021424443,1.0200798128962965,-1.8314792722834767,-1.4405216245417394,-0.09822969137551305,0.5863828247570583,0.02801842019887257,-1.7244059752216252,0.8646234451085263,0.6718953769590029,0.12826759616236336,-0.8886051489143679,-0.9845211415545126,-0.39202449934902345,-0.8098629428135037,-1.1790954837227057,-0.04735070197131486,-1.2724522974844656,0.23715800848715798,0.04360558608763976,-2.3937261757020565,0.9897263680936829,-0.18691717172665412,-0.18400467490625505,-0.44157959465253205,2.24738870886851,0.0581376656142686,0.9010297609658791,0.7631563426872742,-0.327192763126376,0.8673904280124991,-1.0330222776866358,-1.308546644326084,0.4678686838863904,-0.061574721521508675,-0.2375852652828731,-0.11132531399464812,-2.0449516358474704,-1.3018818930388096,0.3747074598609322,0.9678277146801945,1.2395527175351255,-0.039647527986377135,-0.3550421767814601,-0.7948506053809743,-1.604755135943106,0.7232356282911812,-0.0782332407667443,-1.9265848150969578,1.0878289072642155,-1.2400633273317174,-0.7596235460289642,-0.5153866054912031,-0.5550580170224333,0.06690465671873586,-0.30631461360409856,-0.3528589701763349,-1.1381714920699413,2.071615267539722,0.13266071943901062,-0.33402136711637487,-0.11570275254012438,1.5407498815643967,1.897286167208785,0.2487070249900255,-1.2852511795770956,0.8344919995165541,-0.2749399339297663,-0.46910679950055323,-1.3546282170999067,-1.5032459299238385,0.7054935894986466,0.32539304848483214,0.9647128497453825,-0.45990558904430584,-0.45134069427805795,0.9515179400029743,0.570358698126653,1.9448163070241813,0.15110935573954684,0.9811903968119547,0.02846590428806209,-0.18724016899124563,0.20401906606795325,0.3068588004739245,-0.5159398163399991,1.0502035200374178,-0.32567889083190177,0.7101156312866768,0.8637740342753233,-0.7971407927544365,-0.29139467665461005,0.44275192948711334,2.4508491634503993,-0.4593872153171519,0.6165659671709992,0.19090193495230856,0.6415579903090979,-0.4772273717406901,0.8138556835966894,-0.040774029019197876,-2.669636475659007,1.0810271472141744,0.2197819582177402,0.5748216251858538,-0.4349469575602539,0.032576508020418546,0.09460581621469775,-0.8585591387026187,1.9563315049496472,-1.6556494638214043,-2.1682594868264022,1.3205816272320334,0.7021707632916961,-1.468912985369648,-0.2785475709718933,1.300100561412833,0.040587388953931,-0.3858052324212374,0.49917851101531874,0.09491654307643317,0.27891012382148617,-0.1834750627128339,0.48042066514421716,-1.0230282911056499,0.05523121511419244,1.2663482610835595,-0.20962586113978032,1
-0.9887701436628169,0.09440187945690284,-1.129373114684041,1.0282696377413847,-1.3118386087069498,-2.33512232159097,0.25790863361588673,-0.1861850205819683,-1.2494760874705275,0.31000159552497203,0.5097150547925816,1.7176772483009177,-0.6566272890250848,-0.679285090542195,0.8291585478316641,-0.30301560154527923,-0.42874543295741246,-1.8560975758298033,-1.1667056232140365,0.5179499303342592,0.683681545210623,1.383910470855766,-1.0024833237454958,-3.5343371083191193,1.757559644443387,-0.7363223854030804,-1.1077157076594732,-0.28761933646532417,-2.6094047992051546,1.6235598039664056,1.647488246998942,1.0220503171074553,-1.3369072204310863,0.45112359830254994,0.5990107938305749,2.152498844065738,-0.5756846573467216,1.85425183883654,-0.055600341548615984,0.45491038528581773,1.2533726203188291,0.4200180345348965,0.7349927398014376,0.3744470048028282,0.41652188609980284,-0.9992663056744704,-0.20716470720356933,-1.2786453612095499,0.35987712428161533,-0.8494286631374498,1.2938987212897506,-0.42320298344871454,1.3794900906083587,1.1809877349463063,0.4749324694774512,0.05260261211843813,0.5850785288781662,0.38503356495251356,-0.34469876422877466,0.6302282101370894,0.0006219681983380423,-0.261897067267014,-1.6583816885463476,1.8799324709003438,1.0912098360833686,1.2923038338249186,-1.1021417701885536,-0.41598931955847457,1.7304015185221011,1.0555391686862772,0.17880113491929217,0.09205925396476254,1.9539567622515945,-0.7070550563664352,-1.723681204918476,-1.4549976864430567,-2.5652900604237923,0.7497600119381886,1.7864320712797892,-0.07529879762595659,1.356193784020021,1.189449153151274,1.2803312496419659,0.3501032973707076,0.7328352749682322,0.1879407961001805,-1.5509564893331749,-0.8543214567341282,-1.2913828540142438,0.1950137490029089,2.807823625703925,0.5222714961187879,-1.455022100430546,-0.4026239564882007,-0.8888764416574935,-2.1426367997078457,-1.452367600795069,0.2689669865919573,0.19681974688947432,0.11382081778967558,0.5442806401081477,0.6149607769542444,-0.6263685032215845,0.23808171995719538,-0.36034985328433505,-2.423001725437852,0.4530081897622668,-0.90628136068381,-0.9198189635980661,-1.4783307137517094,1.1529592474822028,1.7841947210187692,-0.022609158641353197,1.2688137473966072,0.09263187572142226,-0.29828705273494005,1.1183145989509715,1.1379501020418303,-0.7905719040026424,0.8850839099094778,-1.2069351638555121,0.15051774926678066,0.7287817463445322,-0.34860907035674066,-1.7969970431178912,-1.3435885068992712,-0.5169034478424305,-0.5186119528860916,0
-0.21832140488617735,0.4500744386095059,0.5454422475153347,1.140154125758967,0.42934233063836585,-2.4950421209903513,0.5923509722383892,-1.1094447203509588,-1.7114646504703774,0.4638543420860893,0.456475333684036,-0.08909398918626896,-2.4848814056468465,-0.34708870217713134,-1.6801987528474285,-0.1999493699159928,0.8050052691025132,-0.40772734004150807,-0.4147355050270674,-0.0313442095943637,2.0742396451480625,-1.8611542396375165,-0.2289103441908161,-1.9539242531882113,-0.6059723975524733,-0.15093663305764146,-0.06945141942120683,-0.6960754750770161,0.7811041780978363,1.622936833577448,0.19598887387252553,0.8788243003326927,-1.2340600321620676,0.032354180681719504,0.12566637803832448,-1.4963407467710808,-0.26284574046540854,0.255333436047391,-2.1235349404235513,-0.760165136858075,-0.9787015643518361,0.867901458333356,-1.1457250379554929,-0.2905442646837165,-0.4704206154891501,0.7731480918005114,-1.2165345698616679,-0.6008795980550758,0.5116873375803015,1.1268623869455145,-1.1385071819952286,-0.4168603688105455,1.3612724811460928,1.1158217355721347,-2.6190877124845375,0.6107024584137966,0.16164531427178028,0.3374326820616813,-0.777961718992107,-0.41038656006096874,1.6000314522527788,0.2908731291850999,-0.23054048030514035,1.1869613792448521,-3.0515881472747006,1.1630421901223584,-1.9348984433321357,-1.8995118754624594,0.42053700653864784,-0.472202607902389,-0.22553193843282834,1.1700397129679905,0.04155252394757662,0.2263444539060686,-0.18864716554131045,-0.5739154884080827,0.08603203032212446,-0.07786723034059609,-1.4185674742151728,0.6791699632934511,0.32293791107798375,-1.685738184808014,0.24455675458688925,1.1576290576045971,0.7903916003750185,-0.29406789728201177,1.611881381163541,1.3224320874229794,0.23903248094107477,2.0344906886549357,-0.8996018161865467,-1.6461022183814988,-0.20119975133019763,1.3149850489909791,-0.2466865060738643,-0.01994008795522941,-0.7137817871309723,-1.5058356023035342,-0.11922866018393626,1.5645402517784548,0.1922763885597028,-0.35206752441123945,0.07018526244945779,0.26066309133543963,0.013252611084585956,-0.38152448139311235,-0.511167809308891,-0.04456781329859578,0.818289227702093,0.08157468617891508,0.8118263856787733,-1.3514848515182083,1.0992334446188998,1.0868751231108924,2.635889420738587,0.3398443140781417,1.4307472402185006,-0.6295901572331811,-0.8888979165609471,0.6771583490814894,0.22120959028636264,0.991380593665323,1.4913616473209819,1.2479223464634837,-0.5413293721354933,-0.9805048090983726,0.7327420764796642,0.4893769981638165,1
-0.5457588233283893,-0.7492726623001411,-1.182695772214233,-0.5789775217506774,-1.36268697907891,-1.1012739081508294,-0.3924875700668567,-1.1668708725775738,-1.7396931906431647,-0.29505501779898036,0.11401295423009775,-0.6095356754919304,0.1540678091458601,1.375175753910111,-0.30778995159537226,-0.25276071452271703,-0.4269502289537781,-0.9002085746247392,-0.8809747817593336,-1.0922330139239236,-0.15507572095173358,-1.4941341586487464,0.8260970059341798,1.1565887334324132,0.46166441623580645,1.3302987570614209,0.49156905475812046,-0.44286918813935583,1.5814008624885068,-0.03500000050152929,0.45709616605822434,0.8936743576923584,0.8925977748870709,0.8637660215443586,-0.3151156584563158,0.11469798917599573,-1.6242542495719277,1.1466642359829649,1.6806179749223604,0.6937563537487971,-0.3885757052353005,-0.24034310946931062,0.17395912277147782,0.1292588130321204,-1.4555182230922263,0.13035315128683492,-0.6742022986269148,-1.2692742337247254,-0.9505342546652777,0.8799068296198558,0.15261795206693882,-0.13866127419092494,0.23382043908716313,-0.6351601752155075,-1.0390948019450286,-0.14003167148428836,-1.3167892980799496,-1.785335548914391,0.9682233993907421,-1.3200123195885374,1.073518219592702,-0.35772075607315645,-2.342770392708131,0.19563994069037657,0.19961664600105447,-0.4341711992621941,-0.5712131599339073,-1.5696932181277214,0.8220679594703844,0.5483900318205558,1.7895482563671137,-1.5558596972156238,0.6358560133834876,0.10251061657409172,-1.8590827621874302,2.0485981964681192,0.8258959270245886,-0.6923806452167472,0.19139163592164118,-0.734938524460945,0.6428654766525614,-1.2526358354878058,0.3888452574262479,-1.5137641684674419,-1.152271203996308,0.7543220440227212,1.0838999462300023,-0.5806900284410642,-0.11508396156097014,-0.958066043495464,-0.017022276936336296,-1.186280133923231,-0.23011788127269603,0.07515108327430506,-0.36875961849713085,0.6970871463221773,-1.44995936475881,0.5258012830633171,-0.8869915718889748,-0.3731521058486492,0.06487182943016129,-0.5096694479754362,0.9627481461910813,0.7105663913305647,-1.491681630167641,-0.024328820718401645,-0.3576124912156325,-0.4517742705510547,1.030477931005118,0.7687176854143314,-0.3233346666898776,-0.8951279454779129,1.16413204211753,0.7457208414703208,0.3137432700141671,-0.6533303854958191,1.1545402580723216,-0.38165665222239953,1.1930656480950441,0.06282888422037185,-0.2925020658243115,0.9819034099486911,1.2801753979501171,-0.3926975611573045,-0.796918215087162,-2.8296313412424356,-2.137243117780412,0.15723809305862407,0
-0.22835813294735224,2.78085818744096,1.222787960219938,0.8418777662040667,1.2916620171130513,0.7310189250373769,-0.7297440690090142,0.9205570696451996,-1.116249405745557,0.0014877445638066225,0.023733427969783387,0.14614503567723533,-0.2292948616663943,1.0331171686935532,1.3101922109468782,1.0536655277211961,-1.2555343652508364,-0.3469935456416908,-0.3248977549523095,1.4854217876135845,1.3282441265415155,3.2923106282694414,-1.0174854809025604,-0.18126086707752342,0.4198096834973875,-1.0835717984202546,0.2748488969217374,-0.2706850244356018,-0.50876146259048,-0.5238134420643982,-0.6182741363252124,1.0839719299443917,-1.3382531037149346,-1.0024589082759152,0.047778165289095086,-2.0236023435318917,-1.5531621573196832,-0.6545499288244944,0.36757558629389064,-1.3161087824967324,0.21657757837324296,0.7823687019236382,0.17569933688526643,-1.5694540611249124,2.3999251390855862,-1.8713443167968173,-0.5652205890656018,0.008502991820851256,-2.157895097103258,-0.10042828453886236,0.9232212782780643,-0.6861485769256298,-1.7226633837426908,0.8478844145033259,-0.6978935540241731,-1.111283384739481,1.12077716051286,1.0023824128174745,0.8017442947710338,0.8892417908576942,0.6022707322116444,0.32563896845075674,-0.36459759504160383,0.030220558362892308,0.7836651881205718,0.06974610929062072,-1.0794115225028895,-0.6430976555776715,1.3614437459136415,-1.5063492408544918,-0.0045636837781551885,-0.1655911763022906,-0.7045469193937232,0.9073506682474892,-0.43977691128492435,0.04234724842132455,-0.8697729335000177,0.29089289409407887,-0.8258634566322092,0.0975603659299083,-0.13220182818217005,0.6151280524100777,-1.2003845348133213,-1.3493147757755046,-1.7818295539358513,0.43442236786380656,0.5462951382659529,-0.8129259960864035,-0.050947200933385194,-0.13088492530902424,-1.0548917180143202,0.40858259369543054,0.5676498446051763,0.14167210113852122,-0.7224771811562517,-2.083758151578209,-0.22755013544920025,-0.15699567520479646,-0.16081672481818887,0.3277506377382379,-0.5727453752576767,-0.1835366906859903,-0.2525333885399181,1.1403209367400038,0.9123225054898364,1.0566837230350288,0.01245046463729924,-1.1959389408133196,0.7906625883019051,-0.8701799959064258,0.8598853383253308,2.564512458953995,-0.1069755926984729,-0.7119956003260668,-1.65311921530762,-0.9219865567873491,-0.9329248401187379,0.294051886007059,1.0849488425481342,-1.2689148095891731,1.0502705488756392,0.3908278646918655,0.5691490645779123,-1.6201922743626087,0.14636502156216227,-0.8543373321443442,0.5235851111523715,0.4243498437570855,0
0.6789192375604104,0.4887531196240743,1.1067200891496256,1.5331528480976035,-2.855945289867392,-0.8308348673678109,-1.1116052141981179,-0.8077637986368318,0.13798246150555166,-1.3016761861914898,-0.26984742534549233,-0.9823184127008869,1.913799541190728,-0.39640807637789643,-0.39255967861749747,0.823866829259224,-0.6235389115467725,-0.698195257419054,-0.2797065551240094,-0.5134694289167546,-1.2583926941129338,0.19320159474965987,1.1884470823236466,-1.191273156113275,-2.5698239261697386,-0.47777125404167053,-0.0667572797947474,-1.107000993472104,1.1774793534254784,0.4060754473915078,-0.5460307858249742,-0.6083834714400717,0.7340942834452084,0.6172399656316742,-0.6713046768833999,0.15192586301301073,-1.423721351212525,-0.44813699450642674,-0.23312024131660775,-0.20332610294264009,-0.08829827380074601,0.22640585393085214,-0.7996792653080519,0.9443031827983978,0.802931129480919,1.3747782058501992,-0.33551147866608905,1.116792431699853,0.6356490616838469,0.278503952322938,-0.8413305301479964,0.7215233621617162,-1.8305957773183956,-0.9525331601968563,-0.18732212992173972,-0.11437082281422796,-0.787856170882186,1.0976652394840767,-0.08774698180495728,-1.3543657645835772,-0.20961373186686827,1.0345028250104717,-0.5049081281529786,-1.7087645732849,0.12516658082422707,0.24025601068088084,0.930599181928925,-0.46647907905770214,0.5402703404612343,-0.994158047835595,-0.7044225312597127,-1.1873002696269022,0.030179095264514542,0.7150109423575836,0.1975217852055502,-0.29994087145906523,-0.34903848946940036,-1.6915068573487604,-0.15488862085077854,-0.23662040897168335,-1.0248518832904785,0.7288014732594204,1.1218211374351146,1.4576708462380958,0.36206659042367834,-1.0605931868107343,-0.23361464801840864,-0.6357737364286037,2.4270663455479493,1.1247791628177486,1.8978028967886023,0.20942346008502502,0.581531722125184,-1.303344435499204,1.31145830242058,-1.4086267352502544,-0.8897836171676548,-1.1721083889564814,0.16716817627067054,-0.2546822493532179,-0.12499674911887539,-0.05846119709281576,-0.2717937341730745,-0.19957972123944526,0.7663757013227004,1.600079942534907,-1.0264629013958941,-1.2303160553003705,-0.10895807738178435,-1.3124531980429195,0.33838299876175476,-1.0247341485722992,0.032064757613366135,1.282871661526202,-0.03072838278634799,1.6303559311878797,0.7584523047588091,-0.7820799253373654,-0.48995874336558404,0.5406103974576345,0.8574131125345688,-0.08090277527617142,1.3806065073538998,1.2366463046394915,-0.08817070063457892,-0.5059140456401974,-0.5175781892524347,-0.7495479879991752,1
0.4296496363079212,-1.311646801775531,-0.4198236725476051,-1.620178158259641,1.1664121764232358,-1.952401599016003,-0.8104002529017538,-0.2614625677932109,1.3398030693404797,-1.1644399310559572,1.12484449050675,0.005527090024068784,1.112029097421595,-0.8996637283003877,-0.6780691843861718,0.16901293748699955,-1.4509673861238035,-0.4599778373632002,0.5724317170940111,0.48884204649924956,-1.2304417454572172,0.7685396442411147,-1.5531700717159795,-0.0725939265236719,-0.4244839657753881,-0.15750269354964766,-0.10642740043172542,-0.2373065279813574,-0.04057480743390962,1.4715673513574776,0.41637999942516407,-0.45088134740699337,0.6085053682398284,1.4679612091285288,1.3617819265887774,1.69308992322414,0.48782799203533783,1.291841325732781,-0.43800613654232706,-0.8756536847384331,-0.533957984175972,-0.0961531546014032,0.32911204865380606,-0.45089878260297295,0.6190678746836765,0.376373085893211,1.0922980623150176,1.7516900868686818,1.29426895580985,0.2947883370560935,0.7008348410445586,-0.4407146737709204,-0.9865595752789509,0.4942180016410726,0.48161742678962516,0.17860932018740874,-1.319123336706338,-1.301309510495861,-1.001904085111395,0.5253915636346279,-1.2514639146877808,-1.5616876503823596,-0.23955510411012623,1.5843470405213749,0.7239445605527456,0.7241403988211811,2.0017727699197105,-0.8747760925101334,-0.3215653755244286,0.3553966687548998,1.9603842376697618,1.7512371505384658,-0.06854055514304287,-0.9482393073263314,-0.4331861261198146,-0.6553371414462038,-0.10277763565051476,1.1586013446093142,0.6872960918880187,2.0944987193036115,-0.4627149051874849,0.282543563034843,-1.0449965102732925,1.0100380017834316,-0.058107869346608165,0.47708786634141975,0.03587991339620327,0.6878313831575271,0.5345901902256822,0.13343368612117068,0.3286482036479532,-0.7376158913920438,-0.835904618099616,1.3742900809070058,-1.156521746981998,0.6577635645592897,-0.7249160884451926,-1.6071873029037615,-0.5258949588376182,-0.5690596903742539,0.9698501440019732,1.9267871276501078,-0.6154873122376512,-0.5110182099262977,0.3124147274009217,2.015796704636185,0.20897171073228143,0.31590667904656594,-0.3833678685588685,0.2677572684756105,-0.24481721925665406,1.3221205963594478,-0.17253688189101365,-0.7635299162082197,1.247891680922091,0.4372987889022047,-0.8343419458439463,0.186001741329104,-1.5470638824836507,0.6802055217288682,0.8904405258573038,1.0313031663542094,-1.4646377516013194,-1.0513039798432684,0.3952595091840992,-1.217535505773323,1.6899972061918125,1.2313386333498715,0
-0.7371830612922857,-0.8044526634448729,-1.1719967859158018,-0.5486507748072255,1.233658036922713,-0.362525482837236,1.1432062641975094,-1.07316921940843,0.6603534372563754,-0.28979456640769286,-1.1746654321966046,-0.71240944496794,-1.3791455456366097,-1.560892439649146,-0.7343853953671425,-0.5475432928135247,0.0634266030855282,-0.032576829226710305,0.20985691424617464,-0.7454310758003007,1.3615926257589115,-1.7087837027080273,0.13060559436032992,-1.2714781246992635,0.3144053278870008,0.6140098155599896,-0.13866542443515598,0.2779202520719733,0.5026882912232042,-0.8844275270304585,-1.0666045941287592,1.0202954728594114,-2.5444187359194514,-0.9057493757672895,0.804804134679114,-1.8428508022085364,0.7751288115873938,-1.4091122723119738,1.7522457273198995,0.1507102698896001,1.3997483222464475,-0.6544772673318564,0.10383732834952945,-0.5598874008868298,-0.39121145980370403,-0.2796911699480537,1.1183353369978182,1.2449441090113447,-0.25731229734217664,0.05525137203974119,1.289206460034367,0.8072864670789279,0.22189929111001133,-0.002174425240560287,-0.5526578878810909,-0.7592494629564297,1.2669350135968946,0.6268884467400793,1.3014519783258571,0.5267787453962345,1.7691933911043218,0.337663952906209,-0.847612766056781,0.34142742311245033,-1.3005516896838312,0.1679376031089023,0.4639935810679645,1.203629243094243,-0.6316398933318584,0.3781349067039931,0.06389300820010547,-0.7345769173068798,0.23760547849867258,-0.025514615192559355,-0.43054064387761704,-0.026387726094888774,-0.14209174943932137,0.34506406607575674,-1.5686837264614426,-0.9525566816928766,-0.07864043228241203,0.17023144649012423,-0.29791954899455264,-1.1836945981818825,-1.2944438419590794,1.3822764386688158,0.35903341446938025,0.17832938286871305,0.5811131908635617,-0.9128837436239318,-0.6749892548054658,0.5530962614205138,-0.09309839241415406,0.3310975259119829,0.5895362659952739,0.841217437563439,-1.2904101039963956,0.04548643068312694,0.488320601031173,2.718525273034868,0.47743576171456176,-0.4838704389204801,-1.9139277867105937,0.7713301463114837,-0.9484729344280528,2.8678154002436247,-0.38745355397197706,0.5161008677529308,0.02933620836763326,0.5731345719870182,-1.9357399277413678,-0.4104449415469274,-1.2702833814068006,0.2720477035709943,-0.13497567736782734,0.6117587919492865,0.9398600711497606,-0.31055758451494503,0.009622157259934216,-1.9433681509742928,-0.4471332099890175,0.712750742703,-0.18443405533440646,0.025357351912911705,0.7427710727775186,1.2670641249435952,1.7139819848417233,-0.13997237756646647,0
0.8209386328990486,-0.1682528803468734,-1.1856266259115615,-0.1659034100521678,-0.5792086189070575,-0.6112550080987683,-1.8751592959582224,-3.3117819160489295,0.427091556695663,-1.7075980720334492,-1.315208647912634,0.43645754893816824,0.16680948663565393,-0.5664815661809284,0.9372140750176561,-1.2481655775774072,0.39070494298786107,0.7601455138893535,0.4624854296283373,-0.8471760497491193,-1.1947787385472688,1.6470847050286623,-0.14506937401139466,-0.2545289759862883,2.655344253637439,0.7195664124489006,0.4560436734747809,0.763773308817037,1.1919289462843936,-0.4684699209248444,0.253157834290505,-0.7802276410780867,-0.09721361782025331,0.5642674485331061,-1.0670339573432182,0.7184806636701984,0.3330100807671177,-0.559078852073735,-0.2560995460327354,-1.7757256591147745,-1.9150917945527985,-0.46321334955302995,-1.119069095817706,-0.11562350843691369,1.1677623189125823,-0.4230064186158543,-1.5171440889890455,-0.4474597912198114,-1.3220455496233716,-0.3992802308783298,-2.1463379167002263,-1.083420689557199,-1.1455813414802598,-0.3993434203072756,-0.26407128454058254,0.28042675205405565,1.0158445356100343,2.3993414304382745,1.1827737882182028,-0.2394131046061423,1.0149707112253674,-1.0835058701303801,0.5514099138624018,0.8967429839055451,-1.3036517445970723,0.14982578915936814,0.7644331270599409,-1.2848716053174243,-0.6418938158476812,0.4302416357066932,-0.09098982300759365,-0.3127569094898814,-1.750607411987293,0.0028536558004117907,-0.537636726748849,-1.1654289262898179,-1.1726809866072694,-1.655754253015178,1.4685453083959463,0.0825829367678387,0.4829231074583142,-1.5956792974188239,-0.6766355738257149,-0.7163349327828221,-2.5470368265952485,-0.22045926268804908,-1.0286761107124738,0.054385735382649215,0.6089646736323686,-1.3220628376527286,-0.8173048084680313,-1.4536858472153582,0.05001308137466199,-0.16563709574405053,0.16398296370761223,0.06457202352184135,0.9380471167696234,-1.6173705145613984,0.45494034231244385,-2.0669181217181554,1.3326467316866901,3.321217822085635,-1.1009274504684239,-0.5091577102452229,-2.2851728994494547,-1.1969858016563024,1.5982983796247399,0.3259706359842233,0.10019066902290485,-0.4218835152396848,-0.024379206384342933,-1.1804269480460021,-0.17796311693182396,1.8759839178570168,0.4219053937968531,-1.008785158420755,-0.3956745181298981,0.743696269849978,0.1361270890070463,-0.8056792641363612,0.7020640810221768,-0.07269493567854785,-0.8989389683605622,0.9810620877488526,0.4057193285448762,-0.11788914562579182,-0.2049030344177546,0.6211850268435342,1
1.072418216663977,0.018214342797655103,2.9844084487962634,-0.42162096044687913,-0.28860359091734106,-2.334701409602708,-0.3669723757067752,0.5223855219330179,0.37341249926956954,-0.478980603722207,0.1911998009851704,0.7406120538755642,-1.5591032326602265,-0.9490936874930704,1.2255457084233607,-1.176942920119023,0.8030295451714803,-0.8533861719004472,0.15983321241652712,0.7171373910343509,-0.594124544646518,-1.0071470160937008,1.0758050616929973,-0.4343603172226982,-1.1108765432027732,-1.8778497354678234,1.6998110257425785,0.5832893263444916,-0.8573370526985573,-0.49443376171008674,0.37967051256351125,-0.32828883402185377,0.3216263234434813,-0.344938165248352,-0.5561185213722123,-0.7412768545780074,-1.6465009808797664,0.40803112572653255,0.2721003896591667,0.6268866821093355,-0.03922870865666885,-1.2376190935043123,0.6172595485592206,1.7218537447699431,-0.8760911812622981,-0.8722666260769749,-0.3687847415197169,0.3782320508666108,0.5092864077197758,0.03135223345033119,-0.7339358114728893,1.0834068571725943,0.2174139510869667,1.1949988241643699,-0.25428075559277286,1.9684335453181643,0.6162772896351785,-0.26283007924857343,0.059087987082317446,0.40483845526265755,-1.35506354969786,-0.4461793740364221,0.19687907653557588,0.11474833141854461,-0.2299210609023862,-0.5886334708394358,-0.465326208505649,0.4010171592478687,-0.2600338646965562,1.1159632646725983,0.29397929367956604,0.734927518798396,-0.025740474132680696,1.5099008130842182,1.025988669868746,-1.0334610283757262,0.1821602334474724,0.4538241576525553,-1.1177154287403568,-0.9105568118818547,-1.0336857603479783,-0.18710780618635553,-0.7393030896350382,0.413785860836392,0.6167829217093646,-1.056564729284483,0.9874599448144269,0.3660610814547746,-0.1288136978073078,0.44772289825151323,0.37369707295641785,0.014012040826217556,-0.11980575405883886,-1.3176586781799342,1.8070780530884034,-0.28672307352505294,0.5768497053122383,-1.0513739357630967,-1.0015773616634072,-0.9489781545313315,0.3175856661862239,0.8569888957806836,-1.5847618915583488,-0.4500261089241073,-0.4982540595374229,-0.3926476569427173,-2.3503254039993595,-0.20286824990487617,-0.4937873582020434,0.49750046978131457,-0.4075202713579787,-0.10667120371779966,1.1886950258942421,-1.1435555410863758,-0.19088921891346633,-2.412624131704709,-0.977482618599583,-0.47777701171314324,1.139110810780954,-1.5308072672451616,1.4848167779810688,1.6894885286671613,-1.0404216415854255,0.24238042571932492,0.6537880192784736,-0.9080291471973955,-0.4765201227877559,1.3889667729434603,1
0.8603436837928629,-0.663986644799307,1.3950052536197834,-2.5738562938282823,0.6240351345883026,0.9302766892317624,0.09048994446235387,0.2044410718343202,-0.691116125446381,1.0837150940036457,0.6035148540215871,-0.47033046401890627,0.6127524649434369,0.4274581114936894,0.03200225014078647,-1.1123435641202704,-0.5808767949499734,-1.77392840584332,1.426295430544297,1.825552994897905,0.46712491754188995,2.7503136551746556,-1.3287825816201373,-0.566717441079659,-0.968729348669538,-0.31293096193060593,-1.1865947570582347,0.9415709766287339,-0.6030944161039165,-0.06477019562054781,2.46785645699441,-0.304380259544196,0.31867367109744354,0.6125633016521027,0.3567057305730142,0.8148558476552193,1.3340624735285602,-0.4347323693115505,-1.2178219219799071,1.075097284199898,0.9515037476373908,-0.19291250004564406,1.0457111831773143,0.2603030389891944,-1.2098249475722287,-0.37009427637401554,0.22999892679153838,-0.5562270225476843,0.6687103216652139,0.048762535692191904,-0.3180920491850571,0.1560857285185302,-0.7852422151164541,0.8823203764622877,-1.4900511914338184,-1.108160591400941,-1.3735374796627342,0.6916990069112257,-1.259740257284949,-0.10746442408465898,-0.07869967205606243,-1.9997231695092896,0.43177452625566776,-0.5920272693206597,0.8286107775598288,0.25550579545965446,0.09522611559299415,0.8586793568124801,0.22169460037386055,-0.03027963683916361,-0.6237867446194545,1.5052843604051453,1.1596638060996078,0.2291653127897787,0.7176868792346219,-0.2159795699589446,-1.6679575189354245,0.0927442002768978,-0.19876675336516136,0.20014324189424398,0.9641892478559709,-1.8666201682835513,-0.043380117048073714,0.05350149760197837,0.7861484062610057,0.3491928772025974,-0.4608039343701085,-0.18276846327020618,-0.890261311055943,-0.8717226848218107,-0.83996563517563,-0.9337033527701326,-1.1540692966868562,1.6706318479380666,0.22385968372773973,1.429005168051794,-0.5910480529020277,-1.7964003332438039,0.6000338567004633,0.8769418019944154,-0.05610647710537457,0.5248376531913311,-1.0884362992503245,-0.617208787311308,-1.500035215946142,0.5037998348025555,-0.4496112723045109,-0.18436658981993057,-0.07041271894461815,-1.550479014745226,-1.6897885086093738,-0.879530451150811,1.7443289520845882,1.1000008132252095,-1.143743459566279,0.3780475834924557,0.3587372117057746,0.019866498918249716,0.8398402718017667,-1.7242399779169542,1.5374756910807823,0.11391971876900138,3.092548109342163,-0.49438329700558065,0.9511782249946932,-0.9987313009515791,0.6676229789217151,-0.6627487559541825,1
-0.5715369045033883,-0.16345253627504466,-0.05463583424703972,1.6544035692970869,0.6063929301627095,-1.1883767178709477,1.026342199043963,-0.29140831935965955,-0.5811671846160594,0.6059991297172097,1.114626755986672,0.5047933872949147,-0.6914129041424818,2.4953797926688748,-0.4748897507902789,-0.3919625923913998,0.6723399837817546,-0.9253754429368665,1.1554711393861863,1.615838485728876,-1.069133667531325,-1.668531658286102,0.6169170672946737,0.5618817664807076,0.625872902775866,1.736888908332861,1.428067081129154,1.15085083190029,-0.9336140783613326,0.7652166016226972,0.590945736603259,1.6468557457622124,-0.11480978102882097,0.6630147597136694,-0.05686367706253426,0.11146196557384408,-0.5593864236573246,-0.5049348845768888,-1.2981787934894797,0.40676466010699747,-0.17155731963893914,-1.1881418570627724,1.7439031767135311,0.16370161984994014,0.4362168923653063,-1.1292232912668638,1.9339719892616938,2.284795783445913,0.6236981059462209,0.06639688913455496,0.7324874188213404,0.22693428287935474,1.3913568421870546,-1.3583095474822031,-1.5977471922499369,-0.20402560451713478,-1.2676437726152088,0.8130869158612705,0.6904358980983506,-0.29659432966035293,-0.16409668829961707,0.004041648268227613,0.6493741231727382,-0.38324827171416054,-0.6497659802462955,0.7467123101416052,-0.3332854469360639,1.097069369791936,-2.8570148857540913,-1.3542526926194347,0.21258837241360737,-1.0474030406728319,-0.6657310798808888,-1.7825275341943732,-0.13955457040044011,0.9128408886096078,1.0124422876391697,-1.221057828141039,0.07293331637677443,-1.5599590921830766,0.5574410788838944,-1.1209846169372129,0.7050558538352534,0.763014822785063,-0.4356407993888207,-0.4588934277691012,1.249257654367432,-0.9335780836769784,0.3890465827657055,0.15491407951797864,0.5287521706040543,-0.04161256658917071,0.16559775797915746,-1.5618476646381472,0.34498056873968247,-1.4524307505701584,-1.02833151943514,0.9603899080472947,1.3722125346125036,1.1854203135153973,-0.46506543760952324,0.17458940128832606,-0.38119746926022235,0.31919471850991754,0.7407914474072462,1.4678401490464488,-0.5518674284860056,0.6698892684461872,-0.7562755384113238,-0.37264954862523497,-0.8369966780025528,0.05850099935545559,-0.8537355570264452,1.617771045215144,1.0517844819910251,-1.2671913313078507,0.37720934936718986,0.5266312500617014,0.8245598190451079,1.874226345563114,0.49537841045176995,1.155413137217457,0.27061177169614464,-0.706240296243585,0.5328451421198063,1.4849356747180316,-0.2481085524986595,-0.6839297400637985,0
0.7949957253158675,0.7368399351399467,1.3821702620336442,0.7796750573807684,-0.9010358318899733,-0.6088338266223728,0.5727435535779292,-1.4366798003561347,0.08593201275986703,0.9182842293313274,0.6888037341168597,-0.5292753985935058,-0.7683685618701158,-1.1057653055812573,1.4094107729933012,0.9770528661410258,0.39914791558949825,-0.18174576150136487,0.607557183463502,-1.3468528662223365,1.4732965604738946,0.18714011356811094,1.033966137986887,-0.6730471208428533,0.08009735656679874,0.45564898226887196,-0.9123952661934213,0.41426332507565394,0.41475443115335603,0.5995604697564677,-0.522381075212083,-1.8678025287099782,-0.660267827967574,-0.09142124608514429,-0.35583367931983034,0.4811317138809331,-1.112071372389495,-0.49762640534016234,-0.2937672991735026,-0.34700364150459384,-0.8370684273255511,-0.5461732957501653,-0.29307929683239775,0.9947995652162572,0.4016827367957313,0.26734767398597303,-1.7073532065594523,-1.0446660316006429,-0.19981294815393266,0.6584972207862815,2.4702714184794896,-0.22354441469909145,0.7824426138045749,-0.680752274520186,1.5259980827045942,1.1408094400227324,-1.1501616679367765,-0.29416866490903204,-1.7063152367486143,0.19775411784668653,-0.9704197304997912,-0.40703771037557324,0.19998480811375952,-0.5769027199828263,1.8454108485399527,-0.19529654652009798,1.1828837212064656,-0.3281747326093295,0.567765531726031,0.4316117979321961,-0.73576417929484,-0.3455135322445943,0.4670826643255629,-1.549816202952572,-1.0402710313893078,-0.9337074471622618,-1.3707906068858902,-0.42496424462096094,-0.3636802218249335,0.40594115776234374,-0.882918652174211,-0.18511647462214584,-0.23904948674904408,0.5817401313781909,0.8145584727010352,1.1718486374623083,0.6714331601017899,-0.30937359622013466,1.532192891741593,0.2212202483566616,-0.16821291216038947,1.8442925924210332,-0.9145965065005658,0.49371293245593384,0.27623551628826026,-0.12437152748302956,0.8226943888625865,0.21390638545532564,0.22694159798020985,0.1377654677265658,-0.6642621444985747,0.43645734623278976,-0.5420774627501452,0.8802925714683417,-0.45045096701926307,1.0786904741380847,-1.0154316364919285,2.4929796343858315,0.45697840824148306,-1.3511364988881867,-0.3793856430720167,-0.9183871346424269,-0.7745427415321996,0.35780239127158964,-0.2064907277960764,-0.599833031108724,-1.663497503291179,-0.03076996618038151,1.7740372822239152,-1.2135806018518762,0.11674760032863196,0.40731144745149506,-0.16614828386650995,-1.174603628701231,-0.2931220615919745,1.6420087479944168,-0.5522819125633295,1.5059474925479048,0
0.13783027908450293,-1.0070746451796926,-0.21408826547567975,-1.399262233682899,-0.779891336594701,0.4335110330330239,0.4578501880174812,-1.0577009278309504,-0.08453813702480308,-0.3510005747684726,1.1571479227447623,-2.015355693551119,-0.5315948565054684,-0.21355451902354333,0.43444738343853023,0.018477115814254923,-1.207960716261515,-2.2251380374381617,1.3429091275457865,0.8097650351939388,-0.043980467878882934,0.2543087105711544,-0.6855616097145669,-0.17828942103833753,-0.07685935442064443,-1.4083612300430528,0.9585913322942553,-0.7348224973666169,-0.8469400252504001,1.374323539401418,1.0800040635832804,0.16817527845297317,-0.24657583951478307,-1.0869182549394432,-0.31238274901889884,0.044881776808307905,0.3524249907267028,-0.8899962852759868,-0.9765166555038215,-0.7470491900726586,0.06772803883389943,1.5607869727809662,0.10998495889352979,0.5698672844223972,-0.26211658269261834,-0.42269114760105314,-0.7000749969554327,-0.22934910839723324,1.6924789530455815,-1.2161729156865808,0.2679616878599331,-0.5935025368733386,0.847956854536504,1.4787900471509134,-0.47820087464110067,1.4136377238945386,-0.604623408233047,0.9193558203777694,-0.6012995104158152,1.665755445361278,-0.3197585949503322,-0.9720660682547916,-0.38349766418645886,0.7908440184302314,0.2594276945416513,1.8037430317505216,0.9142830893439348,2.8646309260306917,-2.1222863564233525,-0.09859493131643583,1.1484352501566277,-1.957769820701483,-0.6409777792552005,-0.4305816862264536,0.7783585390461204,-0.29421748944265147,0.07287966658465997,0.3138141792074492,-0.8508468417479962,1.1734542839466289,1.1487734525212554,-0.6545383235066534,0.2689504375293173,0.2344729464027758,-1.9812328617227686,-0.44542234776834944,-2.7346043947762966,-0.8669181726776499,-0.00033006033134671067,0.35790032419993567,1.1739070102516445,-0.7537868085389218,0.019676191613830468,1.4590435206631587,-0.32981815824407656,0.21721955896619943,0.39559226155051874,1.6381999913623373,-2.280259186540246,1.4546587291433941,-0.46912062230093304,-0.7264573299650573,-0.20902225896551807,-1.0767585711153396,-0.7383994137875418,-0.5076932753413148,0.1493865006093254,-0.9302210159788632,-0.738480653180324,-0.666989191145286,1.4298807874183983,-0.6267343747055512,-1.3096985625617426,-0.2594241743335786,-0.19602676063379673,0.43193544750492363,0.8743180207750415,0.5803999216226957,-0.5634659961469825,-0.6905639100043304,0.6747434077379674,1.0180531660800136,0.24071886429965483,1.6708751702592324,0.3346647685060216,-1.5904678883314416,-0.8435469192521097,-0.32221396156936877,0
0.49854195742831686,-0.4099744399670876,1.3462575438280957,0.49263447539207544,1.535457666623293,1.7009593648899797,-0.2244973604287792,-1.9136016808699192,0.14198672730744574,1.0871842703320889,1.9785025068354007,-1.4823672220220392,-0.45124534387214554,-0.9658991832565057,0.045111769045800235,0.22144132945797454,-0.5838997868349359,0.5644584688161907,1.0443041859362971,-1.2413873660167565,0.414810403982856,-1.7106266219032207,-0.6062784212105126,0.391078376317308,-2.1781934318321396,-0.2525418877133322,0.548495291969448,-0.729242805845352,-0.5034007275078876,-1.081516263120927,-1.7466057217227384,0.9990580622312165,1.1803311793416744,0.5750944863553512,0.26043874317391946,-0.3049764124000545,-2.3951586665568403,0.13093529496242068,1.1695633059817883,2.523043354639129,-0.37593016911012256,0.04720076473392495,0.6195574720749905,-0.6589505055897907,-0.32300416599176945,1.423612775983675,0.3530984426478601,-1.0013850351085862,-0.8842372233006514,0.7165379050079369,0.9604414999840223,0.11671670480709084,0.8070998858472862,-1.2983912950271332,0.6828075519549757,1.5127128443797384,-0.2775730429594949,-0.5808812553031271,-1.4121544503371215,-1.0821535263323765,-0.0318507897590755,-1.4091823306892857,1.1152661275886808,-0.21669572824639077,-0.7753266402822095,-1.052959852643006,-0.3275041237481539,0.1352542166584381,-1.3719823049071767,0.43676272821489215,0.28243464081520947,-0.33724924776010534,-1.1474555132078794,-1.047437480254178,0.4886314619763822,-0.4241702987158649,0.93147416053331,0.3034612168539254,1.8772818817113832,2.0711579073602473,-0.933320368246485,-1.340153662721337,-0.9109133445437809,0.5634524013900073,-1.4249734616947647,0.3138349969716479,-0.9053044801376585,0.18321139146645554,0.8348763468511663,-0.16315729985909855,0.6496333949799772,0.16015898000846102,-1.0186426050995452,-0.3184797738335291,0.09862665070448146,-0.1573970648397283,-0.731909799276336,-0.7808731144530695,0.09330717719627597,0.7453267292326572,-1.02681403118186,0.7904117165297077,-0.22212086722831448,-0.2681760422372263,1.2084119827662225,0.7084316982288349,-0.3116421876418762,0.10388525544543421,0.7496508949190605,1.0381532527009107,0.42072798624231506,2.4918051903179994,-0.28330079247272694,0.5594544371296949,2.238232504239563,-1.2261194244510865,0.15037471854534948,-1.08949235946971,1.4776442140823265,0.5269638449975234,-1.279189918514383,1.1433169838640218,0.5308257371086355,0.8404375582422375,0.878464079803169,0.14683436862100827,0.9543470625455812,-0.32208268388068706,0
-1.443781908348898,-1.1509744352530613,-0.20141164975964954,0.68074665401997,-0.27902627365049354,-0.07978369344150293,0.16346232862637625,-1.3217667515724245,0.04529900366382684,2.061067833775895,-0.42100953467289876,-0.8270982256215211,-0.408745050214927,1.783159149273694,0.28042422693294383,-0.08329552661798359,2.584984674854212,0.9964525042062728,-0.8976823853771008,-0.3776437042894559,-1.0188680163155894,0.7492668867202914,1.1299471629031583,0.6832067871467349,0.6916316380684424,-0.019802192014513463,0.6426631209306622,0.553711114543088,-1.1051069653535477,-0.6164690023443684,-1.575819097770454,-0.9380036173070564,0.5510731915571989,-0.02632736250052847,0.9568432424583008,1.0859533478292311,-0.21138590882914213,-0.8251473918758058,-0.6272524922046468,1.6980633605391577,0.39304750260881127,0.6393786221784519,-0.7918837429574122,0.08664510015983708,1.1725037525271198,-0.73711756821275,0.08793417157762223,-1.7775828970847414,-1.0934655620187788,0.5426781274319055,0.4972349628725153,1.0432265989111618,-1.191946714323042,0.8449407724805581,1.0558164576226818,-0.23730805807556102,-1.2935200730022671,-0.30189720726363123,-0.12062387439439635,0.6298591709007335,1.0650813658800646,-0.9064065693462485,0.5788977818971798,-0.6031662562681893,-0.05338751115080626,0.2884991606320051,-1.2499410562544109,-0.7097426496476731,-0.20747713948950988,-1.16259893935129,0.7724151050092078,1.3223204383261031,-0.002436982968287708,-1.5610387709983922,0.6880426767065878,0.5975966996106092,1.6290058134936933,-0.4475347304534275,-0.873948410978599,1.5794608100240424,-0.29137652428819394,0.26504195015743104,0.5559662855782461,-0.029561592267807527,-1.2521998010809092,0.7492557819692531,1.1603889857830587,-1.1324977074968208,1.4487911275475454,2.0316937047202077,0.4151474331493178,0.45553446111418194,-1.3932120410788293,1.6199018623473291,1.1603433430170897,-1.404534199194222,0.6196957154367189,1.2516956574976095,0.8828395254797039,0.8645822273082459,-3.228633476812702,-1.114251559997271,0.7489057966551611,-0.877317780481218,-2.474562240320578,2.4906554225428548,0.13699698627451723,-1.1705150692300021,0.3487213990838866,-2.074005948490489,1.4775826364573446,-1.9944357865793543,0.40173428505153885,1.2818726896152548,1.1242777406378748,0.2751411827067324,0.4764789055654613,-0.48704779112073393,-0.9420116260385462,-0.9480363255958831,2.0406552929868607,1.2058578325130933,-0.8783234930320468,-0.8186564085264867,-0.37942928396530523,-1.5799538634855612,-0.5303594639086388,0.0007417368993008276,0
-0.9358198502075017,-1.5337047145113463,-2.289563111274869,-1.0804807965044116,-1.3919917696778972,-0.33659947279572056,-0.5595993210549306,-0.38559437499288973,-0.024284772076638584,0.18580693087918962,0.8503547870951524,0.9620605372351644,0.46913068844994277,0.13566967692545245,-0.49009368297785105,-1.4224166677458312,-2.564108153022852,-1.9504662155078747,-2.1050998099828266,0.3978370285237168,-0.9231094667821758,-1.6931593471711566,-0.5271246109877679,-0.42290966639393995,-0.6677855603232237,1.170711107157821,-0.6135651509815538,1.2248487778445565,-0.39569497173780244,-0.7418327234052657,-1.5542090882431912,-0.8659015898549438,0.3682733233589201,1.0446922391274311,1.0659428458073903,-0.5913924874472538,1.4471237785715454,0.6566575242077396,-0.008008051944734475,-2.655098685865677,-0.6442928797162982,0.6292173785811092,-1.1385030602550181,-0.2890538419115069,-0.0013677856338028794,-0.11985563992921659,0.4055411450749814,0.3808185300727671,-0.07276277981027761,-1.4424324341007353,-0.5727493882835998,-0.7162221976923335,-0.9466466419222475,1.199337637135129,-1.8874305039005186,-2.354228393667181,-1.100119743567278,1.2761247421326245,0.5947341253964183,0.5449581183507297,-0.15504659070154075,0.8113872606714251,0.6695090045246662,-1.2664732811532953,1.7052186473108482,-0.2537869780992625,1.4310455828732844,-1.2749156357874485,-1.0357744617125375,0.6764637434785977,-0.06877535810115692,-2.1735703857579742,-0.4561358107985665,1.2118622732747097,-1.2595757063735218,-0.2349779629300905,-0.4430333552914566,-0.26954529167373786,0.46417590493802285,-0.7563733831382914,-0.733798925645181,0.7230185094749132,0.8520602535608502,1.940336448986136,-0.3500691315479959,-0.09336564632772844,-0.4984895459472678,-0.5019653832118841,0.262476906936595,-0.3729077885668733,2.217062666154158,-1.5384376751963216,-1.1869578918213906,-0.3305360587927207,1.0042593211024147,1.4677777633449458,0.9880231724066291,0.7817666949520738,0.5913786359912923,-0.2397806687142268,-1.9627758144239515,0.55215391582919,-0.2729866677931148,2.1732136976629524,0.028668498778449406,-0.23630494940800237,-1.27940224846524,0.16901654915184564,0.20903107593272832,0.2516229469578534,-1.0677369635474747,1.6616319352251374,1.012935531169586,-0.4233076420342046,0.619201222938537,-1.5261358322347942,0.2267481000610468,1.8346442611924558,-0.17563492830941424,-0.7077322827642845,2.3938415674957434,-0.6990622814727593,1.8685855223501109,1.5808746366134032,0.8545797480466428,0.7119901045876186,0.7504995794888344,-0.6717728610387714,0
1.4225413915320446,0.38571165197819235,0.1585281580865149,0.3925509651347846,-2.727627419953757,-0.8239540081144123,0.004669240295943287,-0.5365445814552273,0.8483088312564626,-0.7671792160652819,0.4125812770667952,0.8645871600740748,0.31213728106548616,0.4397951841700942,-0.842517283987148,-0.6323339334085167,0.2551399702320749,1.219381606217686,0.6468517348762836,0.4495229391669584,-1.3738206033184617,-0.5305316497748324,0.9640050021271308,1.9010621096843547,-0.8256933780623775,-0.23138287772603425,2.3823541602685854,0.9997550590148006,-0.23017501441867602,-0.884489012881178,-0.34719432628428776,-0.0841284409510987,0.8660978377823185,-1.4018244115061331,1.3493104236522324,1.931115912321052,-1.4603205479669283,0.8841695384493542,0.7215563794911883,1.0629327341714327,-2.0536638569702452,-0.15377202104585455,0.2534388119655173,-0.6921160110634982,-0.5284119075827197,-1.395101547811583,0.9673541416050897,0.7873896786491674,1.1122409368103345,1.5272059507821614,1.5210140660268947,0.39331958480151613,0.18864502537383215,-0.26087914573189824,-0.17880351214849208,0.7450775008436623,0.5559585168623975,-0.6606730406945858,0.1364434372883206,-0.11777948944316444,-0.6850020925649963,1.0082185784323947,-1.6920961477137173,0.559284319235702,-0.7235952614738859,-0.805511330160114,0.3576335524940637,-0.24088953328404214,-0.12187743744507408,-2.6592087989146336,-0.36571926941121635,-0.42667349789247744,-1.2311603841270538,0.644974931141892,0.09487691417631759,-0.06336530922195849,-0.18218700200469362,0.2529892953619786,0.0685710745168315,0.4866416436775381,1.1402814964896757,1.1692797240005226,-0.577835037524643,-1.3585507386461144,0.30149266817480413,0.8389873737498623,0.14734144200639973,1.0282034681578611,1.028272761419129,-0.862833066385177,1.4595646024803703,1.3900029111083274,0.08170656972464338,0.006779757486407363,-1.0583920933210862,-0.8994985026556814,0.8080074741413972,0.7392983225417208,-1.404286064851589,-1.0209036633668824,0.9130956485631625,0.1134716730757519,-0.5796062105626746,-0.8259285683220765,0.7994339003504893,-0.13812487168084045,0.5565597108392272,-0.77448157304356,0.04796696512475146,0.4134109599716313,1.1047300461976295,0.42548568673074855,-0.49884359091519503,-0.3270782836952417,-0.19390739929627737,0.7676099763080297,1.0811840036954348,0.2659459907027105,0.8570183936092666,0.41180188720959804,-0.1039146127872695,-0.2891567662490688,0.129608264707257,-0.050636483413988805,-1.4961769597096,-1.7312451807119824,-0.4719974967792872,0.14373538984652087,0
1.4290489085554972,-0.3876525661315752,0.15941256014743035,-0.8673965538473813,-0.3163893761095632,-0.7183954825532421,-1.1186067909765278,-0.2077855704349889,-0.8403370115926962,-2.007751963681689,0.11758039638652526,0.7479510467041918,2.538290179568035,-0.6348478292502545,1.2056263181637845,-0.8755441126879845,-0.05123468998208518,1.6805845223456222,1.8614302457524634,-0.35032389766230543,-0.6165735055167884,-0.36630617997896714,-1.0597984418626785,-1.1216231065979934,-1.0057976892029343,1.42020923619327,-0.08784886703511785,-0.695419248515878,-0.9057860394013815,0.8416231772834466,0.5622652892036988,0.7707707707350056,-1.8224533949257578,-0.9335685872365307,0.22874855187743603,1.1631179570352546,-0.9609117906969362,-0.7274233986849549,-0.29837783229938575,1.3637720956947106,1.0938160115938331,0.9855315249275589,-0.4111602774611292,-1.3553444575780695,-0.6282481492387911,-1.5265455262251424,0.44087606740265123,0.5697619767951135,-0.014991920711613094,-0.3434483951269783,-0.45469700984544387,-1.2352256757373148,0.9408293649310078,-1.1024102441100516,1.8604843745183957,-0.7242379750268075,0.1291362561503559,-0.20485911259077175,-0.1772969855812551,0.8450052454425893,0.6294987006424894,0.054726314418583485,-0.7353032012324915,0.7958284370049626,-1.4664522231052521,1.2979549000427915,-0.9323124973290823,-1.7674680753168712,-0.29076970653836864,0.17152242541327944,-0.09475105209628792,-0.6229131041801839,0.32219090170582226,-0.8386176475193544,0.06788312585202452,0.8180644519450897,0.36868914514658513,-1.0981268053847302,-0.7577325889507007,-0.6527736280673446,0.21926505334654486,0.7606277381766579,0.03411902604788169,1.6640837582562686,-2.759970936750698,0.5746148443996291,-0.7229540749769127,0.08800905261783534,-0.09317450273034841,1.392537186722869,0.7963559256781366,0.1447710368890429,1.1443141822092904,0.6101448635072884,-0.15442602182937898,-1.4673531702057603,0.24546469283955116,-1.3986213026438354,0.8316412407363564,0.15336117720057318,-2.170086800340274,-0.41301536677097944,-0.7363914895693577,0.8190709035293798,0.5566262951950136,-0.4247819894837419,-0.47856321216151676,0.5228467389973457,-1.5395934736869927,-0.7662767740743591,0.7215248214466226,0.6117280322138905,1.2085442649406417,0.06575678650785859,0.35914345334081416,0.34455832299333367,-0.7575682652244571,0.13289480900603998,-0.7864309911817949,1.197968100220989,1.1373386699052939,0.6305851427013618,1.0858513666050542,-0.9966079999360153,0.4630449757813728,-1.949643025733731,0.27554638903640744,-0.17791281376526355,1
0.980524822411002,0.15039474133544925,0.19026611837522434,0.7468160437099304,-0.9005084417381699,0.18370449509084838,0.35826559400435687,-1.702335999869016,0.1498071059362939,0.8361015794494964,0.6966425686459844,0.48943552589185196,-1.7487843584809244,0.49523976282096865,-0.8139281364908298,-0.3499318687670514,-1.6228712511967305,-0.5808292696433626,-1.6480013599264631,-0.7913693974984007,1.7789406204354015,0.8582772366345816,1.4973603543364247,-0.8192639999387787,0.5550176693834329,0.1171058122550606,0.622168404302739,-0.28033152733499206,0.21432846270559014,-0.36177587110571785,0.012967578064843987,0.5385252032772357,1.2461075544315745,0.10220638718270722,0.2333184142574248,-0.05378102664181497,0.035478432128834406,0.448093787042584,-0.8971600391441927,-0.17802849242783836,-0.8645087591234666,1.6445869818122656,0.7402679662231576,-1.3942609203338852,-1.6673326812928033,0.0785500305046485,0.32503602506075474,-0.3520816744892283,-0.23827578832257415,1.1249689951820008,-1.3431664400911423,-1.2155222827471028,-1.1611435604181655,-0.6375166823763786,-0.9936223691799043,-0.3103185320568259,0.18537414597617305,0.36841809240924384,-0.8066818780087849,-2.2524693174327384,2.3727275083763955,0.9245574139861146,0.15216586854538372,2.7446952438773273,-0.3992811642146131,-1.4253163357717231,1.311487238978357,-1.3801399164741177,-0.2364181599778995,-0.43832133057344447,-0.4863184995455721,-0.1878577173794636,0.33424914886062274,2.0293051050563586,0.46253698971282725,-0.43144387743364604,2.2759980478378585,1.3394495684278758,-0.8828464771633283,1.546274614709905,-0.18991730245554217,0.9353826787605567,1.1816175702735228,-0.03258118709863555,1.2711295737308557,0.39461274892911863,-0.7240798523749606,-0.8101951987483543,0.5625327531210901,0.6402368189943369,1.4957167937182838,-0.5378506396246219,1.2636296971160637,0.9919102198785217,-0.6115515416154247,1.5711739328418595,-0.6143055006040237,0.45172295284392566,-1.5966981482428189,-1.438819848026646,-0.8712146985041369,-0.08040726807338211,-1.8129897856904031,0.5272964203786462,-0.12911245221136572,1.3375249116788586,-0.14403177097315648,1.2930139284558908,0.18692255461470214,-0.9046080303603118,1.9459770942997445,1.755176870617636,-0.8371991514914556,-1.3818086391614308,1.3996001099069244,1.7345932870663343,-1.6822852257783067,0.036981218566433376,0.2443414583035947,-0.9911258659037748,0.2530374738700099,-0.18443475662719103,-0.4263496382986621,0.11205478971784734,1.5629616632516843,1.263289451355059,0.4258411030284022,0.4967802488926039,1
0.4041032769646016,1.2706148623543374,0.7593629771089786,-2.317771654060457,-0.22021693677847465,-0.8664511528309413,1.8484280482345201,0.14844183578443412,-0.46387064683234475,-0.9442655854356032,0.017441977573847824,-1.4220220897903912,-1.4350221317980278,-0.4432295336179735,1.5474493881498737,-1.9918970882526925,1.757495711759888,-1.142384578467664,0.16880278514692904,0.7960927667121556,0.5092016086336676,-0.23431561375439813,0.886550629325731,0.32067479378442487,-0.45433155370025713,-2.189414335281876,0.46713036613608705,-1.213296648531702,0.6567775490148805,0.18806533661056432,1.0156810099774405,0.7026556816097385,0.8496263337240292,-0.14196995599144832,0.8071272429108917,-1.0441037782293303,0.47927704803749277,1.2500507597661554,0.24146533924447527,0.439276137904336,-0.3353688893982557,-0.1015490034071568,-1.8729395690503798,-1.4675230531017094,0.708985584086637,-0.16982080493139073,-0.949935946879915,0.16847577578218695,1.0048961911787293,0.3692959988297277,0.6614607500885349,0.7609710777084207,-0.03562757495429477,0.3426082330612971,-1.3563042667857954,-0.8998394044191194,0.8545998680995219,1.3925135390101353,-1.4870043179947419,-0.46343169425377684,-0.5218066130745517,0.9381366059699453,1.6781376345835817,-0.2277054258802383,0.6370728890709862,-0.25491298650394334,0.6770168093736131,-0.24024614759766738,0.029430844775589972,0.9453164435779278,-1.0295363418395653,-0.5112305770267527,-0.9356916699185425,0.4398142400101174,1.1659890292691617,0.665137502235966,-0.11459447863521326,0.8709080209055983,-0.7711105236112605,-2.1023322670092064,1.436437832591433,0.6410131856830737,1.449959683408819,-0.8793493535785716,1.5901454868686369,0.8926813414134788,-0.6820153053922435,0.24914772818249717,-1.453890850997067,-0.49566247084916853,0.06010502975626831,0.032021008342437776,2.162738373542015,-1.0348434383961471,-0.37897719083772036,2.072114604710881,0.1139898109415925,0.18808605374696602,0.5705971901001478,-0.08339842424799931,0.549589417355912,-1.9834765924621691,0.719906240462513,-0.506791216399445,-0.6551755867691801,-1.8381447965098316,-0.3124137364385553,-0.3432018485092541,-0.8869218847107755,0.05539750329544877,-2.7413075216105964,0.9373230080546131,-2.104866827010375,0.07571183567239734,0.28237221854832045,-0.615310618880686,0.3153127820346348,0.40145975659240224,-0.3679904410046311,-0.6656417550562114,1.7949315593944295,-0.2694420462224986,-0.3541972936120404,-0.030742763050641754,-1.1293344161793704,-2.047138204214876,0.8111584105373782,-0.19565739418278358,0
0.09660419132971058,-1.7538672956025556,0.000641036902423033,-0.39253676453850833,0.39552293468166594,1.4860877180134087,-2.068445791413084,0.5630533523881801,-0.20073306257557202,-1.4794365829237959,1.0265529467278487,0.5831614878200934,-2.0878265360031802,0.138465809940269,-0.20881573905863177,-0.757640253955338,0.7070236232694278,-0.5400548141077852,-1.311906361826703,0.41854073484072235,0.056186138975112127,0.7230912124600578,-0.9206620487771617,-1.186910270350444,-0.22170270925226612,0.7948263506419178,2.5442880653340745,1.0104771073656946,2.1301670064238505,-0.3132951784880984,0.581414701032512,0.7498338780556965,-0.10183825136799389,-0.8669311358728061,1.567473517389915,1.1389495107424776,-0.3368219170245714,-0.32458891362149245,-1.0893710663994545,-1.538664052445117,-1.3733612179480186,-0.3696372153974914,1.360852421064889,0.4134980528791445,-0.08142892779814345,-0.2624363089013689,-0.6664390630462323,-0.9786501168172839,-0.7156503449367738,0.9873112005348089,-1.3056051816106717,-0.23752316869247084,-0.040097865498358254,-0.8836870309827842,0.11730964759885591,0.21742849171589357,-0.19115174558399986,-0.11050870893031597,-0.9158572247421496,-0.5039600149508116,0.49761515740291384,-1.0792671760230375,-0.23205430450630218,-0.46730392362284784,-2.3707429552123123,0.25637148568654267,1.1278002707457326,-0.4811180298241536,0.5129074796306755,-0.813066746050993,1.1029021512962032,-0.02302401652907135,0.06049130578267013,-1.6679798526724767,0.8303166393818855,-1.497164888170536,0.094102961177339,0.07548546301931991,-2.0869918389804236,-1.1650753122986015,-0.16279734418988354,0.888852062511688,-1.2001113698745092,-0.7511839003632405,1.181795390490622,-0.6877472379367772,-0.937583000536146,-0.3316322139209635,-0.5946427996307262,-1.0304013813430273,0.23454007127148943,0.8992945862178374,-0.9030491358780233,1.8687387501321908,-0.5468404313407622,0.23377216467435816,-0.1834150426258306,0.20903785770756753,0.02093084574244881,-0.9518866639404445,1.08837282666712,0.46397025767570416,-1.5098096521230064,-0.8206749944635381,-1.116617464088997,-0.4775923660439657,-0.3344781672902663,-0.27944869894527996,0.8024958190488604,-0.27045328476659003,1.3888041276301748,-0.7733635497109248,0.15491699932121544,-1.0209430845258265,0.756903404459225,-1.4808840869586368,-1.1418299142409267,0.04820994653032413,2.7085963147340486,0.14048274755279685,0.014427243725451346,1.1451562180591128,0.4347238403211047,-2.1624549272147635,-0.7373798261769597,0.2641852510822779,-1.5268564067587522,-0.12052765682869143,1
0.9630209085926058,1.314042536743757,-0.45338021275718726,-0.5055874282175814,1.7065701669348108,-0.17336527515472622,-0.7017240130477089,-0.09967846009231131,-1.2488058228845758,1.56855237814817,-0.2705264420072142,-0.024253728432050353,1.3487233214429093,-0.9722842005281281,0.19140924274507604,0.021858500617325742,-0.08017159447248143,-0.9125984125779684,0.9303963763140917,-1.969338523998635,-2.0827021934118495,1.3388957795809409,0.9179413969689375,0.29903609563905187,0.5062997695208505,1.7005348556086326,-0.09717868147837104,0.6097246766235788,0.27066257224809986,-0.7524707212787143,0.5587583032347473,-1.1582161947092937,-0.07377783135524313,1.340589761251414,0.7937609195567892,-0.7758502056254616,0.8124857785745161,-0.38913382879796704,0.14617032274337852,-0.4052262790238765,0.5537210432538777,0.6180509332776782,-0.6079116766343005,-0.73086639868747,-2.5302050889452965,1.1869238121621841,0.40403049421550735,-1.148582891193482,-1.2103294857329427,1.981762407620409,-1.8002503863039405,-0.5096730275064836,-2.198683942985861,0.6401010005304598,-0.4935367737340014,0.6489696331952507,0.529853276411429,-0.5423520125977732,0.4559817572051941,0.09354860598808937,2.036623032234807,-0.008499501953451059,0.054608414107441994,-1.044682578209736,-0.4754436910495988,-0.7664482304072883,1.2263231501686216,-0.028989169822278563,-0.7362387505199947,-0.4081271986567916,-0.23914331736968863,-0.12034980526351546,1.9347006403896003,0.017784004525258766,1.236072019651106,0.7846998206353947,1.2374395046120057,-0.8683360699957624,0.6007009201994026,-0.7284657155677283,0.35228206860691985,-2.284366658070596,1.3528437888678495,1.833397083933764,0.9555507011363514,1.2935867143802449,-0.26390406489871243,0.23512733438339023,-0.5398263351375893,0.30207967010403236,1.120618667473703,2.0798544796531386,1.4269072830993919,-0.6937848926445775,1.3556432286437816,0.9596635140591578,1.968487958318564,-0.9517118725292146,-1.3842119946598832,-0.8349786019340713,0.6425018731381742,-0.18372548378831496,0.8071984227515879,-0.8542981438470016,-0.57624787047256,0.07284758202405246,0.18563575385133957,0.35653345296814093,-0.06104040309966752,1.421282991944715,-0.3025660885920203,0.41466622242451606,-1.887254865793749,-2.1142756456449026,0.6686222623001679,-0.37767824745917367,1.0570592347670253,0.6952134559410068,-1.0286565504350242,-2.3757767279399054,1.0368065544160676,0.30466280500839316,-0.14321362477813343,0.5911114435324714,-1.5416565417006165,0.3626520311517577,-1.4911234458712381,-0.4233818449062536,1
-0.6289138033925931,0.13714042444239033,0.16958752717874206,-1.414048158365882,-1.2130166891324683,-1.346730286009244,1.0344673862212244,-0.8073712931239901,-0.16903004864425444,-1.059464937632425,-0.17295507146071024,0.02271534801162574,0.17307470796617735,1.3954498033590492,-0.21066313728087624,0.6328033855248707,-0.9446861049264459,-0.5221538101438877,0.6407638606244414,1.0201365679676269,0.5289317018088254,0.4531921806979362,-0.28448223297812925,-0.1255854725473183,-1.665838463190596,0.8421807227655148,1.2608591546440502,1.687752475770816,-0.8570377817311734,-1.9494823129841454,0.519192295438367,-0.8539727602246894,0.9945831361878992,0.4214201682083015,-0.40985548269370253,0.5821928277121678,-0.8706515042334152,-0.42601937680684165,0.7343640197244068,-0.7082692710054888,3.048082260838453,-0.5753385375794026,0.3263036982493499,0.47960311012254186,-0.48439088534899266,0.20919150725853808,0.7406058343255049,0.04140711552395694,0.20214276143519674,0.25456845323848437,0.30454049685582807,-0.5885246965466312,0.7083310907461843,-0.048837337943022995,-1.5986976871492617,-2.2127108660918378,0.012475980810838705,-0.07985248848033043,0.5762966758626045,0.10667653022181259,0.4893736504831329,0.03811980937044779,-0.07491114941646618,-2.06586793691277,-0.3258003380841956,-0.6408611561646443,2.509899962088911,0.37383393281903177,-0.17400507141934396,-2.043467932214548,0.6359768670700475,1.0230941620049452,0.4944482070702995,-0.5560129348245123,-0.373551731324557,1.8646720295230315,0.40130747702765557,0.08075190820670361,-0.8602750142759182,0.22026766805829517,1.0901124568078087,-0.49540737405049445,0.2522524770857149,-1.2993589031650543,-2.1171287597073807,-1.150053952873612,0.8194357035120438,0.8934563532916724,0.003079061491941116,0.23927257343053912,-0.9243299569170521,0.2334976806911311,-0.9565189411913921,0.981253371365304,0.4959832144457314,-1.1258460278496714,1.9521691955410458,-2.4034375806799457,-1.1134320909335889,-0.44017581583063,-0.1651201236073584,0.0028335203968870002,1.1871518472492597,-0.13932630564275825,-0.0926368022358963,0.48090107632384704,-0.9399559865658637,0.5898096477171876,-0.40793363716065983,1.4932509591922056,1.1287356422606132,0.11721355899505674,-0.7578969415635309,0.08471102220567792,0.9871423281349311,-0.06875712826401988,1.1538217367567885,0.948255738206273,0.10955906407026018,-1.1716157986586033,0.1698712631969255,-1.791209239798724,1.3529729614869506,-0.36424022795396077,-0.44639924657331637,-0.6002203362157473,-1.187075754779771,-1.120733007788252,0
-0.05082405195884517,-1.5851994580907314,-0.2564021376695297,-0.0039931778953865675,0.44468956656029607,-0.49080606824037815,0.41109494822449627,-0.9183009995410136,0.45366808013864923,-0.0886004500071239,0.6489753984956835,3.035498178974276,0.8338794415007512,-1.6773594941629755,0.8477432528948353,-0.5354712519261361,1.6247209040678983,-1.0930652447528904,-0.9595815583988949,-0.18419697276135338,0.567684773036991,-0.2551034169301682,1.0750002353141614,-2.3318969164739927,1.3929161359805398,1.055426099837189,0.2569473596856928,-1.279292480046607,-0.19080609407514193,1.4619741077798425,1.0731203255763142,0.23977622949177,-1.0440882874560329,0.043903441137387,-0.1736773572463492,-0.4599142105485318,0.29140677749120575,0.17556854628199275,0.008303553503433883,1.8216590441418417,-1.264980802218201,-1.6648021610165404,0.6190062360131808,1.1481632051301074,0.27100420491774496,-2.051503272793409,-0.6015469850728599,0.3941632927610796,-0.2881249918816161,0.2742823645963234,-0.11153895281891668,0.2389224534783419,0.08940887234238812,0.25842458422893405,2.4689700028671155,-1.6725850131638214,1.3412743935714457,1.2051726047985125,-1.2724318218554969,1.0392897975912865,-0.8187116528045953,0.5104928343037972,2.2728326166918995,0.2889992429572167,0.06914387944776404,0.16323512170305104,1.5179837484455463,-1.0409759335830575,0.7038196923354683,0.3949675270356422,0.6962821117615022,-0.48849373200601665,-0.5704520565321204,-1.1991392417135065,0.937193744274807,-0.048501397070333886,-1.0371083188589634,-1.3641961414615926,-1.0872817172073344,0.6276888721487913,-1.0860205762402804,-0.044959221087056134,-1.275649199955962,-0.5898997496522186,0.8471687071281793,-1.0971719116630063,1.4543182810646829,-0.9218026509530004,0.8789852115651148,0.014635030047673634,0.4417475823304522,0.5969883235278185,-0.0004653786586896585,0.8920574292326138,-0.8267152089309873,-2.875580173761312,0.6646812073330919,0.029958262449053835,1.430999614846648,-2.027967174425347,-1.1325083838773702,-1.712756812349784,1.3918842881074502,-0.4671670193129753,0.10015376395304393,-0.00040457626097281185,-0.44361615418903527,0.18106696208142645,-1.3761028205522268,0.12399543419928967,0.32011965244055696,1.7920786368987924,0.16480039129834895,-0.7488834469907645,0.9180887084913446,-1.1855759840534805,-1.385038367449194,-1.3728321821814906,-0.05210810962714158,0.32981952003556225,-0.06308508028465952,1.1188496542154172,0.7063161487638356,-0.43745213864940585,-1.8580050085029771,-0.2380411931747818,-0.041685419147678905,-0.4196008894593338,1
-1.1221073482334256,1.310785857028595,1.1355889181476364,-0.12278234372416671,-1.5323452974831615,-0.22842705695055154,-0.8604766948246008,-0.7983820454722411,-0.1024761128269103,-0.7696788753396576,0.07979644181468852,-1.9767201612162855,-0.7573929639134475,1.0423704731941221,-1.5741239978253523,1.2501467217544637,0.3336101538900874,-0.4317569193067704,0.9978426781868883,-1.252129492031621,0.6793645652283461,0.7998085984241414,0.5998715280862901,1.8294163818908535,-0.4486745070744621,-0.6657788854878646,-0.8441199481721864,2.30889706585985,0.019406288029700403,-0.8415865680573368,-0.10784985061009338,1.9053737412566256,-0.49100004202807884,-1.9220496812433558,1.504416138057512,-1.2753490927226918,-0.5113564386650858,-0.8048455944590869,-0.49333398409712614,0.44367122842114926,-0.4422872761029625,0.8833685842770147,1.2240861739366962,0.6160508883340513,0.07486759216082535,-2.023891112674065,-0.24045585117007387,-0.7161695977962165,-0.37770790571727664,0.8322709251692447,-1.1200198114129094,-1.6412668180770866,0.42548028702483703,-0.9847954506678592,-0.1029185421381217,-0.47071473464989844,-0.21482790333843604,1.08438306937842,0.7453267877668981,-0.10415442095562487,-0.2121500675902762,-0.6038743911475015,0.7566364403552874,1.2418782599543614,1.78684941891509,0.39225516757633944,-0.17502976535749842,0.21691780768292399,-0.6616659021906532,-1.0400036452334067,-1.7583662612619615,1.1409520607289834,-0.41110050772542356,-0.5026749404500878,0.2609653277265711,-1.615956798838729,-1.3368912681607696,0.3846566891497088,2.089770778626748,1.011880615873693,0.17147564046317687,0.2198973629142229,-2.0041549564558667,-0.1486402224305613,0.18438933613364947,-1.998183151564042,-0.2165091110359547,1.0691179788108292,-0.9645615817620371,0.9275209812960844,-0.965099489057743,-0.36015735884910416,-2.112883565230699,-1.5002004348841231,-0.010893279932408748,-0.5667427837774912,-0.5292800517367563,2.3666758015786704,-0.3348988703877147,0.1373510913310137,1.3706950403018001,0.5974535579677466,-0.399881867951183,-0.8655465099913853,0.7423252966361801,-0.5919482825398041,0.23387661606357046,1.7273205942284704,-0.13433300751897523,-0.6392962256668436,-0.47665862532885017,0.8883872512954972,0.03543609890893362,-2.7068714358024945e-05,-0.5250079577075029,-1.2110819095011331,1.0331151097957247,-0.21173804538617205,0.3379283016778721,-0.665505082715434,0.8607190132702692,-0.5523152434703442,0.293805582523222,2.8513516239575947,-0.4083390578002878,-0.7254413938852879,-0.5624288935438199,1.1810240124669462,0
0.5660835262640435,-1.199433042189175,-0.017263902805259718,-0.441359671519283,0.5885979809190367,-0.5126536189483162,0.6263579735310848,0.3082260213209523,2.1547719049983343,-0.1644455844844505,-0.6157802121027357,1.6232025816695963,0.23208529817209914,1.7647961070665994,-1.0412224075540162,-0.20900169891695258,1.5921210180693155,-1.3766720594634463,0.9597353221830457,-0.4496534027870893,-1.535012843150273,0.21887925747118606,-0.9896718615990202,-1.2067255643232562,0.04462415229928087,-0.33681744932589575,-0.5249107431095793,0.9846773379442005,1.2628259156002055,0.8980663500745986,1.5493431164056823,0.019370877261511397,-0.0374090206688042,-0.72720887886219,-0.7614997994799547,-1.4314715867015413,0.7215889301795935,-1.0567130949243477,-0.5187649307261772,0.15289113076525776,-0.47662260463741957,0.6027529377846617,0.2522921337404361,-0.8271902243100648,-1.0502400822709372,1.4397043424628506,-0.28058778063479484,0.28428062981043845,-0.3177159427540693,-0.45771318548270196,-0.6447729268111304,-0.051239131075947554,-0.8145305266374144,-0.06961799414898942,0.47821833885301007,-0.10206118370575619,0.0060674065336440985,-1.007729274722598,2.2543020499201276,0.18960826961784358,0.47969434263804606,2.1484283140124747,-1.2713868720357504,0.2939601430093,0.899351141201994,-0.3546927254477906,-1.711600429107838,0.8166177396769532,0.3592979349049289,-1.0347377479811546,0.7111372049776523,-1.196253897258289,-1.4121279096265527,-0.7543587578016819,-1.1459618228690238,0.4481725699243039,1.1730422122707136,1.0791227692527414,-0.5020270222416605,-0.842017340007687,0.22391173148726565,-0.5599995976897705,1.1584870374986462,-0.5148495797360432,0.5999934061887059,-0.09423921673044787,0.709647353775187,-2.179687036091463,0.7896522078745712,1.6875959666827423,-0.2282516040727559,-0.0025360372246578727,-2.2214126741015363,-0.3471647096082519,-0.5706818982562541,-1.2590780713689755,0.3068867245988545,-0.9388492388375687,0.3603186959670391,-1.1024624295357162,0.9613308551108655,-1.145003705509581,-0.26807441209098826,-0.9142305537309742,0.9544299614103201,0.7597687402133738,-0.7817906788049847,-0.5796760596653154,-1.3156958004581003,0.23930665048002858,-0.8480760110569847,1.2440834905635683,1.1760203178333528,-0.1659566274942024,0.22590078431623614,-0.04833426905215013,-0.27477693639915324,0.5209541782772389,-1.4783387608038074,-0.7987456804009087,-1.9990541815118779,0.8784459777483178,1.1545363289223742,-0.22009279318070138,-1.0017775522874186,0.7096230537600078,1.7777884530156451,0.8271881254304136,1
0.7779318649319993,-0.24912201646462823,2.0158732080400172,1.1627282777359598,0.07431504005982648,1.7370796773217039,0.506310609098958,0.5444775798589684,-0.6554671898315163,0.5219710059569412,-0.40229313438576836,1.6478514963004744,0.756478131580737,0.03622529748875736,-0.964570286997765,-0.17996920278255288,-0.36410606977979365,0.5210372778946551,0.39393305312093857,1.5248004684002017,0.1326639856975852,0.4405391831093514,-1.566385015652021,0.5364528215127767,0.44713720491851083,0.1035588366587962,0.20680858237334224,0.79086104616527,0.5804764370765609,1.5549937730324779,-2.197557671131482,1.2436593357692642,-1.2344224359655402,-0.2101748294956957,-0.006384240680631212,0.23645085051350298,-0.8388978962329973,-1.2781719293622014,1.1576623627136995,-1.2300518068936168,-1.5780256720056194,0.733500922815496,0.005514929909052448,0.5161928001499684,0.2627105856560596,-1.6596771925023126,0.0011017040660508788,1.2411162846702224,-0.9471730516288625,2.0596255883465737,0.765348541009005,0.9598113624523843,0.6015987803816908,-0.972547919852864,-0.3162255113980579,0.22569949706284878,-1.2150640947748197,-0.5017412037655293,2.862069783489844,-0.33959377280497943,0.4170880325683382,-0.6330751964364216,0.14066020128383375,-0.3390094389220804,-1.206389170317611,-1.0401425822476489,-1.3001322314791341,-0.5120797145587453,-2.164626293508378,0.840086900661949,0.5187526187542175,2.1214068640509156,0.3370582069799237,-0.6048172031132347,0.5254774102063496,0.3542509789446419,0.10888615909899567,-1.249116764986255,-0.4177874992480676,0.08552583523240237,-1.0017864280509956,-0.991092363260764,-0.7844397220375866,-1.655613201570616,0.9406736840189639,0.5655977318859678,0.3679815981846039,-1.635765758107535,0.701166968911924,-0.46584113232886,-1.4822900797918097,-1.4600897618738846,1.7978849793781562,0.3798750733269594,0.1222227510723921,1.0375387430133134,0.5358259889851165,-0.6962453738096518,1.0778631196015291,1.266256348820433,-0.8857010021848596,0.5071906151162531,0.07812152920973489,0.046847379829799314,-0.6122757786952064,-0.26172550100860026,0.41501838669784424,-0.01794511273199663,-2.8150843821507783,2.0254543505602447,0.276478479528804,-1.5512218050212867,0.07293701567511653,-0.40830989439354765,0.034300009783249014,0.574078651833089,0.9358174407757086,-0.8413324692503518,-0.5517668171832995,0.8484612508912408,0.4284077610288943,-1.3791350430984723,0.378393915797845,1.701068053438552,-0.026329036792134535,0.773595406666466,-1.102790474093364,-0.14217777668396156,1
0.8093943510409729,2.2282427196103933,1.883473084690311,0.25274868918117105,2.031782226864121,0.4769839968866595,-1.093063617068128,-0.6233261866541874,0.36478453758066925,0.7987502886467567,0.7227523194295685,-2.675535579129138,0.9012583059095537,0.7750533506007129,0.44751771393889,1.205460215780354,0.33915678407663746,1.4527083719848655,-0.7797193821531709,0.25665389194538113,0.042687835086643755,-0.4209032205295153,-1.0791751433370915,-1.3707760441801797,-0.3217944928540337,0.6577539074618745,0.35778741170442785,1.6584346100529366,0.0063053599804349745,1.3290098319657875,0.7271662791261888,-0.12193812414151914,1.4606146834808917,0.1480865199002966,1.7057521494762211,-0.11051869445176024,1.7278226580506446,1.686907447998347,-0.46732702198694565,-1.416306626444071,0.2215506091506936,-1.3557310350087806,0.17768480566737177,0.4105225574892806,0.8911019248812854,-0.8815806896659194,-0.2231236314490816,-1.0751997735425336,0.40206048679348366,0.3771158693327101,0.7951957481919141,0.22903364785208757,-0.16219207444574574,-2.025617122254233,-0.7017517500098054,-0.4498752818723892,0.6805966120529062,-2.3989171335477364,-0.25738982478617783,-0.5980211150762758,0.7224916483925138,-0.304598682961617,0.5812074979397712,-0.27515784055597975,-0.6010549292500751,-1.5536068391425222,0.1147773228279775,0.006941415523717468,-0.17290920906322146,-1.7894709722043414,1.656814308690876,-0.14970361303130433,-0.9983406224229828,-0.7405846641342226,0.4100625809525425,0.026855999911236998,2.6916371561355406,0.036241776758820336,0.16790134983695804,1.2325381012350887,0.823985915406086,0.7896744313641825,0.15425106327200602,-0.5940952111093657,-1.7938643524731,-0.5551021051844294,0.08249041868964371,-0.6268614478351305,1.525299600373658,-2.0820404701953112,0.24109771983130218,0.8829320632008609,-0.6252024729694514,1.8421278675362092,0.0100824423222832,0.9330172072441844,0.13759875786069642,-0.6184606578139878,-0.5043833692531402,0.6115244323813067,1.0630837407425113,-0.6945436665951689,-0.5839603109584488,1.9037700612313881,-1.1340977238183485,-1.8064277484646838,0.5768975661740009,0.03639898265227511,-1.213405085528665,-0.6000294136420855,0.48085421579314586,0.5529793828377885,0.3952292802788911,0.7361481170453799,-0.861857699654756,0.5242401033867262,1.0459278344633205,0.2627620964234256,-0.117133471501122,-0.572944249657393,0.14194159007016688,1.502594671280731,1.5261215643162542,1.0366641926113975,0.6155820558804226,-0.27285134447058385,-0.32272575681687954,-0.9433167295743605,1
0.39262766314272285,0.40688280221968537,-0.9269899555506045,0.6013265076920379,0.9416957120019251,-0.7956477593730956,0.4601956452260273,-0.6007494428861794,-0.8543314072766955,-0.1909719051996953,0.6229967689858713,-1.2373334457990999,-1.5866011275587906,-0.18292598437440494,0.16882549465906868,-1.2436838537502928,1.7129735180854102,0.5989293744987813,0.028482514802468443,-0.9442016152318785,1.1844540881465433,-1.419160747650668,1.0702467558698499,-1.780519756766392,-1.9423457160369733,-1.0359912691954352,-0.7981115008929365,-1.1763277521659408,-0.17104486536072738,0.1876437311863144,-0.694568075988514,0.29336179535890056,0.3196711536675327,-1.9856515002955668,0.5288619778138772,-0.16320091058410333,-0.8392706138677348,0.5752227091851684,0.39589274330561197,-0.785993772375895,0.08962760994562409,-1.511086741404829,-1.6643678675107665,-0.026970410014257755,-0.0949256387674319,-0.12626013413222706,-0.1543764800844998,1.5906981448397948,-0.29889923704777566,0.3597674598824696,0.8971886904916425,0.8823512971860985,-0.43179420782624583,0.050869336202657614,0.895884132843736,-0.24466351005627351,0.020541240140167925,-0.2588002022701079,-0.23492997264202992,0.3921818898562338,-1.3194108386315628,0.12827909572067892,1.7105926566295766,-1.12589453505859,-0.4997712697555533,-2.221095064282344,-0.06245842012376754,0.7769500723253931,0.8958099620751011,-0.817557342245843,0.23924970675703341,1.203809521226687,-0.008212882339149973,-1.7780493412765446,0.048968323078868836,-0.6698015397677203,0.3039739172327459,-1.8019378390994265,0.13432592959583498,0.4120908989616169,-0.004090409680329487,-1.1886505012533257,-0.14947709741310866,0.2750141707762642,0.6237462457896664,-1.0090823427230895,-0.6237404141786775,0.9048574878111333,-0.32306350987205473,0.22916256283053596,1.454126191999853,-0.5556862529226381,-0.33397933860107554,-0.09680700564637214,0.4014335403856078,1.5836792460944438,-1.0874531327754653,-1.2552681394011995,0.9481128591579716,1.6656347314043463,1.8678946926224649,-0.6446620933580673,1.388967322729383,-0.7929323120679458,0.541565820315459,-0.5556350972695759,-0.12557862365325123,-0.8893892856861816,-0.5198397114883074,-0.33370144529343004,1.0252232398753962,-2.240338850431416,0.24158211157272383,0.16006001055897215,1.1251834554313551,-1.473287181081298,1.2392282032339683,0.6448563547832644,-0.6120741564976351,-1.3152761635103618,0.6642844383881175,2.8184982135388372,-2.2755676994313987,-1.1297520716036533,-0.41695002170560275,0.3631490801748279,-0.38910170055296145,2.0605088428069154,0
-1.3124480341932416,0.882203486315099,0.5511321494034803,0.0013148845555979959,0.5915503284979792,-1.7538922388575091,-0.543161246852029,-1.974024483838679,-0.36357634021874563,0.2820716631081965,1.7620243805180438,-1.9849293165851383,0.20114581879580148,0.7369557435555065,-0.5187547486492355,-0.14188465994888183,-0.17498208558281114,-0.7283465667322186,-0.47070559648896254,1.1174642069805005,-0.44539465691455465,1.9032424431098782,0.48512474312773257,0.9910771937140308,-0.1886368510669552,0.5896714207206705,0.22679060867179973,0.20159682330436784,1.2279392835103435,2.0644905197676406,0.7854429424967693,-1.4184094667346476,1.2837015251281942,-0.07663187864865359,-0.001977169549331811,-0.7933164668207853,-0.9796836076831976,0.41003093386813727,-1.5233179814602547,0.16908600669126536,3.17360723842531,-0.1434188381045737,-0.29256449148503216,1.7662618348545218,-1.2640712417607665,-0.6224018068285552,0.031918604891013884,2.606849023460792,-0.6391042393120459,-0.8064777999758068,-0.7466449265297439,-1.7832209397991965,1.0127277950250089,-0.8213105272364587,-1.4919611740679468,0.39329179240853124,-0.5664025934115468,0.6627042230650623,0.6345016411376535,-0.6769999118922156,0.4614388459166764,-0.22360958790964064,-0.30853193068676865,-0.5579220399645741,-0.18015562664865822,1.008238278615434,0.8001667103207687,-0.03427958014798007,-0.7684886102625732,-0.6708613222901731,1.278653983628535,-0.08312486411192907,3.577267750931207,-0.010715867688838017,1.6187710028783657,-0.19940760026617466,-0.15326710721564835,1.4370816800588802,1.2507012639960948,-1.1593747408080306,-0.8717420222028766,0.22405516487843047,0.0175288390153598,0.9340576639497237,-0.9705428742856947,-0.15502430456807575,0.7036889749538965,-0.7315857727956688,1.3370378997842298,-0.9736281291378972,-0.04013417728660076,0.402700086068312,-0.0835108515825625,1.3293477382634167,0.12181408873847048,-1.0413030867931352,1.3956001239314504,0.4794030080093774,1.7232292413501642,-1.2142490548261637,-0.533082416290643,0.7743045245136709,0.3297776195896142,0.4392487669728813,0.14846566632246666,-0.11903776184854956,0.3373020081193129,0.45323662926081465,-0.9706567825455512,-1.7426742698596123,0.18448144285868978,-0.142362869670781,-1.9577764375081366,-0.23881118293648146,0.19043446818448254,-1.9867209311994474,-1.3329692019971622,-0.5067515005964837,-1.3850837613170794,0.5558743689152835,-1.589979713729555,-0.3952622883510768,-1.1432460089891108,0.7287348207212415,-0.16363228709354374,-0.4863597950408618,0.4463224409007298,1.8434210569939553,0
0.6677015965084102,-0.09304428524469548,-0.5607803015626543,1.122087966156445,0.31746495600166724,1.2383497681654445,-1.1651585816909442,-0.24305525155820037,0.13813180023263236,0.570525287133935,-0.4982381394564439,0.42800336255649013,0.5190173775340503,0.8327192656213562,-1.2687670575995593,0.8182158165871641,0.22978906096729804,-0.4441506902743269,1.1991948799016137,-2.5409783917820623,1.8470262610616102,1.3200779768954531,-0.5742798742053353,1.956403995500508,2.2788880556725335,0.42167812951835926,-1.063225187195206,0.1316517003080921,0.07801903727073806,-0.5647301793855254,-0.6369457902324981,0.5940235653640075,1.7696597163255015,1.6826151858985927,2.611611412020332,-1.206087753069485,0.2777680322599144,0.3221507857429226,1.533915046828225,-0.6776566179218974,-0.1784431214706711,0.36953090216508755,-0.4709313678516186,-1.6229013802254146,-0.8019489139151527,0.6983854430564511,2.021992547943682,1.7840623018437796,-0.21325728811664582,-0.6511701483283221,-0.9673540878628057,-1.0251250530834874,-0.6578071157965726,-1.135774448191047,0.30102460581945584,-1.0938794702370187,0.3212211578471516,-0.06667686388849575,-0.5304796823645425,-0.020566929504675282,-0.6950237252603935,0.16370224553820387,0.4573408554229802,0.38816468215991523,-1.0636889933601417,-0.30293642850881874,0.46173499658425243,-1.4904964098992988,0.8657826388720091,-0.3028277197432433,-0.9174051334155126,1.747248473415165,1.7191905963050929,-0.7064282147853643,-1.5294939113754753,0.5984746379502089,-1.688399813401782,0.7957320177865067,-0.4371832311803234,0.10481185390473804,0.008248155016326626,1.7207133438123041,0.05795329151566002,0.005538341994722201,-0.8759863595991275,2.110264916610103,-0.7893324726354014,-0.9312365890207797,0.2812756776558354,-0.5161508922277449,0.4326607929085197,0.292794711201932,1.034747277707431,0.15958194807669127,0.11312048160912877,0.3050583297477613,-0.20404778083148145,0.46200960669584995,-1.5136109336035295,-1.6617776723915747,1.1485011631021917,0.14455199982742828,0.32887823377276343,-0.412420352195329,1.7191150927264296,-1.1043492480220893,1.0891672002814947,1.6674988657027792,-0.7013868093269162,1.4334307779675515,-0.339995434398726,1.2253103210942002,1.4194981795996784,0.9309568622206777,0.5406403255992266,0.6302108604506408,-0.19838254826489166,1.196228225205287,-0.2745441124015166,1.1683211610302864,0.7321757858837988,0.05581984629319563,0.8445098022702461,0.5332672984937524,-1.1471287492390156,-0.400452155381934,0.4260996006826154,-1.3854128467306048,1
0.7753429852449547,-0.30638570392022935,0.42296526689740715,-1.274263480518252,-0.4968179303220331,0.17560060380119724,-0.09361968674655333,-2.256946382121225,-0.5021258580625323,-0.5054370932138925,-0.6478480746580207,-0.21043525525311152,-0.5526659802376893,-0.37031557024363704,-1.4937247683460662,-0.006039660535957531,0.6456659790962218,-0.13993546424747982,1.240724014260516,-0.9088496198799964,0.9225787997686351,1.1404058484886979,0.6188551333048927,0.013498300900957851,-1.1910412352287132,-0.8238128037969498,-0.5102806397157827,1.001057613350037,0.690162082120705,-1.202222899665597,-0.3112873562962648,0.6466643086051223,1.6531415474497981,-0.5131406998434495,-0.16728485909734825,-0.3357138011521558,-0.5759330642653575,-0.5893790155867031,-1.523679758205848,0.9237816943068833,0.021350904465124505,-0.21775427052326599,0.46179510255595485,-0.06147435880733752,0.3530462591236921,2.2981473200917435,0.39194101012552185,-0.4320947716212396,1.6296571714386678,2.5637256174527847,0.792407005958343,0.8102112743715184,-1.0075570215522027,-1.1476239512762765,0.016466128798172636,-0.4682319102228709,-1.7476574211637044,0.6680783646595196,0.7607879359322189,-0.3661545312583492,-0.3941493636883577,-0.7128476463170336,0.9650424270170654,-0.02283711039468378,0.899358090301136,-2.2246787796121583,-1.729242903643217,-0.5854423402219777,-0.8690909056082331,-0.5953660727774852,0.8272072417587787,-1.0186920135712703,-1.0456222940706037,0.32505371887093903,0.1914130349722293,-0.9864628941377239,-0.04568172694212084,0.20779536731764392,-0.4810794600937378,-0.01834982571315639,0.9449219999921923,-1.382981472327887,-0.3879576061752482,-0.7677174281345188,-1.4216320084046645,0.29781689580416854,0.5305402070207369,2.6839310288091753,-0.6501802660836571,0.058095388902189266,-0.36148652285012833,-0.7077992481191692,-1.160209413821325,1.5471968022494407,-0.2001664855746663,1.5329897269092199,0.7039017933183334,2.441001836884333,-0.9772799642088721,1.0058327029042196,0.1677792318243108,0.2206244791768294,-0.8635901390321521,2.2269610260309345,-0.8245798155806541,-1.3068615039048115,-0.4764484555806438,-1.2345340899011374,-1.2743156826229614,0.22015156090712576,-0.16688673615115743,-0.9850667816838911,-0.18260761594629193,-1.7250502585216592,0.8645103608435772,1.4908827529217492,-1.3746321250375386,0.5639430147833779,-0.48864976984239866,-0.002604154189544267,1.1668461695669903,-0.46476308633218644,1.3435890061484437,0.32750859380333247,-1.595844149701757,-0.4227288378208037,0.8517609882455247,1.837857677060073,0
-0.11179608733962645,2.2620326932531016,1.9740510370125963,-0.21908678671593343,0.6550939441956662,-1.202289331116793,-0.03455369285722974,-0.012221419168357714,-1.052989749259722,0.33261576115382996,-0.06243956935527388,0.3438877637549651,-0.34585004268840064,-0.551830094222372,-0.4006061944477722,0.9345992393398628,0.03499682039875735,-1.369707747711457,-1.3064746583515698,0.04459176000775503,0.6760744436906102,-1.2128315347787997,-0.6156037225621893,-0.1754465336090301,-0.009582168377844622,-0.6365821211114111,1.0901482616791243,0.367424155229618,-0.9950787757680272,-0.5288798564071032,0.8061458148871845,-1.1616194397186588,1.0511063477414817,-0.7170903285547954,-0.7633081776466164,-0.9479207873083463,-0.31963781874164593,0.7591488248363341,-1.6430380726973552,0.1444127128569077,0.0963446235280186,-1.072031249126452,0.0050895356022924694,-1.3983811792307408,-0.9120997609562586,-0.7389323674090604,-0.3913175751416813,0.4064893230897768,-3.0585740405021045,-0.5085861628062845,-0.04604182137280872,-0.3239416828391463,2.358484084587521,2.091304655384495,-0.15676395536542587,0.5476503876746641,-1.317727465710866,-0.2854757571824745,0.766333183201897,-0.3537188604448267,-1.72780610672647,0.4143271017429082,1.8686367228417082,0.09021587923286546,0.03161183550926704,-0.6537826400462022,0.38731678799756303,0.8020201098250131,-1.886221632381754,1.0273602581049164,-0.6909685830286391,-0.06482904610762479,1.2776286597789996,2.514463668139099,-1.883027215164257,-1.1458128437933195,-0.4823613956321426,1.3319522472377978,0.32216963393102244,0.25291736780709423,0.94048162983904,0.2722550130306136,-0.4041992195629094,1.8205476828100646,0.8623219304292521,0.3181937609483034,1.1624829210486225,0.20326830768193482,0.14245892639907845,0.6149262535054786,-0.2295443605991847,0.30952076068625217,0.8479534025066087,1.8557275130234014,-1.0470763653341428,-1.5081507394066958,0.5210206631358684,-1.060478298179656,0.10341684819711018,1.3511110792177032,1.2517010879363188,-0.11936503070885889,0.9461246276691319,0.07008945756785295,-1.548231354263988,-0.11756197027067684,-0.7529226240253842,1.6059355012076342,-0.1760166765241878,-0.7479798366981077,-0.42328316775566854,0.4834334605325934,-1.5468581425439225,0.5042727560886824,0.33248232632833474,-1.268768365601569,-0.35808847510225594,-0.6958076217370331,0.5383465630310529,1.0935223598439774,0.714227389338888,-0.15075481813581554,-0.28737191437982806,0.5237526054835858,-1.5973574810819442,2.0230890652923663,-0.3232614394465571,-1.1567269778976599,0
-1.6593283441935645,-0.4824801343253541,-0.262548177798383,0.9105280913933389,-1.3297229563194544,0.46011789422377664,0.8032522986558323,1.3526315514320968,-1.3282840164872884,-0.4426156752435918,1.670587644214124,-0.7028913840276378,-0.5789047605518809,-1.1038870272679506,0.9807328398082865,0.9178244719893249,-0.04492539889203315,-0.22821861206822958,0.9727701967739771,0.06465028014925245,-0.4750972221617994,0.28898470074840205,0.12794584650254567,-1.3007313750167588,0.4845370681914872,-0.04290093870651881,1.6204184033632039,1.4154589917471359,-0.6750271481371972,0.4202570353637323,0.6044403851788286,-1.4584549746636455,-0.10689849005274342,0.25331510770442556,-0.34764892281082943,0.49091243411969315,0.12843784730744798,0.13921916426849307,-0.27451673319191366,-0.794801715007863,0.920382859339801,-1.7251474815985643,0.36904535396089727,-0.5893404284354087,-1.174729142095617,0.8399155036167024,1.246578436639054,1.391476872606668,-0.5421414895862581,0.09816736544153039,-2.9636890694670037,1.487627217602556,-0.9388236769058856,-1.7758524454688325,0.2144125011143792,-0.8737454133624717,-0.12712435584202364,1.8381810248804533,-0.01249913084987122,-2.0073808508143602,-2.463961891442724,-1.3521878155004903,-1.695570073434961,-1.4619574581332806,1.50668513163992,-0.5963521762474582,0.13975786318324498,-0.5996965960257481,-0.03223626150461278,0.641998324499141,0.619129627381512,0.3028842023203269,1.7369229003102495,0.2599515721322532,-1.9495087834057925,0.52436858576848,-0.6728444815361396,0.25774864209566084,0.043114967428559324,-0.43298387760894924,0.6397442174609559,-1.690587067918053,-0.5151893699477117,-0.5127658636303998,-0.6307255425807473,0.7969416127466523,-0.2110648696674918,0.6267845219561112,1.3471951909830207,0.08993476662951264,0.49229579325718353,0.4042455661173492,-0.8999095192759506,-1.494748559554302,-0.09463958912315813,0.4791810522912407,1.1884769649451734,-0.5013441256678496,2.2464465166302934,-0.6419690379280439,-0.5972303775389677,-1.385611640307299,-2.859663503650786,0.6230874257100258,-0.7905563748000345,0.33650539147549624,-0.13308053069554754,-0.6250636961077659,0.07906916532678543,0.3175207908584502,0.1614417532510224,-0.31184320358228246,-1.3415346438941913,0.3353622008903933,1.2010169375307023,-0.041394470227596514,-0.5743574022184809,0.33047533810409424,-1.9341582338246375,-0.519048370563792,0.6580835394257721,-0.6784399611190792,1.0112115885704809,1.2552362505377364,0.22021197720938362,1.2287099138324997,1.3959805956628746,-1.454826241088421,1
0.3867544592462085,-1.8690070792581508,-0.30325655416720504,-1.003164737701137,-0.10623194963437782,-0.9933550542508293,1.1618738344345987,0.49492788068963,1.2705975795301605,-2.168835392721878,0.21524652318184492,0.05104369801601366,-0.9361442745280985,1.3597077976419758,-1.1082081541780517,-0.9944437175792327,-1.0868688555983428,0.2548835266076156,0.17684455477440694,-0.01416043047465592,0.4666216507323673,-0.4578915049262799,0.3511622160358323,-1.0594156443860734,-0.20283606514343125,-0.17584877800802842,-2.104325857552517,1.079868847475891,0.13150731644709582,-1.2922697794047793,-1.1838433800711965,0.9246458009976464,1.2135059730828435,-0.9927016781743816,-1.2394395513777747,-1.7047811235466142,0.1177755559644579,-1.3150536248555156,-0.5260615529468223,0.6351461056838299,-0.2604665472001045,0.5359971869553337,-1.2551666710999192,0.6226983344223743,1.3186546217938282,-0.5724823953774283,-0.6470889348845094,0.813150908715191,0.6164360980545849,-0.769007571620922,1.4041816390304172,0.573625475686809,-0.04358384902770006,0.9349848554007107,-0.9129770040482467,0.6828073817699855,-1.4392309004871344,1.0218387320163662,1.307123977775143,0.2037081505785759,1.045652074385429,-1.0209349186069578,-1.0457014291315225,-0.8135195680069484,-0.5586989367357823,-0.5908940379562827,0.3843787185518397,-0.03997403500010214,1.8129024284884594,-1.8718966739595833,-0.17120607887348138,-2.0006381217066305,-0.9130166306187694,-0.04938897321058267,-0.17698615927044184,-1.7160642776745987,0.6296192404064893,0.7854068041766863,-1.2670642233196587,1.2238530846150217,-2.2335660836799898,0.4282736869702751,0.6390515991245198,-0.20479454542785372,0.8298906515012148,-0.18601740798032176,0.07974449561374208,1.063930639866363,0.25335775994479054,-1.0958890008939388,0.5314952707659034,0.48456071824501434,0.9390538592727116,1.5030968343706579,-0.6783687801640068,1.0919564489866518,-1.8936736687271667,1.0366993600598442,0.7755587942105234,-1.3702469898886072,-1.8353292640011174,-0.2861557429916886,-0.04208132647901717,0.012480601195504787,0.0014763330331079708,0.5529342017045928,-0.28337330051664195,2.220724391539604,-1.5095559617035783,0.18532581225902897,1.9449431814059368,2.261421192227728,1.2668229168358625,-0.753788132713353,-0.6627138411531788,1.2104220235897396,0.9941650914541974,0.7552037124481382,-0.13591641684517033,0.17032813622571852,-0.04776558866969899,0.10894748271417982,0.8493343020440506,0.8649982834983825,-0.16960496710200582,1.9614069067262418,0.04038725664236584,0.2513686125043453,0
2.169935599587605,0.39295425171005727,-0.48075108000442496,1.0927999724043835,-0.0475717639907062,-0.3474508541319982,-0.3568501776867661,1.047991225880744,0.02265111323608624,0.3986884290214476,-0.09510372277601417,0.24116701063032428,1.4699747450312148,1.9523119514012743,-0.08679025090152286,0.1269838579375802,0.0910363301218323,-0.7751368518510194,0.20727937885377853,-0.13855878607961739,-0.8231411519128566,-0.4404263813846859,0.5367653317086809,-0.37350041026906255,0.1811814504053583,-0.8567227014800561,1.1036319585375105,-0.4576118485568984,1.888513199077525,1.0670684317407495,-0.5942051222745087,-0.7258283981155259,1.0675381370235209,1.1977402751628774,1.1728017907051382,1.6924439716277553,1.1707081937826163,0.2649483826840941,1.4777380722655677,1.172245842108059,1.136614704516918,1.192986864502343,-2.448964187587326,0.37521428973809845,-1.0503723429416376,0.595759090492883,-0.20482164891240925,0.49580603745803004,0.19308976102000416,0.06899823344226974,0.21677434172429663,-0.10878126014014775,0.5739449122461419,0.7647118284282325,-1.4701391396864785,0.10309653851161424,-0.18391200828843324,1.7575419725274195,-0.6971531191125443,-0.7162141186091642,-1.046353663013172,1.4110717212452164,0.21132003752005923,-0.831321591337554,2.661547989251277,-0.6283563501627668,0.3754991382329923,0.29316255494473614,-0.4950353871295731,0.01832517954793301,0.5422547736275593,-1.2482749112028173,-1.4879518017754236,-0.7039269781095582,1.8645903117740736,-0.02719042686528826,-0.4579243132091962,-0.09565058750966667,1.6247448879398192,-0.004169470953590167,2.274102752125584,-1.101696703331486,0.0669018556749926,-0.6000998932033247,1.2105972040118271,-0.30818667993192794,0.41531517163444087,-1.0713176710669312,1.0062573828896437,1.3446948534294318,-0.8420908316396868,0.6804892520999705,1.8921904333823623,0.2886425711664332,0.049216554868004574,-1.9625997780307867,-1.7060995954273896,1.227018332808947,-0.55532065229079,-0.649256839606038,0.7023113908325505,-2.027814272329572,1.2582099374504927,-1.6018555974033843,0.7411177730479532,1.0963057864669055,-0.34705138106614675,1.7461813086789157,-0.35982194881390556,-0.7316462340081792,-2.188201089166805,1.1414759844905429,0.6430776079943722,-1.1156744200380027,-0.33965519654978826,0.10395244433485001,-0.24408214147891621,-0.35238343443219955,1.6413991380982416,-0.4358110224705686,-0.7450850921831841,0.5135035906326789,2.399625266174654,-0.42638329598453506,0.16645799695243074,-0.8375012155323682,1.2420558629158023,0.11235476383165549,1
0.8389345529477819,-1.325015211613402,0.0020986660158964845,-0.2992834683130312,0.7174467610620123,1.4110141847449342,2.1286989096238065,0.23693645772109745,0.8954762031865366,-0.8224432519129904,0.9916412993658754,0.65746655377016,-0.12916778870841852,0.8114770514826631,-1.4645662499315244,-0.11722897740031564,-1.1943022708454207,-0.16902270557167415,0.7439288804228328,-1.17650556233685,-1.2266770518826622,-0.42325076648053,-0.7883480610415989,0.1890393930983222,-1.6861312132798878,0.3931335745688885,1.1700913615894903,0.11303358914167838,-1.2367677706005562,-0.4506033667858421,-1.1837701180292328,1.4810743471080006,-0.26062062794499946,-0.21359625193695164,-1.430306376138879,-0.5229129811950822,-1.0421657204997203,0.629767051428216,0.6445790890655042,0.8163473719750456,1.3298541736352496,1.230429601624355,1.1937220778265414,-0.5262260195451424,0.03510152061591953,1.2080409705575046,-0.7648478433407128,-0.4649584009402602,-1.4241509835432327,-0.4530893210128833,-0.05258290186420067,-0.17116014696628853,0.3866229028663957,1.6529206862618708,0.9085939815236423,0.6987992123592599,0.767924492152347,1.1639578203869194,-0.5464592654090833,-1.2396048776271837,0.27366466079441487,-0.15563832460167726,1.629041553460896,0.7585666815595838,0.6829306879105074,0.7671652825075755,2.1380414925827735,-0.49600686008326483,0.5578499569551555,-1.5603040186670847,1.3973852172478742,0.4379232122749858,0.872778600033799,-0.19605712087041105,0.006092977340440032,1.1727413341617745,1.2609626566772547,0.7941619887695018,2.1846454895710172,-0.9127189440780126,0.6805705928479353,0.6538840814442265,-0.33086403931873837,0.36984700296286793,-0.7306198677561782,-0.8650363613294781,-0.30671453983837715,-2.307327522752011,0.7013208019376411,-2.894963914168016,-0.8579479290373646,-0.7061185029790088,-0.47669733517528484,-0.9065626780833557,0.010229350829843246,2.6179293616042414,-0.4985678014775263,-1.4552857981061509,0.5139470721645545,0.9974081849897146,1.0327500077112244,-0.337362911951734,-1.5495056805030176,1.0305735397015288,-0.025670305000672605,-0.3197835848734697,0.4116811854515196,-0.08724638584233217,-2.6079240553756042,-1.4741740955152698,1.008066986581595,-0.5804952643575011,-0.12247365132114531,-0.8408321070984517,-0.7330104300828697,-0.08397061929049439,-1.064625994478928,0.8471281174588994,0.975054366757028,-0.41233542297141135,0.9122409450560213,2.2337557073192706,1.030303503184446,-1.3254234749746552,0.4345113746429414,-1.0642293221174075,0.3765546323093946,-0.3793381563185611,1
0.9764949486577068,-0.45524422244328333,-0.761436414219784,1.202843555164406,-2.0795693063183824,0.023623266752096663,-1.2392584917893126,0.8843159241997933,1.3610487192261034,1.6814993992664313,1.9528199283583036,-2.004875690592673,0.21502322664103846,1.6486679002097047,0.32576697513739067,-0.835131397321615,-1.1533842114604438,0.05448816074421243,-0.7329172851795379,1.2344897822417837,-1.5760268969048723,-1.7389655067508178,-0.9921783355426047,-0.05363555915702013,-0.6273497988600941,0.030163366557490714,1.375234892549442,1.8419254155638745,-0.038507339031041136,-0.41315481708550916,0.7684346851773811,1.2953738564100539,0.6685495545102371,0.6309788871693752,-0.8709363743848446,-0.9184403853725677,-0.9305034235071065,-1.8911315179126553,0.2657136668918017,-2.192504234840456,0.011542212911796955,-2.17099510764732,-0.2798542786891715,-0.35134220564592356,-0.1446327512680323,-0.9245097419301643,1.753978004280182,-1.249255362575864,0.9909635006546114,1.5346698446401281,2.060993405677805,-0.46284239329339477,1.0964402109597517,0.02735554574540926,0.8971867575147277,-0.4810089749461422,0.8310220782381694,1.141979093468294,0.13691781916606047,-0.43815635893340676,0.13985270560402788,0.4332958494838878,-1.0768448725111566,0.14141113087336993,2.595489054795844,0.23350716913226008,-1.0253637112709437,0.5000532646314181,0.39456995351431384,-0.7240076646281601,-1.6221299342017583,0.8052336221673186,1.2092658171572093,0.48922469748690917,0.1496796930374377,-0.3435179584317418,0.6869606765402688,0.15056702100595154,0.14148438736142735,-2.2716948479831536,2.4136020060074292,-0.6890860481251031,1.0871482443056768,-0.09863656828474834,-1.0623722619766562,0.6313079797522444,-0.016254854307123603,0.11938989695448156,1.26988277126124,0.9633751253124038,-0.7295395376718893,-0.45732878034129076,0.5241230230972517,-0.30876658402052193,0.9279735969870232,-0.5041110648277233,-0.11464106464119864,-1.6267493027551254,-1.2032847221408878,0.2345529099833584,1.7950771464056576,0.001690360787790162,0.056163369510374525,-1.481024548538175,-1.1312999997679158,-0.4174663885559205,0.8177809949003915,-2.193946842085963,-0.5337250293767057,-0.18839235092793005,-0.3118504959889609,-1.476973221774111,-0.4526311993200763,1.329911518292517,0.9640026939908631,-0.577766202222443,-1.201426775367581,2.634545543567446,0.695055816390469,0.3833383483821176,-1.8627879610529117,-1.8280801134008722,0.24153994427168318,1.0944437208183253,0.3636753161755017,-0.35612877353990435,-0.547270471048909,0.6023874749649206,0
-0.7688763484600378,0.3308278392220922,-0.3558804185567599,0.45442906794726146,-0.20064916994048995,1.3541845668159098,0.3635289623162714,-1.508263164860599,0.8917450719380475,0.09384387946881155,-0.45970612699202,-0.930980016242987,-0.7377050904502309,0.20145997056692622,-0.3410068910940861,0.1614708240160611,-1.392593215711041,1.3769464748891374,-1.1501869011585126,-1.9375276613345935,0.014715073767244458,0.9850316032507275,0.14794978557673494,-0.517355557005714,0.2697791715990828,0.4332167440813332,0.6631410809390392,0.5202239050407156,0.9156185882135142,-1.3809230719596262,0.010735944749211785,-1.5280565227905718,1.8283287951749216,1.0025598930237016,1.867553850311401,-0.04243823510662606,-1.3184821720100528,1.3816570039781977,0.17950924606946336,-0.009036881968427259,-0.4808560459223528,-0.6397056830878285,-0.7055420759564742,0.6545533042380369,-0.1864325777263107,-1.4670337622211724,-0.7328393211612961,1.150573362834917,-0.881616602943151,-1.7760562479814006,0.6360788950052705,1.8731183463761047,0.056218626826641784,1.5078713856242703,0.42609941896637343,-0.8591054711915821,-0.07723325004767106,-0.05215295915953308,1.5384402976230243,1.4064182279266841,0.5282238864505684,-0.4471919014523737,-0.843949261340035,-1.8517159094472324,-0.7861844497958769,1.2039428325464059,-0.15287412284242236,-1.3261973059742853,0.28867455122894664,0.029045050016094382,1.2146408666788358,-0.7256636628834752,-0.2389086841545026,0.2439498749568924,0.021423116533848943,1.8423973367972757,-0.44179082471555847,1.0183850301255941,-0.43492570079266935,-0.5447630978505908,1.24544059415537,1.107181965453404,-1.1257078639376419,-0.5186343111372127,-2.0918035481777717,1.7017873979766294,0.17680200362172696,-0.09270722109216617,-0.44048844316783436,0.3045259786016422,-2.048202293888124,0.6820000164386469,-0.7074402888178067,0.23586811317105277,-1.7330313647743336,-0.011214827425457964,-1.4054128444583966,-0.7280984946094067,0.8549686550323119,-1.9883736493830462,0.7936630283244214,1.0265228219894722,-0.595995984176226,-0.1483496456668422,-0.8210951195006048,0.1017283486267293,0.4317515019220661,-1.8078288997982004,-0.5803775457065427,-0.34413593641158774,0.7449039372167702,1.8824769942685664,0.5450611896753649,0.13622027396770206,1.197702172711741,0.021323381130764093,0.315298613109639,0.19302692655402026,1.1152831987497074,-0.7504969459238525,0.8476859900419197,1.3189254194566766,-1.3914375055905766,-2.1218561092976116,0.499078322328028,-0.34421043197637124,-0.14740091073230369,0.29906677310002056,0
-0.5104211410723657,-0.008886665418160326,0.5267797288719975,-0.5132417924999548,0.8443917212700562,0.7857409452898761,1.2132399354788073,0.18057950707730128,1.5639982020918157,-0.4770536501920686,-0.8968512322368721,-0.8558330743430305,-0.05408692652729751,-0.7066394752914523,-1.8627673729125809,-0.6577893705002714,0.025393434114710012,-0.295081936720815,0.4521889338246993,-0.6159454013716044,-1.013182344032879,-0.2819234305258013,-0.9223213293134812,-1.1795192738892473,0.3923654373797002,-0.019780008391195838,0.5903507061526181,0.7673517174660823,-0.10814159577622455,2.042299590193504,-0.9774155685356477,0.6092036140509376,-0.3248369264423269,-0.8818382581345727,-0.674785683338004,0.14727568934825175,-1.7010064174017705,0.7803858840980498,-0.877916703087796,1.6418418137755257,-0.5455502066965767,0.5639101033902438,-0.4894363373242235,-0.023828272847043065,-0.9849768513075169,0.12040467982085397,-0.9799444177607702,-1.838220045164033,-1.13892857658679,1.616168292119743,-0.5355137292013232,-0.5772850818896788,0.38474844515114764,0.5322498862149372,0.19389042276715168,0.20752206201731926,-1.061508768725631,1.1303633928625851,-1.5035907211733284,0.45744771697776127,1.2828339198695928,-0.7746909975872427,-0.34957679455413493,-0.5768936150121408,-1.4359914329969563,0.14120299925560653,0.15337776009887094,0.44431597172871184,-1.8586419278350301,0.9808806551609143,-0.05101854729193535,0.7611960136025979,1.3956912267066424,1.2259280536657156,0.4409767326021448,-0.2937689108219546,-1.0008699729664798,-0.5709411994151551,0.9848708768383203,-0.04273388649141893,0.2533022739345548,0.6659839939889736,0.5216960400983643,-1.5522656575194491,-1.4042360696705547,0.11106931850882673,0.4059736071286787,0.8482305002430478,-0.37712854132596185,-1.2512192961056563,0.3845895424540558,0.01876745000466427,-0.2692867382482186,0.9792161034050788,0.1821670184311105,0.8241893251148916,0.43084533029227634,0.14501284710115658,0.22878769550502714,-0.8563396731156638,1.5228527208574658,1.2193024970131923,-0.8413295286009747,1.859175373814453,-0.04312832348878621,1.998365785567039,0.5662395471703512,-0.3934268351889717,0.31207614275893925,0.5825011674149714,1.2216703367183854,2.003395243305959,-1.684534157377596,-0.3076386100472824,0.3649439320413596,0.05053650226317936,-0.30666671081630203,-0.7866294130580103,0.8931332823679032,-1.310767462579986,0.21931481849150064,-0.41111061281099476,-0.3530300364789109,-1.76068456520453,-1.6173310703713186,-0.7584107727919464,0.1222723115581347,-1.6263033231425117,1
0.06126108696453933,-1.4489666427394117,1.7610218322509108,-0.9191780976871766,-0.9825184011104507,-0.35116945641599,1.6134134238749513,-0.24736018057372094,-0.6147796865937561,-1.7849896251651922,-0.459813995559559,0.6282344916742018,-1.735371527511798,0.5538848471943686,-1.4695938996250397,-0.7663552505723147,-1.029185331331404,0.16874970358067265,0.5614648812091168,0.857369513549076,1.4892091364511253,-2.11489845348043,0.2295673719697492,-1.560556508395506,1.3316116852587994,-0.5838534339767203,-0.8273162905242577,0.09769105342345892,1.1988112148047199,1.0552680676262625,-0.02417120242024561,-0.20080782863080673,-0.7553456987200552,-1.2114632874470137,-0.7585310101629632,-0.4005634965473075,1.2312804306303937,0.8862573864158935,0.17572704578781584,0.9613918949967948,-2.146712451418772,0.5149096189882524,-1.3743449436808417,-1.1951969582442181,-0.5415887434832223,-0.8412191203617115,0.9725517050951646,-1.6577840272092492,0.2625651970103942,-2.0646864480064075,0.0800531436444288,1.1589024484758168,0.09447025411495043,0.23381930891505626,-0.15060907164269371,-0.7030003879677084,-0.4436361608165683,0.47511552300665627,-0.6601969626055822,1.435337256938964,-0.18597817196026206,0.9155241968459508,-1.1068542890122939,0.7714376694249498,1.0130573839984356,-0.6884702366410185,-1.0246063841083075,-0.20505566277246734,1.7304458325343621,1.1160605499560328,0.41376437839968816,1.2336242988055333,0.7324110210957968,-0.6840855957340768,-0.2651150315873985,0.21702821368629927,-1.2072790546608905,0.26116487703391655,0.4039197578325797,0.2288471912575367,0.9452551449010876,-0.6811555554606525,0.4749214096077796,0.7997749693070263,0.044604948690496755,-2.520295087521927,-1.0837647775346042,-0.7198061688753254,1.4951255974387234,1.6492245450933471,0.6847353503521024,0.9779216795988424,1.4338263562181046,0.08698360974707804,-1.0703598255058915,1.370326284491061,0.4126788353412125,1.000116789770014,1.035714729351829,-0.8786707944707451,-2.014892523169515,1.6145708209741712,-0.710155745039331,-1.5291298025093485,-0.4186392777040993,-0.9783930324433804,0.02094862857675865,1.9639362693355764,1.3817302949311634,1.1466250110157608,0.8353637508979241,-0.3982183195704558,1.2620290983850067,0.9211063526892261,0.4232485175363649,0.046512004863937334,0.37137905455469034,0.2913425713853719,-0.17819661774402973,-0.1277543580764347,0.6118704218622419,-0.9619027021009761,1.2876968971769007,-1.0156798867458403,0.21966707933068677,-0.8723313847926094,-0.664370422294184,-1.0642050829679448,0
-0.35671976614727857,-0.14570062104835624,-0.05593267969408386,-1.5253969861312595,-1.3008105941986272,-0.19300183043519475,0.08510091918710178,1.3524726192158065,-0.4356150297553045,2.2576551453883122,-1.9889240041278782,0.48081650087931194,1.4237440482635353,-0.6573507280587731,-0.5666176418231857,1.7846461196848367,0.027018775374125958,0.3904888038386412,2.1838428473127047,-1.369520031089571,0.8643912974770657,-0.012557847667508101,0.7059317774326677,-0.9746389041475767,0.31356445216827666,3.0178410058276777,0.27993733518891895,-0.6509870281393687,0.8854558705523694,1.9405514370629766,1.7827351017187385,-0.6143844435571889,1.094514923606336,-1.4522210301135543,0.11109732565639681,-0.9253486097150082,-1.5823082825959873,0.1855525531350818,0.3120233842490025,0.1260270747051734,-0.7762613894563684,-1.3677482975534923,-1.3882284954722797,0.5793817919087085,1.3321063585736794,-0.9031885436785562,1.0116067807553226,-0.20284861909813395,-1.1744141899801739,-0.7078308824352058,-0.749352616025445,0.8217308605074579,-0.4506025530223631,-0.43741530606829454,-0.3903484870815643,0.6539738190788604,0.4152636667233765,1.7343518418011796,-1.335594732806254,-0.663395949493986,0.28258036406204906,2.570144127542553,-1.610785002461793,1.0872211086543346,0.1578170348665489,0.8433467977349839,-0.33191748145541217,-0.1312301197832611,1.1593846612567773,-0.1281819106533425,2.2757001261701593,0.4595357095594838,-1.709667834396073,0.6816601233838935,1.2376449826799079,0.6156554007958688,1.4778755980273464,1.676355387120424,-0.67513354384449,-1.2972531522659765,0.007246196840329136,0.544206243941869,0.23128056598468047,0.6825748180619694,0.351888735822213,-0.2981326075115447,0.08094315267628088,1.0131577693936893,-0.13956514258457148,-0.12811213142257163,0.055499131540195486,-0.7382376131457757,-0.20840485501932873,0.6750554682096352,0.9549940145577456,-0.10591324300797274,-0.5235942830806083,0.06753403006820978,0.03516116625460596,-0.7438975524582154,1.8216455143643298,2.6378521618249,-1.3981864091748937,-0.4143096156587557,0.28628105359473227,0.049663274151156775,-0.7614731702626435,1.5006806832656299,1.3035016450840369,0.2813258610150854,1.9630917942426303,-1.4059399956934324,0.9907021048013064,0.9485770308797816,-0.8153485512781623,-0.7390698666240689,0.6513106170414297,1.7778445617840464,1.5531158035540529,0.24932892993092237,-1.6821551457244541,0.8336582110163608,0.10058322137416967,0.7233742666480247,-0.4012602673284512,0.21304948560234846,1.0588050775131588,-0.8099830853846927,1
2.525750857634473,-0.10014024712268305,1.588422419235706,0.8979264042128917,0.3201642891922657,0.5530455578918845,0.13688331593322936,1.3745284451418955,-0.847362799940822,0.6910681147054903,0.537518877228564,0.37563894025869526,-0.4284139252596014,1.0302282342936113,0.8691265425737428,-0.08920864400521523,1.1513061701046483,0.21438134371974754,0.3349399161450279,-0.7401224037234959,0.3434198379858009,-0.2851356444973804,-1.6281112184434061,1.0750508487993309,0.008969998032903772,-0.28100696840962874,-1.077166981294914,-0.1164463243005435,0.6827011233240482,1.6625346155159346,-0.22937042961561702,-0.5283416062394813,1.2435978831516155,-0.5306590854158413,0.9151171487573146,0.5302385021731225,-0.04171386502335267,1.0923400086761654,-1.4823768146862604,-0.3357159489406243,-0.404447163382953,0.5036733725570619,1.8794616783086515,-0.6034718071819255,0.14428838884619527,0.25800532719683816,0.08426287722087328,-0.7059865067021186,0.7582479296600428,0.6520304875590958,0.6788998141900916,0.11322423452473954,0.023090502576088183,-0.681234813095747,-1.331073620942576,0.8701899755188639,-0.10880715407840746,0.8155195469999683,0.4218641688274087,-0.8328936929982055,-0.117938110528278,0.04193702013637213,2.485003284824687,-1.4704367012403816,0.11021908801859802,-0.9947554983687474,-0.30318019879505753,-0.04810984025879256,1.208828302978726,-0.6450021303380451,-0.8849326019021257,1.2868845686752748,-0.9615469686964316,-0.2117967214701331,1.4505364196858956,-0.020450380724233837,0.20597540632135197,-2.0590995547998374,0.5787409929298866,0.1313652045090625,0.2836939753340583,-0.3176187214327762,0.39572153777120117,-0.511396315319387,-0.1781198095808526,2.585862705029651,-0.7815376686158149,0.7592907428049055,0.7249415536816073,1.2044118741115704,-2.208691514725352,2.1734614468156117,0.15639645804968497,-1.6739960131212055,-0.33039725301504785,0.7557783533211484,-2.563158827032088,0.4103154683118865,-0.8455092395437499,-1.0590190967612687,-0.3797904903297103,0.5783963666659881,-2.54123518330145,-0.47069650618573655,-3.60983911515851,-0.8615095200324259,-0.4859212265567021,0.32010767675418833,-0.5008909210957413,-0.9937313991943717,-0.3558089254023162,1.6874173824114018,0.9499047309854542,0.29082686159251986,-0.9943524192320753,0.46856845305194766,0.7317684052299236,0.4736856333536876,0.8593336754493017,-2.5202896047933585,0.2857834821569853,-0.23782792146134005,0.42700301913154787,0.54922233433466,0.5096521329978225,-1.1484487640504004,1.301616573010177,-0.4747255871099086,1
-0.42233088913292854,0.45988773486932505,-1.3399301649140294,-1.6503831068838528,0.48421946790512305,-1.233836656107188,1.453743027243385,0.5641931177035704,-0.7264554025904376,0.41707077949529575,-1.2616137794597797,-0.21319830200258522,0.689990090089339,1.902178129595668,-0.3883157057488943,1.032642316348075,0.44148433384494223,2.0219120238926043,-0.29367667562799915,-1.4081000714713077,1.6289004140850591,0.30327912635203697,0.8286008951311952,0.7432860246780114,-0.34722757889188993,-0.3244208299607523,-0.33183818111704516,-0.11339219167347579,0.5469557660533815,0.7206969199217343,1.5143413148826117,-0.7261080015543054,-0.5901253434406153,2.4034030464616785,-0.22472373104403548,-0.7519947696110998,0.0035689464219293807,0.6822440010135675,-1.4680737132331283,-2.4836655027922356,-2.2384101903125035,0.9344000651695644,-0.083059233168633,0.23900123470231455,0.030270459892680745,-0.5247767264512347,-0.09889571118795955,0.0482322105818203,-0.48271458215848695,-0.4401323380179142,-0.4457693937611761,1.5067257037992492,-0.5052964463120888,-0.0773476036844306,0.26034054181240235,0.6110630713440199,1.470484156995769,1.1142593451958474,1.2150275593924222,1.1120170531411357,-1.2521848699074314,-0.9325117854502863,0.9517024960635404,-0.06372263065610716,-0.8803534308003583,-0.69114637475898,0.842053808979704,0.4596056722492341,1.5853806139546576,0.15535509087169053,-0.22584049264660827,-0.18253153619830823,1.5662739396361454,-0.7408263312787998,0.09608578637451802,-0.19128378546868094,1.6933466197557305,-0.7655198003490625,-1.2311048986195277,1.0745958345564455,-1.2685129497100929,-0.5733254858859406,-0.04714110270812005,-1.1230630313136916,0.6839380414771439,0.8847385705686328,-1.340500275049903,0.28617264106003815,0.09350737967084,0.897296461282016,-0.9390295096109312,0.4349716396728149,-0.6453446283838424,-0.19212342120577158,0.09284773137834204,0.1647343390511442,-2.373272487628832,1.156010088015651,-0.7846307003336968,2.394739390726276,0.07480516229991303,-0.5477706539720679,-2.769332051373258,0.0080008702360261,-1.4020283592288967,0.35454544311835123,0.4115545992424791,-1.1968870797869111,2.342575143839441,-0.08223406011943644,-0.4419897482346602,0.5367487944776955,1.720582188359282,-0.35037029678759035,-0.6215184854855337,0.586017292652482,0.10504113041761405,0.02465104498532635,-1.7241902547413226,-0.7519198012316013,0.5498296788371311,1.851754698344305,0.48818382520770903,-0.7397837084876505,0.3233143053058334,2.175153879981945,1.980260586818245,0.39287769601961187,1
-0.23868249119213836,-0.008483103530881799,1.5801679650969442,-0.5910771565196754,-0.4537253787279787,-1.5303149781767877,0.5280881995300472,1.6331005331196238,-1.6797650198753054,0.9531157828551153,-1.520082605465453,0.7093664106126196,0.11331306783735,-0.06340417677981441,-1.0467523100939755,-0.21623170271885528,0.7299978431299172,0.3924890054859474,-0.0002468894578206808,-1.266685012993386,-0.06055016213136891,-0.9298372119828476,0.16521251641310977,0.3161935516265139,-1.0480757450157387,0.5060511231349686,-0.3730580508748831,-0.15015153387179803,1.7099721548214037,0.7663211296433915,-0.5536951441497955,0.038591075698645394,0.3876419418230599,-1.3599085187238944,-0.9181352306573486,1.1441584975636157,2.4835466258397223,-1.066262443020832,0.6521785469330177,-0.8617130621290005,0.8067728004498088,1.4158613190177685,0.861042152840165,-0.7850815954459656,1.3616460002786708,1.837597015326969,-0.5532629978870891,-0.6301816539518384,-0.944632110017356,0.25986934212009677,0.05198842620412834,0.43282180076860405,1.2210063539609335,0.5432657948254391,0.17955954165361826,-0.6826732800641444,0.9606704694050173,-1.4673521257606696,-0.5771255667839319,-0.3549236724180318,-0.3368111152899208,0.7184943309648057,-1.2645722997408255,-0.566761285582605,-0.4561854474352559,-0.5664999828454599,-1.7313148577596307,-0.9216812983171833,2.2078932312687956,-1.3308670339824389,-1.1199292089945274,-1.6913186770695325,-1.0574213841545699,-0.2961283774442203,-0.5406804304892048,-1.1176134394190889,-0.5765246940375315,1.7287272366309507,-0.29203722940189325,-0.5620620399079224,0.002271100726402604,-0.28586308022407886,-0.7370400861906719,0.5916224720135804,0.03041554524695401,1.1369852484485918,0.29886769758513493,0.5965046189040478,0.3193900162980293,-0.6786218592397693,-1.0469504756831582,0.8107085531728588,-0.354043167908294,0.30165354562711716,-0.3291589352129857,-0.4200279716755578,1.9915978966494023,-0.7115560051654221,-1.1179748917727785,0.9863727672938903,0.6226099255370335,0.34577576312774594,-1.5628515190040664,-0.15514798657832846,0.0768168387470931,-0.7897397684848196,-0.1337578507219905,1.32945823118507,-0.6424129331674355,-0.7352175780691396,-0.11930691055223834,1.4178208074486074,-0.4564893145624644,1.1111090463316216,-0.20898236263052292,0.05990216745670531,2.110368079923496,1.2129430750984929,-1.1828869836649352,-0.05307582440875679,0.8292951976328286,-0.14642663526559627,-1.1290878572053746,-0.401453716706304,-0.6511552804464322,0.325676033780987,-0.24723146431765206,-0.4684654459689248,0
1.293504575182843,0.3068375557315126,-0.7116987636587582,0.6564530039814883,-2.125569581674075,-0.4411656074206109,-0.8437037438671668,1.2805659453153357,1.589669608715237,0.4283613905975554,-0.49498277489977255,-0.5085932213476272,-1.1201098445436362,0.10678323603638017,0.47699571041151745,1.2093073545250244,0.17295372556501928,0.0002963024867412499,-0.16660675952141438,1.009705546852311,-0.940109050152354,-1.0085302803565888,0.4229976053137933,-0.07809573363688121,0.9724417005995704,0.774545489800982,1.7250932040467648,-1.6456179884593418,1.2500354687462691,-0.7953948741886343,1.0610883280383623,1.8570774902459801,0.591439539540317,1.1055626426677363,-0.4269712873980673,-1.0396965001685794,-0.3698681411672829,0.5553983862550959,0.07082465631030233,0.8804047731565462,-1.6588553696243278,1.2468477301005667,-1.6223760855884533,0.2737347406484484,-1.8464450260490546,-0.025543556280806134,1.5733439364285489,-0.7457295504398058,1.0812917621786362,-0.5008004047385238,-1.5467247072783348,0.14765419928133006,1.383935808215444,-0.45625687561652056,1.05353008140838,-0.18923619600250954,-0.7134484177253704,-0.17009909675135038,-0.10583718804097188,-3.2545690367460742,0.44615581509005003,0.44212841388468,0.9561906755397943,-1.172166828757284,-1.0153151532905376,0.0833629418443859,-0.7580727656202045,-0.030564151409354694,0.6649203366765094,-0.647575426960478,-1.4982273038902054,0.8794240354464162,1.0284295099207994,0.061503945202514974,-0.07806197470008547,0.5567204100344669,0.24873681940173475,0.278530839526012,-1.0761641971372033,-0.6317771437918124,-0.6650452417160787,0.842302444575186,-1.6764474831773504,-0.6607326139481895,0.4494528928521058,0.28136032203819084,-1.3097277759691486,-0.9149516181719075,0.7042114301666524,0.25984231600129015,-0.3726257432025339,0.8243232698684801,0.12019055748004201,-1.12360145849767,0.5677482119865341,0.19770680074966956,0.5222486476727353,0.19888658244776525,0.5510542979864677,1.0309560079629831,-0.05182026371248686,-0.35683074523531255,1.3437544894087565,0.06272728283136282,-0.2009960973323383,1.0010519112127088,-0.5380147360110561,0.5738895216286394,0.6623537744026071,-1.6013918363750295,0.6056826531308915,1.2039731092698869,0.13141482124352952,0.08698742080356363,1.2580625066300377,-0.6695831922970725,0.6950252983530892,-1.001236387923096,-1.3749022409564935,-0.12864508873578184,1.2524758724256477,-1.5625552198599058,0.30943591577472834,-0.6569489366554768,-0.8425590650496084,1.1053825261395334,-0.7303516099287032,0.42821675085661814,1
0.5180811949234599,-0.55046120409589,-2.1076631997759985,-1.353475601801709,-0.11332828580472813,0.2575302983756287,1.12571365059962,0.3906329743332072,-0.5538721485309416,0.034987908590280746,0.06738441175372073,0.555633124532226,-2.161050803878472,0.808053261682449,-0.29186292000868186,0.7197447724314153,0.5233747108462589,0.34920932452571646,-0.9989488211860371,-0.29080620720422096,-0.4077587654386338,-0.19988689059096013,-2.2582407817582473,0.730941495512458,0.9307209039066803,-0.07728243042177224,1.2309126138495021,-0.3687658677184368,-1.1803984710497013,-1.4931584781248188,0.4765506901569448,0.9483642428516479,-1.3410607110213468,-0.5940582151843724,-1.2573789718938013,-1.1569632804885945,-1.2775201690184712,0.6759503244945153,-1.4074675992167158,0.47322754184530863,1.7022652913138874,-1.2362911331680264,-1.5155239207182774,0.4957491750046071,-1.718217977205062,-1.0257078493539267,0.12499060026411758,2.227928167170755,-1.374545890228922,-1.3686477558494743,-0.33272585355257084,-1.4326934732602392,-0.7253176759864219,-1.2025022206940865,-1.240624815098442,-0.33442128292417134,1.3615950981076679,0.5668097453067116,-1.7104059238158493,1.785720414028508,1.004985190712879,0.5286739035437853,1.104254035546011,-2.0929417192947137,-0.5772099622936979,0.5592440826113612,0.4495409273181575,-0.13225098294082688,-0.2089586747840529,1.6922592374512513,-0.4982908616024473,-0.38117627140293286,-0.16786170502621428,-1.1959176577450943,0.9639021665285148,-1.7669997203592065,-0.23188986249790705,-1.267503650244504,0.05274786880038508,-0.37282667887965915,-0.38597849217579594,-1.1037796376668554,-0.8341178797070394,1.5845259236215066,0.49621296821451155,0.5676722464391151,-0.8616755063875122,-0.16779898809403535,-0.6828344012141535,-0.45697642571219904,-1.957014483511899,0.14964108882364693,0.31775609861766724,0.5842559654075422,-0.40381192916869996,0.31660314890608504,-1.1117468263100998,0.4176553964576236,-0.7802040241480848,0.7648088124816698,-0.79168354539414,0.5790669665296184,0.1122167912949087,-1.1351614384744197,0.4117996622922634,-0.3999512506530185,1.0326534880188434,-0.6765926336606513,-0.21824905450753443,0.0993055293536088,-0.26381324651239946,0.9052253726850022,0.5232686034799464,0.5105118052228677,-0.5305953166005862,-0.18913853657548688,1.0796915241309022,-0.5024834670784818,0.34380636537827886,1.0102179491901877,0.674945347424153,0.8872744729924248,0.11531233871130013,1.1878655478894777,-0.015046123203274647,-1.6005017758155344,-0.3440134060755786,0.5534377075836192,1
0.15440596802958975,-2.0296581361923134,-0.2911842179313551,0.3152231196207427,-0.7188607211798567,-1.9366502037218298,0.07117670844532678,-1.2559322968702602,-0.45489761503350595,-1.0582954801159994,-0.25033384266095243,-0.10499866517545281,2.951780514581175,-0.5326613217419112,-1.2567167791290832,-1.5363131142221451,0.27141609646709824,-0.35576773132674083,1.7127911969906304,1.179254871591929,0.7017588812386519,1.6227819062713527,0.21869602187187967,-1.681579232251549,-1.4174477033636987,-1.0894456715818683,0.15104568661100579,-0.47410938761534616,1.440077942797798,-0.8133688513294955,-0.45650639397814496,-0.4248360677320565,-1.159223084929321,-1.3548916687140131,-1.4181997243909243,-1.4498776160294868,-0.32710953097982304,-0.5235693430798444,-0.65937738746222,0.9706588440810493,0.00190084988640339,1.0209986630652603,0.7224993897389269,0.6985989609955799,1.7691990361300463,-0.3298550057553962,1.9926863984960494,-1.7474477878330457,-0.9663817850756228,1.5576632256516842,0.3002449896985532,1.6216148114633229,-0.46861726863442116,0.9994887510664218,-0.14930695856675155,-0.017595137091272348,0.2084979925027903,-0.5580300707509953,-1.0158697004208288,-0.5315148174154444,-0.023702006644825586,-0.49789108553837624,-0.42066758281425876,-0.2711184391260121,1.744226807843398,-0.7698706188689796,0.6325287486533241,-0.0006137625578663023,-0.14783445916508445,2.112246382500148,-0.3156795355954242,-0.6876486257692821,0.7238320330277801,-0.2338497915989299,-1.3598728279332686,-0.19109392989554763,0.6011743169398419,-1.253943088953486,-0.1953566038762814,0.2808667534753614,-0.5734550437739064,-0.41478412118292635,-0.044693462716516676,-0.8600218235375159,-0.8015847692052612,0.45834847615015617,-0.22265593079963783,0.6640406617192758,-0.1010149483637882,0.9194749403014653,2.848565693053809,1.079296943695132,0.3510292220817918,-0.035325991807153234,-0.3028980355343589,0.2030097156540345,0.809306047572699,0.052689938027888475,-1.11487137126114,-0.9080884858691883,-0.007778002038925459,1.097969777375355,-2.294022336827337,-0.6591962312829155,0.24782809698376032,0.2701451319142645,-0.4501621349706083,0.11931707365919914,0.4845796104735958,0.6351703727249312,0.6334730055318887,0.05257770909662196,-3.6082178073790874,-0.254109978002859,0.6733448197218806,-1.9844546938087957,0.2957095336942703,1.4564415405898068,0.007932303595428878,-1.1738702863443262,-1.5296948197792735,0.07224981016006642,2.216343844999888,0.5892355632260585,0.8193819877272525,0.2486291376483187,0.2848460406519058,-0.08077764522263006,0
-1.4939732583128575,-1.21260851183952,0.8054222163178438,-0.01771700744320028,0.5797184611819198,1.193393806200837,0.08134818894228278,-0.9597173632555099,-2.2184116650452737,-0.3987246141012713,-0.21506140269549265,-0.09523356430910913,-0.4998615630768615,-0.8774598140370973,1.9568109760510695,-0.7175621851590098,0.3389135436500285,0.5089524310224066,-0.7750952932550423,-0.9433715442015524,-0.15947713583138096,0.7180586062144823,-0.083230185652717,1.5872852695475037,-0.6645800583736595,2.8306851741493735,1.1421694601049532,0.12534852080613637,2.444689768918592,0.39196176766820434,-1.0509076486889772,-0.02895316991878109,0.09542875312324157,0.2616090258465733,0.37943070038353965,2.557362979446936,-0.06350025553954368,-0.1297309425479505,0.053562094679380244,-1.1426262243374123,0.7653496956158792,1.2802911063574436,1.2600320105725595,-0.1607948030222693,-0.30868524932263675,0.021925040082588363,0.08305459566007083,-1.009400183005231,1.2045959271760671,-1.2354719662270799,0.31485856639522464,0.4953464024647077,-0.8436272392053122,-0.3285367082859838,-0.9575373527196716,-0.29757607278217957,-0.57681721522904,-0.5393275021320515,2.097641851988195,0.9944773733920842,1.1191580306718858,0.3357211019260242,-0.508658808951949,-0.5519231883106557,0.6686661367934359,0.32171477816947913,-0.47819486191279564,0.40625470298398053,-0.16987689266360365,-1.599540509135492,0.39473034475932994,0.1023773921764087,0.42105424256737306,-0.5588153935248933,1.2813155622172392,-0.8386162237987659,0.2923965305345307,-0.1478553883868416,-0.36940068412247573,0.278048202276918,1.5624775698082063,0.2616089572505343,-0.2651522457903194,2.2781734529575037,-0.27114644883290034,0.6523144484711705,-0.2803520384312952,-0.02851881177881293,0.01791495883128079,-1.0826344821432352,-0.3512781484620397,-0.6942450896675502,-0.39602630562376123,-0.1332507124696891,1.3948153524337399,0.42060703030349567,0.44443002263300463,-0.860641645179018,-0.01853764405590366,1.609087790949538,-0.018644615142729897,-0.19382257210882023,-1.2284138711775963,0.900307417108756,-1.0239590663175635,0.951192088243971,0.3482530728785492,-0.3908001684812736,0.10757943521918255,-1.0755782927861486,-1.1906526001502455,-1.8068534569689403,-1.6408795505244231,0.7375422159281232,-0.7944079334836491,0.0052281089227171505,0.19547528440470083,0.15431385269015788,-0.4360361267356255,0.4717621191427722,-0.17195011604341448,0.6968430748320299,1.2817048752930593,0.20977852279101686,0.719123617217192,-1.075276431296612,1.138651368490907,0.31045259749863063,0
1.788206663278898,-1.2901174599961065,0.9375571242444687,-3.2134475965665854,0.5148033964191656,0.39706793562468323,1.0890703336081993,-1.4678240817768713,1.1768389521797047,1.666368538761483,-0.5468398244548519,-0.9496522595106696,-0.04830722691770002,1.0328535726679922,0.16386139481972342,0.36373767569985166,-1.2199824488286717,0.9981735191745454,-1.1130928665843531,0.22574402781952718,0.9789050924266696,0.5298092177305687,-1.1202459041973927,-0.3350571404334094,-1.151485975410011,1.1236460928635776,0.16241005498348765,0.7056281152606505,-0.44061833291417024,0.1912880196167084,0.873394341474701,0.41905627871499146,-0.15967792494682498,-0.09733739410049681,1.9020279873828714,-1.0738952507738557,0.2991250605107949,1.1262676132543097,-1.1251653922551135,0.39825278975881756,-0.524330169333527,0.33718439011506773,-0.46247745786064914,0.3691423641727007,-0.8350499735639533,-0.8700319117145237,-1.4162576899007815,0.39029339286913334,0.04588088652443829,1.038259417038364,-1.1122331432525172,0.3432345899318501,2.3577263356410754,0.7073358159586626,-1.0600912786108412,0.3919334298303995,-0.03661087390231764,-0.4239341982895869,1.1689895247912458,0.7326794543758917,1.1383956583707542,2.007652792943608,0.016450270863416952,-0.7139770732230641,0.23889713217619168,0.4452558187047116,0.12420073715831592,0.7169014265955411,0.822864489759108,-0.4509521177710708,-0.03586873634973697,-0.30746002939632555,0.540514290568638,0.15043516302055648,0.8252636167115043,0.6103247083502132,-0.0670260777449327,-0.9733970920679613,-1.9956771909805426,-0.2930772173455027,-1.1383417044810418,1.0848783645848388,-0.8203994663173558,-0.33045594463140304,0.16892319775981432,-0.9223052835784087,-0.5123003668675047,0.48447856209624074,1.268418226048569,0.7771489740076913,-1.1783899631786987,-1.487608897771947,-0.6635561897857355,0.40532627651292336,-0.41132365527138615,1.188852940805801,-1.2764470279439648,0.41164959591723194,-0.4850519797811167,0.07848819035518097,1.3388589587807598,-1.1144587358767215,1.4490440538357725,2.1701088971237574,1.8057726028883851,1.0827570592586215,-1.6837342012797005,0.8444024691975565,0.25987600775629877,0.08363610646596718,0.3000226627902042,0.9366039617695967,-0.5397832624790936,0.37308894549327715,0.2560806277163715,-0.10957798031934586,0.5598856068235428,-1.5571585600540143,0.045337500327729194,0.7521796743517091,1.4971857518572134,-1.3397853992375401,0.2253477520175913,0.834329299167275,0.4956565338410864,-1.110090287195681,-1.127773184286127,-1.212173905917753,1
-0.6545878336443135,-1.0234176483343682,-0.6211059376131594,0.1522404343437568,0.3590356165475073,0.9129066518621715,-1.1068534476579377,-1.1915811166563608,0.8727541511128296,1.461243317152517,0.43025342854001386,2.0436908024971494,0.7090002449402445,-0.08554512246678384,-1.0811157762520118,1.2826980774553773,-0.8357697793695992,0.47640611906475644,-0.28334762931382335,1.0710162672439518,-1.202021833046112,0.20669360515726842,0.4021526565897413,-2.433775228100781,-0.6217268315861427,0.14871509578165956,-0.8671764911734703,0.3157972582859278,1.6819933168638865,-0.08052260944357999,-1.2899123498590113,-2.572079178316677,-0.7574559355728077,1.2871612686483116,0.4985704937526369,1.0241532423565871,1.4485424119066135,2.7583777637632094,-0.09713000298931661,1.219239648504572,2.0033851618255283,0.7896451947902845,-0.2031353310643979,-0.6664516414946644,-0.36584255165359564,-0.5511148147212855,-0.6340660050790258,-1.2152900209861435,-0.6824896198080762,0.7866833895823704,-0.2617526967548995,-0.13105104560857264,-0.3448263447612641,-0.5944349309493508,0.13958882229735772,-1.1011323817367316,-1.0455025720816389,1.8860718938191154,-0.3965706823037905,-0.05431312866912581,-1.5182193813641758,-1.69574068367249,0.8927841446955971,0.8800007540860365,-0.2827722420672513,2.3715646559953534,-2.500983305958126,-0.3429954189620799,-0.8993523652380074,0.9445506236695246,1.7106147607359727,0.8801365556987624,1.243157265735339,1.1410891904441594,0.8296910885680987,0.9003043892621568,-0.8959556192562965,-0.4225695038598063,-1.9348045383136967,-0.6561845283064094,-0.3840710094011078,1.3254721692851412,-0.502436603906841,-0.18960661097608697,1.6420647459622946,-2.730219254078053,0.9606781337720727,1.0446529882425484,0.9251327910797561,-0.5312512867133327,0.5539846252894084,-1.5597607843019228,-0.34207066811350245,-0.3887078842126064,-0.7536466161291312,2.4110371524925753,0.7432369695070888,-0.6188482749289481,0.1826651507185909,0.5120159278603738,-0.2290923306025845,1.369947036322128,-1.2622246399147583,0.16676697666761997,1.2541736052355208,0.6681606069119276,0.5385757075627946,-1.1916380492061747,-0.5983470433153386,0.8753593759797003,-0.14956597790666637,-0.16962975390424023,0.11436332419295887,-0.8375309952735627,-0.18934725843068367,-0.8498119908776413,-0.5619730254238452,1.201194296852923,-0.22310413679936575,-1.0652072605759217,0.27409167925113653,0.5012692514861415,0.49129498888207707,0.5771950971940055,0.6433927251543067,1.134298363452912,-1.4101376606081237,0.027739482791571176,0
-0.04054779791108972,0.5351810729568398,-0.4449353361750576,2.303421701513079,-1.3449970165160032,-2.019490582904935,0.5363130818885098,-0.3037956986113577,-0.003391123281472797,-0.05721468013640723,0.5620726723374644,-0.6785399473745063,-0.5060465037423227,-0.5924290881957073,0.7879021526394975,1.6591572957977379,-0.3803593433303589,0.3628713935896689,-0.04119407209430201,1.1282001922470628,1.6118161366039672,0.95536549022308,0.2990334745318543,-1.201053729293341,-1.158050960698521,-0.08417828980909883,0.48909521574016385,-1.3084509212992848,2.1996369522081416,-0.5678621245854742,-0.49074222902781367,-1.011400621190562,-0.5422438690850884,1.6418993701020346,1.3110046710519738,-0.38391270879077577,-1.138733112592989,0.9107706821849451,-0.9036410489412308,1.5563961298645035,-0.9300136294891691,1.1826467753819867,-1.6590662387030242,0.08057491579141754,2.9870485466623227,0.28752418262614393,1.8725444129682105,2.0239090186883657,-0.8836432359070496,0.6675165475387871,-0.022053104951207072,-0.4821288665749305,1.5339878412920291,2.6620468045969496,0.140434614817029,1.6314468573027234,0.08851571788657649,-1.123090134651136,0.23028692835564207,-0.49574036416453776,0.6026818803281787,0.785197944584889,0.34079698689133153,0.7526694722548188,0.8045908819526657,0.13053112030590638,-2.175749476967263,0.15807535449883314,0.061749028498950136,-1.3181876230570813,-0.2573377530443234,-0.4903906870051832,-0.35507121390281365,0.028547392204451325,-0.6164720979240006,-1.3565539202221462,-0.22325950940534314,-0.8972004643085827,0.0568927221923701,-0.002574589023631276,1.1298166850961662,-0.529926037504615,-0.8054663951542715,-0.4806932031598343,-0.9112996669839968,-1.2283896760395814,0.04797180491633268,-0.08447745634545789,-1.9580345347019752,0.37623770397697937,1.2764880944658032,-0.4871582651503157,-0.057681244618001906,-0.5310154120552563,-0.0901741179252825,-1.753347851520248,-1.6081977469582647,0.5703826701413882,-0.5684252212340709,0.26273818637512447,0.24421830899063496,-0.04110691670795216,0.20667579407179953,-1.9176577626874387,0.6253878257490916,-1.028932126702751,-0.43550937490249453,2.762016437695673,0.1362100842776421,-0.1654994367134008,0.6854376032599917,-1.0052283463965714,-0.5233015505743439,0.4258591299024185,1.8469021484962553,-1.4712125069642934,0.09257815653324993,-0.4179038693326057,-0.8470070318691246,0.605407116953398,1.7032849250012247,0.2607041994832125,-1.220319792465967,0.4023011804186012,0.07461709830730845,-0.7019865416089714,0.6889916793204789,0.5682773497655146,0
-0.5624222881043398,-0.916720964527593,-0.46833366456519326,1.2894806479938823,1.0568162399910748,0.8294948446731794,-0.0032945609839854727,-1.1891611885959847,-2.9628698073968587,0.027957405743169333,-0.3310066386306596,-0.8188498736355003,-0.40114232484003604,0.2694623841828392,-0.2663370820311833,0.007968672571789763,-0.7083446736109408,1.099862873985147,-1.2171399101272073,0.5439524291338886,-1.2673025020146147,-0.06574468680361217,-0.6395913400444977,0.08099547288980344,0.1431611739099763,0.3800588598215074,-1.157607754687714,-1.6442069810966689,-1.641200026721877,0.8399268257329974,-0.46489706974571554,0.6779700504613733,0.34808608345967434,-0.16976951122657755,-0.23047106195643793,0.048108154775496535,0.3768969804736307,-1.4011021353051702,-0.09313976973617716,-1.8249546871569646,0.28664185268003184,0.8194380963128914,0.29469935200243447,0.3664039718366864,0.881443397779076,1.110350041666279,-1.1891122131585143,0.2855207396802586,-0.8504545652214481,-0.6005085876028315,0.48031715788089047,-0.060467197547910044,0.5506322138722172,-0.9112908388170995,-0.20567942167917583,0.07242225135077943,-0.8041049722343874,-1.1363897118461788,0.20008198583356482,0.1690493477157384,0.6659436037701586,-1.5213574126139584,0.6629671377356144,-1.5791087608408878,-0.08037240044809106,-0.3143988416778595,1.2030598395586842,0.3819729090478745,0.02403721935898781,-0.5802764074412943,0.9212763381895865,0.19197693010914743,0.45197957005807526,-0.5921071870093773,0.4130816112719505,0.7843870372745508,-0.04222330365366604,0.42455239670613515,1.580537758613769,0.48938145856178683,-0.7685799680806441,1.423428979997493,-0.028391983304134488,-1.2055640395260632,0.567391835863549,-0.7589150022339503,0.01877956886655893,2.201029132858954,0.6091253136608985,0.5726192640362322,0.20430954146600752,-0.20080484020572736,-0.1932839638049826,-1.325057172164542,-0.29324179399765654,-2.233868475196245,-0.18185866760122243,-0.5361562185662971,-0.6912210164585795,-1.0526614135092016,2.9996005281248848,0.5131236454228656,-0.32489360860672023,0.7330938767927587,-1.2041333613556022,0.25070704663456966,-0.23574379966544518,1.285901883493607,-0.9352337552285841,1.117157559041377,0.1703835685047044,0.6236644624200102,1.2432115962908312,0.1148441577794695,-0.5502378836669771,1.1403045421767586,0.8693145369727265,0.9258274671516321,-0.14482432384074906,-0.23441976822669888,0.5267960700592943,0.9321283532394127,0.22946030063583403,0.4230746699012494,0.001189818076684674,0.9492356660048091,1.5235877571964873,-1.2625929901453532,0
0.29338353304998244,-0.9151204387211772,-0.557993936235228,-0.30178728032982466,-1.918828151885366,-0.22657112630257298,-0.1173143805639184,-0.8647410200534331,-0.047016241092929456,-1.1768415120274112,-0.7826606154504054,-0.8105658105312697,0.17203841332239073,2.7151518558408037,0.31299893115454513,0.7356426515681921,0.6740331448176904,1.3699853243289553,-0.986179062951715,-0.9263571202906004,0.22785199168918333,1.3097603561101203,-0.3167845512348083,-0.2010149896140243,0.7097667108212976,1.0556418234482348,1.278907418128847,0.5103754558130638,2.9749963438827223,-0.4988403543973893,-0.764345184150102,-0.7692664434564845,-0.892265028110178,0.1348285251803749,0.5464011212872544,1.207333559452935,-0.05634926602949868,-1.0619210615260288,1.3078782448610666,0.8846470867852239,0.9656680229970539,0.5189147322344537,1.2739013891248503,-1.4678026926987564,0.48628360489439026,0.8771072093220587,0.12815458659763154,-2.569083171969747,-1.3982324316241341,0.017950953014641308,0.38929303598407056,-1.3251625043287507,1.3178947255254028,1.0569568860797747,-1.285484142369275,0.901019851095156,-0.6599908284719704,-0.918797048272217,0.695102559230787,1.1453821364412746,-0.5601732904356364,0.5247998430116299,-1.1704683604072723,-0.3874054020042925,0.4603088068382034,0.03157287561152033,0.4234031279038274,-0.207307029434373,-0.20504330768923917,-0.20062507379729064,0.9342697323753524,-0.5109278015115789,-0.7404202132421293,-0.13846300177947043,-1.2139450855950156,-0.41967654749720723,-1.203425251387496,-0.12339163336989425,-2.4034167369070323,-0.04677142999925394,0.439301617332369,0.7999426552043989,-0.3704840004712077,0.44597001909373973,0.13414418984515764,0.5533860030690306,-1.3436699674237909,-0.06431329078282363,-0.8603444516237571,-1.2887063631125564,-0.6523311233000095,-0.9911535636717603,-1.0033653681603634,0.07672865095970587,-0.3415566223002642,0.8501002246064339,0.6751791677326199,2.0474233628592966,1.0754307937867464,-1.0357739960405596,-1.734713796423565,0.027064428010837003,0.09253356950180089,0.6798312085047784,-0.27809182180852976,0.5747611443712202,-0.6101630212978342,-0.30034033139362887,-0.7136051647397454,-1.1202307524648214,1.1504759752400118,0.4346816942337287,0.04030745360814515,0.0946892769767002,0.15384438294411432,-1.3322885195199548,1.9328521837970662,-0.8448814930730069,0.2261548099512109,-0.7492307734356428,0.49922556047960315,1.1004812395883499,0.042378905975808415,2.024775466745441,-0.17953039791652609,-0.08776376415501604,0.10904188700577899,0.4369223754752576,0
-1.1896539313885657,-1.142029471198968,-0.07471113090305782,0.5872252404357279,-0.13637173790876475,0.13323825442586484,-0.37644275138271477,-0.4967879479343179,-0.3268045959183417,0.19893370064213278,-2.1403324418574194,-0.6317366220544542,-2.9770991438712686,-0.5311217862645153,1.1365879962965009,1.0250160761124907,-0.4784642986033477,0.3256548119880749,-0.9260464743229527,1.903182867536574,-1.3516479359838782,1.8430564550766377,0.3249145092117312,-1.165971749896022,-0.5498727184505781,1.5604892789058982,-0.021801330919602596,-1.5330479364830853,1.3712123417271442,0.8369698710416354,-1.1226989912298786,-1.2317001071832079,-1.8319379496325072,-0.9481572573171337,-0.39798741311891506,-1.1955114999907452,1.0703558455203743,-0.9994087878386386,-0.31370330240199484,-1.6993609625581967,1.7317484365475426,-0.267130276141993,-1.0896935966421253,0.2871387093169861,-0.09325959538309633,0.6422839433576757,-0.5106303390269916,0.6094201237753284,-0.51436056605891,-1.4633857102373071,0.8238936022236186,-1.4793639719867873,-0.977803904046821,-0.07630753649023805,-0.39077122047884116,-0.4075762005186548,1.2244145302532012,-1.1522334651524713,-1.2451806386289708,0.34917185871188605,-0.7679230928201741,1.4318411547573386,-0.5072542712172322,0.340802700927132,-0.2519519570568592,0.9864779566284201,-0.22487613458208816,-0.17350342671172042,-0.48948184731767197,-0.25107254482510577,1.766547681785538,0.8465901092390904,-0.2837960717677865,-0.582888601507681,-1.0011766914370022,0.7270907840718918,1.75121814259424,1.6764893817755584,1.267913795074603,-0.6335864804328609,-0.03686232194631332,-0.0560950362312331,0.8827331766917772,-0.18845205143521465,1.803304875347516,-0.45431263638097996,1.8481168372100802,0.8042879478469336,0.48669449703203826,-1.285678346117311,0.18646450401971923,1.0533824241322605,-0.31393780801945564,0.5767126824727563,-0.2039443245110108,-0.3803678861172817,-0.7065128817980859,-1.1702291259800448,0.32700700354486334,1.9072107884438079,-1.4456275772736091,-0.3215061219879812,-0.45185011660569036,1.9676498670820897,0.17842856264914614,-1.137407990146031,-0.01906670558219817,2.7743020772482594,1.5538594222695181,-1.2557764840088488,1.22538963409167,1.948064653187568,-0.5447874206147904,1.922773618517153,0.33870457864891174,-1.1968922899656622,0.9625342128299487,-0.9163924011058213,-0.12576706877616511,0.10936479404564489,0.2539097250859521,-1.2222286867094987,-0.23768908295640676,-2.2980035480824488,-0.44588307704479846,0.7546896990704676,1.688444375534322,0.6397449234157095,0
0.5845137875013755,0.6421184094899279,0.4858611141166104,0.4609192577081592,0.6962873792093636,1.9412339441124185,0.4211010869304451,-0.14189696456692652,-0.058687069891925465,-2.2231121835715757,-0.6096996228955208,0.7998354903988306,-0.6967506438949783,0.9480068481662798,0.8096729612993931,0.6283040256915257,-0.31303197408723665,-0.34387070905584816,0.46779942937984625,0.05705779939436395,1.0067637182968352,0.6555837686278181,1.520062136680722,-0.8363007603636192,1.068162157679672,0.7923057276851196,0.3040715543657168,0.2379693008621852,-0.013999795924003008,-0.7910481924894138,-0.3025125409855968,-0.9751751779806987,0.07503813080519711,0.9133245864103822,-1.3886328295925277,1.146206601154139,0.7126637241212843,-1.0851389879390374,1.0635691858895322,-0.6482232557065705,-0.9293216378998288,0.2446548180259746,-1.190938326059478,-0.07585932368107448,0.05352420112028854,-0.03775977471621815,-1.878918091223727,-0.046227285520063645,0.7611088276492647,-0.026807988266095175,-0.44967852727008595,0.9153827509170732,-1.504757387536794,0.4673858938580704,-1.0382953880565782,-0.7726795387152059,-0.6278744242093055,-0.5881280957868151,1.316079467553562,0.18149576884452442,1.424736367267578,-0.8924905601565815,0.839389791963659,1.555726561122006,-0.9769401889852319,-0.579092648029079,-1.3415073410165848,-1.3778761007453872,-0.24343117010215626,-0.5721810768950987,-1.0167726329355689,-0.2195781083763283,1.447123684295948,-0.6932873395494604,-1.7094213523349624,-0.07166384346270899,1.772496086434775,-2.092209111313602,1.1276255460419764,0.9062403429104423,-0.18978748628149555,0.12931144516773643,-1.0814952750621032,-0.030339076515285408,-0.38107965112870706,1.0660493998436509,1.7280938168617863,-0.6023069408147479,0.04288697596512372,-0.32393016065831187,0.450060495739793,-0.7030470347592844,-0.5721445507301315,-0.7693265181518668,0.21114590625471363,-0.7658053200377911,0.2453708480461862,-0.7025125065437965,-0.7042385726528728,1.596975396162564,-0.3957663997776658,-0.10757766199431948,-0.7179115989764607,-0.01442998679719003,0.47288593283524855,-1.0192621952050043,0.6275055881237499,-0.5162702559508837,-0.5293764490774697,-0.9535552959579189,1.6383440097930382,0.1726557207866662,1.382051763189973,0.27218138273208164,-1.4211031134565721,0.5906470214285819,-1.8936198681444825,0.8263963364937714,-1.1287998060883646,0.5860765888565501,-0.06766158599825883,-1.8822860175273697,-0.2574469803604174,-0.3527847265628552,-0.3753434061439108,2.042355590837881,1.1775115896701254,-1.53673031886494,1
0.9520121195597033,-0.07814241134866254,0.5687172292194136,-0.512273816878586,-1.7711648395105812,0.018928706637632266,1.0592597620500546,1.6698768674062932,0.8574869197967135,0.03091946743631097,-1.0396872308414984,0.7437049772966766,-2.0378869774874397,0.0334756206468573,-0.11809244598798942,-0.04534193214193702,0.5546366571156945,-0.900042366829764,-0.8781045712507736,-0.26137626244342077,-0.4214052320544739,0.7035805742009094,2.526554137023007,-1.7882516955000343,-0.718647120904983,0.4499606570684197,-0.47007444656781056,-1.508643438617745,0.7953164721538108,-1.1261722178932752,-0.5545288162941733,1.1141216316074685,1.1686768076522718,0.5873501598595771,0.5162203618602009,-1.0840814276924942,0.811572827539809,-0.35583232148443394,-0.007443397536483159,-1.481133811847305,0.22979469250130757,0.5687567485885212,-0.9468948018296042,-0.8764142226417564,0.18717917468017728,0.3777874780444975,-0.766825219485059,0.7207778778097758,0.16214487955255985,-0.7208163691512903,0.020934006871513446,-0.9588904177967178,-0.16025275060625802,-0.6296878820759795,-0.901751198723087,-0.042796950755306574,-0.529480415496884,0.6985804743690875,-0.6999648979552695,-1.6382486603248496,0.5170792926886134,0.1307322507596092,-1.2023522872002579,0.27166078420938355,-0.7144404464226508,0.8297226251030022,-0.6168031338721236,1.0297593734020791,-0.9096450363575211,0.12416893106385772,0.7710556110007136,0.4114595884738973,1.1075379410794166,0.4639622995788854,-0.06957934050166951,0.22676617937612042,-1.920150879707678,2.105296770204919,-0.5121951160183437,-1.6407073351426968,-0.4761162213507897,0.28832087446277327,0.3112903175130257,0.4124598411928958,-0.03253383064743039,-0.34569822573298703,-0.5273755323359699,1.5923297027464163,1.5249576213353249,0.3136129912744784,-1.1378300678775641,-1.1544354803537173,-0.8275804306486241,0.24680034051227412,-0.2488159510382273,-0.2618398233495277,1.0690725291641736,-0.49368262218838366,-0.40923849166669835,0.41939932729253293,-0.8465702449839455,-0.17022294753270503,0.4390874784857585,0.6496527956219484,0.7465741606029789,1.6486730349112053,0.36922025762843863,0.27549207671217807,-1.7562716277297676,-1.0114670673185973,-0.8249125083226301,2.460276009262871,0.8669087039895755,0.4044424492409597,-1.2433007018042157,0.29775328863461104,-1.7428918214116857,-0.9066475189250338,0.0838642233804206,-0.02331149467830364,0.45134554332193216,-0.599983992365718,0.07216877851977374,-0.3594710449449289,-0.9063713745004542,-2.185416702908469,1.7543413907293879,-0.38141219257189524,1
-0.47261976308145326,0.5826631741906625,-0.39293248347099885,-1.0786012574773631,-0.5512114593727616,0.7427502104078337,-1.1351393084120907,-0.5267774938450182,-0.8429035689142911,0.047986443822374276,1.319906074206522,0.8582511567049245,1.4105966877599236,1.6126351512421273,0.12259285365065148,1.5934921804992934,1.3362428497439705,0.2870741776763244,-0.4188221710594764,1.28729637995093,0.9098150359665707,0.772014084987924,0.3276233832689245,-1.122764367818749,0.03236274581944439,0.28761012880813525,0.4288449767439118,-2.255255544316384,0.9021064747771516,2.5208187094051864,-0.0665321262348842,2.2152146429093276,-0.3311355709094656,-0.872565909824608,3.1596733716059435,-0.13506591750216693,1.4216690262890441,-0.8433611765410436,1.4765910919181584,1.1503414752147376,0.23194225167547558,0.01447734735817673,1.1052143785454223,0.1996834678003241,-1.4783570615066823,-0.6817144860674131,0.14033305710915528,0.8691679980828888,-0.25932606677812853,1.0577685171695996,0.4603483532593285,-0.18540636002508393,-0.07451205641384029,-0.7089901894768554,-0.07089782206619198,-0.8185009781176991,-0.4805047452819243,-0.35338053075668485,0.9093451633138041,0.8811762901908343,0.6508366354066102,0.07766924272260335,-0.00998175974855491,-0.10448533493839157,0.4063030026570479,0.6180968873269794,-1.0666844491940328,0.8091116500698767,1.5567789464707231,0.8208769370236688,-0.16309789039639924,0.3103823509733924,0.32696162415531316,-1.306784954835965,-0.15613240330069225,-0.5366659604605417,-0.3946649182605471,-1.0533686602569088,0.6203675005543821,-0.2564937976168171,0.5978092782176524,0.760404251020174,1.488647487651765,0.5074513856574038,0.41428012314024565,0.23550921322958157,-0.47546199516228893,-0.8133341592392441,-0.7093770892986906,2.4412052416982286,-0.017061608413135896,-0.3871660230538123,-0.18801117845468837,-0.7749216765030985,0.11812028716042089,0.26620938279201006,0.1197830471955622,0.09799850802779898,0.9112767958606036,-2.3496503959659356,0.5840330475962048,-0.2532290577009598,0.7739292163894879,1.9771971605766085,1.0020619438537042,0.7827736564163489,-1.2756562429385767,0.5892215998123418,-0.7837655640914961,-1.1403960166527978,1.0423719062559733,-0.08558840544302108,-1.069269015033885,0.933731980695089,0.19866937859666306,-0.26006690668185795,0.19948250245268562,-0.10227419781367549,-1.6748663498591112,1.0141811073208578,0.1600568575857809,-1.0780818262082612,0.7768892281797828,0.8669158373777368,0.08195701805713111,-0.20350056799629426,0.5155101984449452,0.02594729116711595,0
0.06495827019601604,-0.8746292976458707,0.14918757944349847,-0.03290893168491091,-0.9186714786703772,-1.3031367064778157,-1.5135253751829878,-0.9275991335883383,0.6259830802923798,-0.3057053744992629,0.6165978793182291,0.5373795875100326,0.2512746107955043,-1.395136084021356,2.419250010460663,0.07310536848631066,0.5934178792191237,0.7309167540566909,0.6932409752784848,0.18420132695790856,0.5787489271593435,-0.528563009360587,-1.3892791241180715,-1.54903841350182,-0.6300129785060121,-0.12006553228287557,0.6103616121357998,-1.3581840338400357,0.15770341197771817,-0.31433077444232116,2.4620747028834162,-1.5883950365146786,0.6810522899466247,-0.8140204037486505,-0.33394132225834483,0.19291031007313367,-1.2233427435392985,-0.28126107159930813,-0.671045796003581,0.007665763079121908,0.6375120157397307,1.1015203001301914,0.23113034309996544,1.841020451868577,3.1980228962059924,1.2505505436471929,0.9379785505876962,-0.8489738109087682,0.7343369311512311,0.7969142774549395,-2.080415130070481,1.575132112945556,-0.44772392567837127,0.761245778747894,-2.0588325016538067,1.147372880380622,0.9257027548468667,-0.5940161352078498,-0.11073227915521473,1.1564705542809772,0.18050545311565902,-1.2392413116652297,-0.17480406408218366,0.06336351927823253,-0.2583009070403682,1.094002495027516,0.3017820499149014,-0.41400562410350994,-0.31296530936978134,-1.2186783513454895,-0.4067718214859955,0.09612021856763836,1.7370352871359929,0.35169253671987744,0.07526785612266769,0.4012541561760142,-1.1846339460313833,1.0842257101560884,-0.8641012020660682,0.7376619861049062,-0.5634160386059128,1.247463301367806,-1.4368839977456338,0.7812770803527579,-0.3694714052398639,0.21520617529614106,0.8731514665124629,-0.8475444975775045,-0.5056927039371112,-0.4149464353817277,-1.4107948085723796,0.4001883831141008,-1.033874099965605,1.2427191646989801,0.1835870413831879,-0.15093817800301057,1.518868741146751,0.552619393512291,-0.12503189247975505,0.10006372451796973,-0.5137771286763517,-0.45701056890498837,-0.7071579274679392,0.3151089738347654,0.3625892638386925,-1.2152032999016942,0.5378161026339016,0.18861077763657877,-0.3151239574119335,-0.3533622375954178,-0.22136589687422256,1.1682223332640445,0.34120829305417183,-0.4609383443235393,-0.6280702719555946,0.9128856859268286,-0.05694495362316415,-0.8179484909162249,-0.9019378054710924,-0.7520665892880528,0.8621931020100817,0.4003554035047261,-0.5388278224124381,-1.8771281271443598,-1.4124591226320662,-0.6944230321184806,1.2552395713270554,-0.24298220309219837,1
0.6888783829662878,1.2169482764796622,-0.6655149775655956,0.3496317915393741,0.45733883358122274,-0.08770633750595633,-2.1911001261168104,-0.7640541941956742,0.9444764403110654,-0.01977383298712642,1.6971615017875554,-1.8097152414580207,1.609203024699569,-0.8300731540565117,0.9959856075614896,-1.4621041625060045,-0.12075527017189479,0.4345980925742269,-0.20936510245601078,1.4635949328308298,0.829721877477912,-0.260863407522316,-0.44145080483766436,-0.2752856256778787,1.1215325713073263,0.30275054982927735,-0.8109415498311261,-0.5142058227184073,1.2858422139942314,-1.1712620418946698,0.28640176294858233,0.2706825246197637,0.6538330298551885,-0.8847123607733165,-0.14531364100431296,-0.24991400250111914,-1.2466978465353098,0.23587972304125052,0.8221952094796149,0.7674108136050863,0.5275733274276505,0.25939596017175026,2.1291197210386685,-2.390412206654192,-0.17271565313967785,0.12257463641996552,-0.6705276029161277,-2.087716952853014,0.6529460341211455,-1.5370152852887167,1.261118158329004,-1.3229686592998646,-0.1895294347500726,0.05783908410435789,-1.5585705925127493,0.1275889119940866,1.4468023058109076,0.25948210154432433,0.08504146996008484,2.693046696333367,0.2774532281818375,-1.3745936481740177,-0.7941262644227871,-0.22222910688082106,0.19200387855944914,-0.5681520705578553,0.6743588452441514,-0.37864797865734223,1.2178583514070185,-0.7778201337253424,-0.49536228982886393,-0.6098778140499954,-0.6054647625777799,-1.3441955872068723,-0.0872896386934944,0.6459301683897706,0.275590671834717,0.8256920657732816,0.957934349078415,-0.6216337064459313,1.2987023399642286,-0.33717149248186007,-0.9459579956988667,0.27607928019279254,-0.743560004464538,-0.41594702907306325,0.08647912199755628,-0.7261947126812198,-0.383747421904295,0.5182708874092085,0.6938680285980653,0.38551101356631345,0.08421580115856149,-1.6430482589908608,-0.2644387489580184,-1.4257886436985219,-1.0949187424730964,0.13297916731809947,-1.5237417122314147,0.4721103137772326,-0.37826026676546465,2.4868010085639707,0.7297715788180408,-0.9664318703584244,0.38651939966888105,0.8774475129796228,-0.5893857527008065,-0.26679361573163773,0.8627570344059365,-2.241475673949997,-0.6136871420066254,0.1856208042712779,-1.6355715840300402,0.06521681373910569,0.9724659858978405,-0.8452312755851376,-0.14406812856612397,0.763780979428669,-0.8037321869467973,-1.2999506921384953,-0.8826668360989404,2.1888239064308324,0.4990723480942906,-2.274857286719161,0.14248814432016524,0.20073027787689302,0.5598908107755501,-0.020194731715628047,0
0.7852113790645773,0.9243554662402443,-0.1783413961178153,1.9442448705486983,1.3639064625599164,-2.2552278657346143,2.5899946376679237,0.6523092626159551,-0.8090228886891323,0.9499813779265229,1.1263604827671847,-1.499383530138146,-0.30262572785184555,1.0685800645244259,-1.058803461092989,-0.42371489256407713,-0.4548721635001742,-0.756890766980567,0.10071378908987026,1.5233401735766101,2.112111778061193,-0.7450768684504159,-0.4386550883182368,-1.1050029672988593,-1.8375009488665008,0.7325242355717254,0.05041779204267065,-0.6826028387137552,0.3165383421774389,0.05730711924623756,2.079850635996304,-0.3755079321625019,-0.29180636746995914,0.038398709983378465,0.45136799522838483,0.3339664536442676,-0.22563337514980364,-0.35997768668870467,0.23729510207801768,-0.6698840023471422,-0.5163113199886199,0.15429199994779877,-1.0512958703811952,1.2778887549783233,-1.0755570103533605,-0.8988708094310104,1.0880914642248125,0.430433553567061,-1.6561769469035723,-0.24674210065487984,-0.06385290993950134,0.17768972904087618,-0.3087418891621821,-0.6881719422906682,0.22789368919310524,0.5547940226063828,0.551916620086882,-0.19043757230865613,0.6307758044402861,0.5645149843170889,-0.6670959487497443,-1.8899286764953405,0.5799916241041888,-0.053716930958172676,-1.9175255816648165,2.630201064276601,-0.19379219143821452,1.3065149886695535,1.3899495786833287,-0.6899748174230319,0.16617525223356916,-0.2311760062741982,0.44204967311406973,-0.7596938324414139,0.20409106234592203,1.7183015357957383,-0.8966469225390856,-0.21916427202253605,-0.49479755000916326,0.4030963964574825,-1.449498025228991,1.6951784059012085,0.47131216227898504,-0.13590471440006627,-0.16093639628458242,1.622691672315709,-0.1841795670364922,-0.5956957890538703,0.4595660480160344,-1.7867173264751977,-0.6239299485463083,-0.04646286003903064,0.03161612243898951,-1.5904197815154597,0.6395406624104731,-0.23373954827536872,-0.7842475931998208,1.2561667466115851,1.0828823176310318,1.9554357868177574,0.840017786897792,0.9007478726603732,-0.8551566763318703,1.2153422527391933,-1.5165327828286623,-0.029726472911687087,-1.9310323199372836,-0.9368633662111685,0.8930405272310424,0.969148149934838,1.7625574764771377,0.8248929696574576,2.033125944767951,0.3434417776274104,-0.804892407032206,2.0874628045594084,0.0694356150491754,-0.18467812557213995,-1.0564402946076399,0.6250286044257564,0.9224280437746124,-0.5721538611646638,0.08033563354202718,-1.8056128960571718,-1.7005272928840482,0.806728054072557,-0.11461170778521859,-0.25401438419579353,1
0.3630539284458481,-0.685739192202717,-0.6553181846702989,-1.8520710358052594,2.6438073890816174,-0.5508145259654408,-1.4354697340014066,0.8548774682174481,-0.3476803833337507,2.4860003190675486,0.48841022412531837,-0.4171557559132765,0.6709106185333633,0.029973221673389353,0.3059198075265429,1.371148139266085,-1.3026337332929345,0.62719320982692,1.2092970771512088,0.20351087050136568,1.0292318685299642,-1.7978819706748526,1.9320364320491137,0.25579611822161863,-0.586084081435096,-0.15853355786090997,-0.6024346013965967,0.3871175371887386,1.6402346357384718,-0.900616545410091,1.3503306423129102,-0.6346713133368501,0.3469296492177172,1.3396029632056845,-0.35925005826694234,0.6222413709564658,-0.16905631374984162,-0.15040314376297373,-0.06846770894294445,1.0886537412829174,-0.6101282236176708,0.09017547100750786,-0.3666453208073647,-0.5496768681449562,2.10125993226069,-0.11404446077922645,-1.3110307491648272,2.307091979015687,-0.7012722233542841,-0.13643723997536852,-1.0558439204908245,0.8528635780344815,-0.0604232906470058,2.276429734311436,-0.28059025403464954,1.3123799332843002,-0.7712178991326755,-0.10073490448605843,0.8274093840518472,2.0687038967332345,0.686790361039852,0.6052261536852461,-1.7935076706162025,0.6593846247930146,-2.057179188736103,0.31539451784348954,-0.45786071909640946,-2.3405855130862863,-0.006636526286187433,-0.20292217300808169,1.3590010930210246,0.3511100655414136,1.3510118296263334,0.7835678653977404,-0.5348926067721925,0.3308818374446592,0.8525053859277498,-0.008369396825124015,0.5993065790903005,0.5545169396870008,0.9387812224852391,-0.11434640221918625,0.6856007058062925,2.3583269316871984,-0.3480927803322751,0.6061362396265643,-0.48774035482646017,0.22893892520951015,-0.9710006025998731,-0.3231166474263414,-0.16618815668411113,0.8436469913538002,-1.197534482809858,-1.1629448852327346,0.1383134972126368,0.7617213893563729,1.1849922809844393,-0.25439519924874504,-0.4578131890672052,0.23187498843939225,-0.3855725476977909,-0.28986801476415486,-1.0348626569967294,0.8723826897927813,-0.4871707719804746,0.09402588902203664,-1.4336306999306088,-0.6073781719900085,-1.5952592284170524,1.0475904587129141,-0.1805135376908413,0.035267648922172566,-0.44740347039228906,0.0835267484896268,-0.2769065600076809,-0.5059754319338765,0.12267091112784213,-0.9894038261947674,0.878917579581208,-0.28007294396326415,1.8296159812794732,1.3394655056968703,1.8370692190732445,-0.5297889322323667,0.6513969026341888,-0.12190041547572276,0.22918573317277846,0.6701300656263364,1
-0.22292527268196435,0.08728770538005184,-1.1575665421970585,1.2396899324003559,0.45575238443327487,0.5250653237319199,-0.9209822243708844,0.615312213516985,0.5222707737969765,1.0248669825614023,1.4137778921098116,-1.2317722534271773,-1.3428924543593415,-1.6877017709401216,-0.15079618896320335,-2.7270752061319397,-1.0384954247430176,-0.29250805247080536,0.13906631602187902,1.0302736749563994,-0.7614867907188005,-1.3161827104109778,0.07091097218620916,0.9871908032407978,-0.2996233620104929,1.3823681440714535,0.38937871700349874,-2.1357903427979905,-1.1048005555855152,-0.3215629836139753,0.7019123311517625,1.199724897577783,0.7398816526758526,0.3867861115687237,-0.0659712809006811,0.5365392744200738,-0.17004461592515746,0.2707060152215246,-1.0805976327397262,1.0602284571513663,0.7570835691814646,-1.8103684964412654,0.18106280024511534,1.1781646435966464,0.16424812656152207,0.6850867148742559,1.588570289511052,-0.8486991328099924,0.039929869669165,-0.2687325276040991,0.13191374153594637,0.3393143252453598,0.20990511607290263,-0.6061856663323592,0.9500712511391358,0.1706892883505233,-1.6167554913967603,-0.35959667514047633,1.7416655211152736,-0.08083218312515433,0.038351251022324534,-0.2297314239599826,0.0770788944144608,-0.017764667983351707,-0.49895829337342074,0.753851915374859,0.671200877074954,1.1158279958007011,-1.5568073706163772,0.7529895693104288,-0.09841924910992378,0.15225120903793488,-1.7575826676882764,0.906619948572428,1.49894082528192,1.417097836899705,2.3556236555078525,1.923588348691314,-0.29476585065895167,0.3946188880894153,0.5159300471991956,-1.2881923605021737,-0.5395056490486784,-0.1744306458674123,-1.1981310672765404,-0.09885821407726525,-0.39096397585505843,1.4606263440840048,-1.7828637158244982,0.09054994934978326,0.9492329083220655,-1.6796693487393426,-1.6697477320590084,-0.294735244414678,-0.5819986018834197,-0.13154290956322887,1.2808481070822955,0.0849292978484149,-0.26069340602458796,-0.6943048571877318,-0.12134425166464369,0.3367965742176343,0.4688834132711683,-1.381385737696928,0.4689163577231267,2.949831211561608,-0.8688294346253739,-0.40550654605863873,1.6504177928562005,2.3860130944447224,-0.8985334777520135,-0.5021853489414583,-1.5112731721462973,0.5173833783674839,0.09460798208234641,1.0792754313360904,1.338144547706954,-0.4630580229199036,0.7076994309533877,-0.8235394757603168,-1.1143688299647123,-0.23406026886670533,-1.6045269344704882,-0.23420278430569305,-0.6750564805868876,0.010949562859128084,-0.45772429667835335,-1.5214476501763936,0
-0.9327871812552383,-2.1098339989739268,0.2264818970401545,0.14402319474190126,1.8119562378029388,1.5380108261675287,-0.333542626735658,-0.6149569899222226,-0.29416901783669924,0.02523011661512757,-0.14075260501551282,-0.2610603386962381,0.2673070838131851,0.40963718192499304,-0.646898470829819,-0.15588358954781553,-0.08053826769548415,-0.7821723731948026,-1.538907815562375,-1.2070026504703966,1.9475447115784292,-0.9321751308449452,-1.8049985332738578,0.41603766794813496,-1.0097381201901288,-0.9109347352619244,-1.148143240038352,-0.14987689999525075,-1.2651182259312441,-1.101598896693662,0.22396512271333904,0.12424838366302203,-1.0532814003040454,1.1389357239433715,0.44423099445809466,-0.4011962753593952,0.7802131363562033,0.09922897805737556,1.2588475045637253,1.0239714326296294,-0.0038240851379937025,-0.5497365505086842,-3.2119522959327282,-2.0958043382231586,-0.9656586214363678,0.0579700399872756,0.15867012168706526,-0.20812542438087744,-0.663287898893969,1.658255443650283,-0.4842185118381225,-0.5353437246632289,0.1509812582532118,0.7100506032489835,-0.8732151013213075,-0.35662067876741593,-1.6043016691226157,0.9170041107313177,0.6491314308151327,0.8812840063532159,1.3064689733083537,-0.447728945464999,-1.2144178683336178,-0.14444724827395244,1.583291021841673,0.28014863131808126,-0.6321002015565662,0.6906913533154144,0.9601788020455385,1.5131088478143568,0.1614769890097148,0.48807926677595653,-0.3350194244380088,0.8986248529678341,-0.15010152568394503,-1.320536213599927,-1.3994140765078862,-1.342818560081777,-0.23541696812042323,-2.6701778162588274,0.45873377567766294,2.2657875768882634,-1.3143334025648887,0.6100126144270124,0.7152433516519435,0.9115997739261639,-0.16147632977904558,0.8143400323923898,-0.32306615299065145,0.3833989517528795,0.28269898530035686,0.7131055734414773,-0.3985263356246549,0.26825752467747943,0.5850639373602387,-0.12033950935719033,0.7530647065531991,1.6417140405772415,0.20438486112833298,1.1567755253450878,0.3393984745316909,2.2534970169067403,0.8688881190601149,0.2520521210203122,1.5150293080228354,2.179022661914228,-1.0538100993440156,-0.8089391807726228,-1.5020840867645466,-0.8248857040949031,-0.6808375230440535,-0.10320227331173189,-1.7930626644906706,2.1752711992292246,-0.08434231160184756,1.8697984065953206,0.8524319520524302,0.8728495390378758,-1.8947786941489841,0.2529511238595334,0.18482066181021853,0.04091297170023505,0.005070336218725396,0.13714223624228122,-3.0222859361835175,-0.22891181911963637,-0.9862897175186587,-1.9062475111576205,0
-0.04921633432621141,-0.964908065417266,-0.5737550522689877,1.3536274447970476,-0.35213373910293494,0.7568580677711872,0.19391624523048548,0.8681140320775301,1.7260712848481754,0.42984222161668284,0.011130065724156042,1.7439306074358152,-0.4872113798421397,-0.0037279825043471998,-0.0803885877305178,-0.250330868001589,-1.2030377250586535,0.37218503624205246,-0.9929411588800784,0.81489554504456,-1.7797527995262015,-0.17003770830249992,0.11093997186030365,-0.07193039974537344,-0.37626971295207334,0.31946836049141286,-0.23155683990076023,-0.49687156164714086,1.8008084701329155,-0.3561914741036172,0.9775625751038186,-1.4980018400649184,-0.8128192943335725,0.41700392824441207,0.8775271511586106,-0.5426617160515927,-0.20597544463515396,1.4294750652375683,1.4770816737899355,2.464475132224311,1.6479469795867618,0.7920624734570333,0.5128824960163733,0.0387987126851164,0.3772473961265605,-2.3163069231644537,-0.9425993892372388,-0.31196093917774703,-1.1570181508765895,0.4106079791620983,0.8341487863351276,-1.1582308460312762,0.8792274718783017,-1.3759665868959507,0.42112465587368275,-0.4893121506248253,-0.2256788812901531,0.5393783983463927,-0.015302337491564543,-0.05653841618913042,0.3534928173019209,-0.5390187327857656,-0.2859867392620321,-0.1304546944010585,0.4187519299834937,-0.29097738627491054,-0.48570625430745445,1.7748177870651871,0.8128604441811276,-2.4224363271828815,-0.892781725195221,-1.1804778658080646,-0.6731580206439299,1.3474313190130895,0.22828894520688933,-3.116472964849234,1.2457956851243548,1.6431149502651854,-1.5704555499331267,2.0259390615598734,-0.1769912907783555,0.08615220161598644,0.2253460303159237,-0.36525544618644146,-0.534366660727352,-0.35944498028890687,-0.4495766306298853,-0.6055324680298784,-0.5043988245491959,0.7161065827975588,0.11117735745865574,1.5848208068430967,0.7030256074141454,0.8034618017327947,1.6730018172006051,0.8794915633798343,-0.5071082250109301,0.6238080254052482,0.7221784039156092,-0.5925153511564925,-0.7143202883128834,1.0777695637448887,-0.8529187487407914,0.2261607856110753,-0.6080514657203513,0.17917017891492698,-0.15258702874087476,-0.28593089749326894,0.640395774401659,1.3845672380221778,0.8912365797944569,-0.11050955048122114,-0.7916788293835986,1.449013541441215,0.5659565917638439,0.8678167536642147,0.7015354752975399,-0.8739991706807774,-1.2555110671245424,0.1742570659482083,1.382434124417317,0.19161973976584804,0.3797264362589005,-1.520115787606801,0.825018960979086,-1.2195227205593173,-0.6854702734445923,-1.2083296784418704,0
1.1964304715020548,-0.6567112899152823,0.009338236226028043,0.6196573553948908,-0.956277962073348,0.0185199745556347,-0.8662598627303502,-1.43063772692131,-0.40065993651809806,0.009081578035241058,1.0587470750108317,0.9454215980473447,-1.1493467188498565,-0.7725873375499898,-0.8031133557298041,-1.4336356868735436,0.8523784359985884,1.5701764510704135,-1.0292562006087043,0.6703479303185954,0.42755670008666075,-0.03289557533794312,0.10941285000098686,0.5265345743469257,-0.6504922658186417,1.922199684815405,-1.9161198510173183,0.4962304405143863,1.6363228764048072,1.0523698816689562,-0.4337477136481024,0.07945446001081119,-0.2994397715783636,0.5102923429256129,-0.7041443664183722,-0.5082546589931828,-2.0038109794956966,-0.8041074927889047,-1.3372953474280749,-0.38837590903345354,-0.3225541868057811,0.87271138317373,1.9264303803371563,0.3095256023582011,-1.5309966000172581,-1.180307990380913,0.6982370938572697,-0.1786384211256615,0.4880394239621392,0.34486224222126965,-0.7872564093808927,2.1136332412197554,-0.9113463447928,-1.7638249701329445,-0.11179132966319573,-0.6582936376566946,-0.923039293942375,0.26611478779386666,0.8913115213466309,1.2859987300579625,-2.33598975139457,-0.5295029483066968,1.1633738237841234,1.9578749749668853,1.210147679825845,0.48727692352664526,-1.6592499790728061,1.683215841881634,-1.4760890967906641,-0.5043358421265093,-1.0832932398336053,-0.8758432386334052,-0.9375547132051761,-0.24036733260876866,-0.03063031793746128,0.5146891022951136,-1.8245627094936052,0.8329044674261824,0.5752368321080293,-0.8983122247803658,-1.6655387734429015,0.5260465760475128,0.4602290950230505,-0.48471511005941054,0.6303650570246061,-1.9671885046950757,-0.6210287711376874,0.7143188038451453,0.1615565987351655,-0.2675925313991319,-0.6438589275547999,0.11248689198257888,1.055203614082929,0.03492627170547133,1.2278851126635368,-1.213221194809482,0.8271248459942588,-1.2119116513408195,0.15334542129644382,0.5897944164232409,-2.0072007369710723,0.7846518373175729,-0.7527026816426863,0.626262151982215,0.5489590767704503,-0.49123889900408907,-1.145687186959053,-0.9257897966936982,1.4300122486675817,-0.06718053161119905,-0.7754736372970477,2.1529481958932233,0.834064386362198,0.8263528027185084,-0.08280294319431718,-0.8358353752500232,-0.181945919386781,2.14223712813155,-0.16397513173924735,-0.5861105960245367,0.2958385204652546,0.0574925296237645,-1.3429404559738165,-0.7614157441548178,1.0970500046789875,1.41544140008551,-0.28368188807042566,-0.8379288484702136,1
0.14560075749591436,0.6976065926205977,0.9458732244939442,-0.31462872477599085,-3.4034212848191148,1.0021983218179797,1.4567503173776506,1.9715111046603182,-1.2389862629644353,-0.5492190707859192,0.20958434255326716,-0.6097985722980921,1.4468501206268891,0.24513327946800725,-0.7165000885224122,-0.10929752650097922,0.4776844566822533,-1.6365365120586008,-0.478443090548772,-0.714682896612962,0.8958165181366711,1.9752793677760518,-1.1344014620279377,1.0109961471158975,1.571713915148291,-1.9291116322653952,-1.392325316104599,-0.08941406087722484,0.17699257185981612,-0.7839472431332571,-1.5974600002529542,-0.3737858956716157,-1.1013406726409631,-0.7490260357349969,-0.8326989770549013,0.47458600719458766,-0.1659647656586132,-0.5407064975392112,0.542192707228734,0.03709667448090218,0.12765850612788285,-0.76541146105794,2.704239538391984,-0.7582630999383189,-0.8704385399424629,0.845198144356478,-0.7144154537767429,0.2726958240422201,0.9221277598428336,-0.5725952050053732,1.664375439362164,-0.7433363832697886,0.9330741836238678,-0.6948808908923672,1.1082217693699024,-0.45854618510373,1.030192040087313,2.222363797157983,-0.22746171492319667,0.6220198713973705,-1.3581073344267263,-1.244319779374864,0.5770105098194035,0.6081570196980781,0.8191352652252283,-1.2014345876383896,-0.2087464056027793,-1.1896885213341488,2.204205835766791,0.04876337807400154,-2.0326528003589126,-0.3419941596017822,1.7543241784881605,0.2596757646318437,0.7725959985035143,0.13847792540068218,0.5537381709011152,2.5510604343714274,-2.301852741600711,0.4602748288449929,-0.6307302289905758,1.2231220869763426,0.32986542288536735,-0.45037503338182516,-1.2960032404289137,0.4134630528816566,0.1269926268847154,1.9650510093586235,-0.1694911567769495,0.011134056828242441,0.479231720156685,-1.5685616570344456,-0.05964074545527888,1.54790802619423,-1.0483628528746005,-0.24075536586951146,0.2668797094519136,-0.7154622506476098,0.045828009629818575,0.06686300877504688,-0.5165018170748752,-0.041267135688735815,-0.3010622951814697,1.6159110033781006,0.5511924871953069,-0.7654091909870128,3.1049097453938983,0.25695952134621236,-1.4491377721415741,0.19668839203448946,-2.1202258686511266,-0.16602760419842974,-0.456690454874287,0.007974933072746186,0.2478756356581709,0.4211156238121511,-0.4969395710293738,-1.3963442961498505,0.9816933065035993,1.14282881459589,0.6919913782421631,0.8350310105256658,0.12345696671184614,1.212817929123287,-1.0466433156872685,-1.737780365427678,-1.128667794831729,-0.6978188935651232,0
0.10620444981222209,-0.48377625511406774,0.23402179580457474,0.5669396844283,-0.5542456071744426,0.07527500262546956,-0.7314090481713263,-0.6243002617502256,-0.7331988986673674,0.05057776651333928,1.397838157117696,1.321626538753405,-0.1408590731798928,1.3651807518057752,0.6525790988257999,-0.681543466899991,-1.4556717759051463,-1.7385966360389995,-0.12396454507110465,0.05861066663771776,0.07259110439075568,-0.6891824445685663,1.4667869842120436,0.09013424421258599,1.05764152675079,0.2430261673740004,-0.7684999527438634,1.1152752215326658,1.0438692556580158,0.02893165363204681,-0.36018655564442464,-0.593440129191277,0.5988547916837446,-2.7447561974847487,0.5360737268443813,-1.4383747044546666,-0.19109029894109672,1.6426828088808685,0.684073992773097,0.47146676481355065,-0.023930915190269277,0.9243572790205082,-0.16811848790376052,0.22241196054925136,0.25342993702379035,1.241852171561397,0.23416796008612592,0.7834741209652856,-1.9830462630239183,-1.5076513872997053,0.6371787109276427,0.17259643211908168,1.6330970704727739,-0.615195428273613,-0.35089124576995484,-0.1817575935651464,1.3031227898287208,-0.1696391767153191,0.07787067888868178,-0.6526867849293343,0.5604725094280755,1.6891563328995385,0.7464324942213717,0.23893070070201428,-0.2093671815563082,0.9626815422090245,-0.09259114730149612,-1.4351022803441476,1.034320404320444,0.12548872133420266,-0.7889467797841193,-1.969980382936466,-1.2735905368703557,0.9064825819497223,-0.6049902326310187,0.6866162455707597,0.6320864477579484,-0.7258355987451502,-0.031653990303945466,-0.37962332167668245,1.0472844946771662,0.5273533530156018,-0.3485114349378772,-0.7442185395651496,-1.151950801111376,0.34895350252125695,-0.05149361763865595,0.20726088549302046,0.29153879872273053,1.8471214757851409,-0.1849795955517824,1.0103711389713272,0.4449476936342264,-0.3595157018205609,0.5532913580379636,-0.4550796490456945,-1.306424475603116,1.821307787596863,-0.21613194078387302,-0.9846600924180127,0.07766309522023129,-0.5581088753176063,-1.1199021490190688,0.8658713336576271,0.5084494188123577,0.7440721628249874,-0.29789579759938484,-0.3976419233805064,-1.016844218122124,0.11865733181447015,-0.029924258473760415,-0.7629666323999484,-0.5693487391665681,0.09833938898901791,-0.5584848814930915,-1.6832140707045673,0.4330736407480889,1.2840403708129844,-1.1358033100642113,1.73366699109754,1.1970539207761672,-1.0566294182985665,1.4586335844487788,-0.4234608077137738,0.2436635308795149,-0.5737550289206524,-0.21885471636863313,-0.0800056748153385,0
-2.5945285497964963,-0.11523290530519686,-0.4250802127807098,1.1822856075836858,0.5695215058405068,-1.531704763092612,-0.6909339047039007,0.8103418175960359,1.4994125446903732,1.3278327053163257,0.9969400653073607,-0.5848591760104409,1.2880475790504713,0.8289996371422972,-0.9172579156077239,0.1584318477295479,0.9411990756247884,1.0740478758542846,-0.8733287234914551,-1.5551902260540287,0.7696774147131263,1.3787083885792388,0.7299423511017917,-0.3792058607597222,0.296205190266291,1.2237734944962315,0.43342877224303267,0.6718322220323962,0.3538621941699731,-1.2272720357539808,-0.04025388346532067,0.10348543168386584,-0.49413000105033555,0.258333430003527,0.1701804502825997,0.38576940386434394,0.4981569988050826,0.14990133928189708,-1.0062499837938108,0.43184306463599226,-1.2895383887279435,-0.6290300755601529,-0.474385476343643,-0.08932318748740824,-1.800278169739539,1.3555871872902558,-0.184224213922281,1.8737226453102165,-0.7590289002544474,-2.2387126395636523,-0.9714448592658458,-0.9822413434757233,-0.0399194532038404,-1.0236996428511358,-0.15928995547562716,-0.1379735894909715,0.010998559328662881,0.43786597141726824,-1.050282232680728,0.1262415352711996,-1.3491801097696605,-0.5120753874332286,-0.24984664836374854,-0.8252916416572385,-1.1426967360448288,0.36045195603567703,1.0816022028018264,0.09183684902945059,-1.0544519790432256,-0.5851659207461314,0.2681321893278205,-1.3188621398569131,0.12656834841516984,-1.3282992614303062,-0.2821695369216362,-0.9782865460299393,-0.503372664397698,-0.7663139135649614,0.5507558941812898,-1.7104309673883231,-0.230888809305424,0.10280500123462381,-1.0600318113154685,-0.28247827030788725,0.4899477633683826,0.9315764354743555,1.0415935130959035,-0.6267071209042598,-0.0757042363299646,1.3279321318543644,-0.2135941675528753,0.5367722803640084,-0.7966121247558637,-0.5042751187363149,-0.3561272961601492,-0.6056391109867557,0.5967302270191275,0.9070609978665981,-1.701391455238639,0.12356340326298274,2.4542155985692773,-0.35182457776782233,0.6566570279356855,-0.8786102889453681,1.3818311930322753,-1.1286240687859699,1.632488504046078,0.15559315844450625,1.0371464556117924,0.7458696021504856,-1.257674273366833,-1.133249457202538,0.9606549290284127,0.6750876665974154,0.19583779427800063,0.1764843701097272,-1.5299149860906842,-0.8279095661408362,0.6022502298131063,-0.520402271974995,-0.7087758863985744,0.9842347225273909,-1.6476578191332303,0.8724417583759517,0.8446081547964225,1.8529617161077623,1.0936495938574533,1.77721103667454,0
-0.05700713792314806,-1.5530928892091869,0.36312326958740093,-0.11329875035269038,1.7876694924697045,0.39346047865852973,-0.8179405022399056,-1.0974266635420538,-0.1583296275434489,-0.6276557613387269,-1.3092634394508746,-0.49278852752835106,0.6707115774739405,1.236481049713056,-0.908959409510585,1.170051760323671,-0.18195391941988315,-0.8503183900755894,-1.3665757583043625,-0.5991931046346933,-0.9543811659930111,1.2472453471915994,-0.3337823641601518,-0.856250328209217,0.9891217469068334,1.772235910989573,1.7276305977350852,-0.4453778871330654,0.3257548000851246,-1.009315687359086,-0.5282961961634407,-0.6422818023781127,-0.7873701200654569,0.026479832086974995,0.5307265900912177,1.5371714841833848,-1.1737262247250262,-0.1252282295542211,-0.2569767957873562,0.8545873200264628,-0.015675485201675096,0.8748461176063345,-0.561342304389158,1.4844788215122375,-0.5188483711423495,1.6518276223142239,1.5705280335212333,-1.1979745126522487,-0.4479955854862596,-0.2925900156129392,1.0651464713745793,0.6268822865106751,0.03505107323909357,0.6601588990997863,1.113617979617267,1.012567381945166,0.13881200542538663,-1.0459060571089056,1.548866964331463,1.4573163521320285,-0.296396050842954,0.2423251285456618,0.8798939770115364,-0.7620055313352415,-0.27767160252010087,0.4734938179148725,0.9720253702853258,0.44016138710294495,-1.177925480464884,-0.7848780847860894,-0.6131127290455868,1.7903836276888343,-1.4212406832542575,0.5704171741192798,-1.4260350081202984,-0.763359480094013,-0.3134577532824945,-0.9481396560893357,0.39800683649228585,0.4461208232924197,-0.8535937906340229,-0.42519466896847224,0.5920947392020384,0.9504651730889073,0.4338104774430894,-0.20497823248403088,-0.6294772071453909,-1.3631434960696218,-0.3416925457228991,0.587519955481894,-0.310453867385372,0.7224121792503536,0.4088458840834138,-0.2641389152618918,-1.3003089680198125,-0.21997979817691726,0.20779400324989722,0.29840736305607374,-0.3228022753785805,1.4062029875135686,-1.401454613331121,-0.10089748458821535,1.1314622031545847,-0.5628360646138794,1.0354665815115984,-1.31476130999621,-0.146182503756347,-0.4694222954680693,0.7436570596070305,0.08679577553336953,-0.8834767737028374,-1.5379423040986653,-1.4756686138052244,0.5947142617638183,-0.7143538609728483,0.6435072010203952,-0.31596258951799533,0.9479671004288385,-1.9034273482162862,-0.7575344961038415,-1.2802095760141097,-0.07613868776503867,0.21997085314827733,-2.1248058372969023,-0.5984018472878421,-0.830121789986334,0.6098586516768544,-1.4572003429226135,0
-1.7382085615509284,0.08368200896789822,-0.26027861703400895,0.5136737494178953,-0.29690071781025607,1.972911478177582,0.6543627028821284,0.7674751475915562,-2.280469788873676,-0.24770799323250714,-0.34511562791687844,0.3925741749510516,0.8747901226309679,-0.7391645352312176,-0.4331487316641273,1.0761292931455055,-1.4879800487598294,-1.8721395408982595,-0.3529550176962034,0.3120805957981267,-2.1917795146203294,-0.4816906606878613,-1.4420155182983165,1.3587155087583571,0.0046252684263649035,0.4669197355049987,8.628202418161709e-05,0.44574417614438566,-0.4718097369668363,1.1617431658291426,0.22491218802278423,-0.24941664828315033,0.4167685493684482,0.5329137945943376,-0.9308651795637575,0.5484936705667169,-0.9585832824334037,-0.21814066667565835,-0.9196599929706952,0.011617114387654563,-0.12695839577062595,0.9129096081621582,0.029095991928869608,-1.669801015504422,-1.3432712226063108,-0.4363681760677885,0.27637561978902025,2.2474522124986316,-1.5725091135824039,-0.677936728496792,0.08568172528163655,-0.33542262888958113,-0.4358278557774501,-0.7186237994187065,0.5228267012317551,0.1454595797285859,-0.3300136326865574,2.267756181507949,0.2537556876967088,0.3153683746310109,-0.8491177041654976,-0.5613952332751805,-0.1257879611465857,-0.589679800107998,-0.18634968538683,0.930184030451728,0.6429935116010205,-0.47458612177370807,0.24326928883213866,0.5478256845727214,-1.5517017436898142,-0.1488198117242308,-0.843184913871963,0.6542069425113671,0.8406553374697996,-0.6198163027325625,0.7478109807346399,-2.0534705763559513,1.376410499409524,-0.0072217791485850715,-1.305038628583355,0.4448423413294741,-0.1595093946376686,2.3337872689672587,2.2460877589007318,-0.839715426837595,0.5057108943001899,0.316448149883885,-0.12456394481354494,-0.2082083093601538,-0.6252233466107514,-0.3450107127955972,-0.20790330228803236,0.05012336185242089,0.09405090982142995,-0.851563187333122,0.18528276293654425,-1.0180259711975377,0.8617062413530877,0.2099740447969835,0.6155015209014469,0.3360315864708376,0.8074727088663394,0.35636564860732245,0.25127917461228527,1.2559251641574414,0.03011681816200671,0.888753163530137,0.12268435187855861,-0.4238371392568171,1.2630757107585475,1.223363683066121,1.1214264601102977,1.4846887938990625,-0.2570722988861553,-2.1794792717013918,-1.3424302883960337,0.6454382128825745,-1.0098161757331765,0.6541675854992327,-0.8481270562979685,-0.19210295576436134,0.7496460404713554,0.2924092780849256,0.15024774408791958,0.39847942634786765,0.23909628915499598,-1.6996817450077317,0
-0.6888864473088085,1.7497697601249291,-0.8756001101690739,-0.4344731923826615,-0.3818160806088265,0.11175775938809242,2.319140766534148,-0.15986763744451954,-1.0687035493475476,-1.0398405927692425,-0.024008395918021595,-0.8528359160698371,0.3481654412032837,0.4750433932667258,0.2787067419135667,0.6432148696624687,0.6574412257858957,-0.024245732205565522,0.2922304148964024,0.7116384806897312,1.1896086664552479,3.269935905389165,0.3945978710146858,-0.17756789686220859,0.19675613240096193,0.30879336336804203,1.428808073994533,-0.17720198956673128,-2.263694994962185,-0.5482870845393445,-0.2181331375487101,0.7024212858588215,0.9844529625683923,0.5561429798104204,-0.08402119664857434,0.6610931088367398,-0.3088472796919851,0.7982868005784184,0.5805231693481054,2.6442050106325308,-1.0418053504785991,0.6609785549533321,-1.8517883939369202,0.052263036753380794,-0.5521314407535286,-0.06717151256827364,0.7384947284035793,2.064878829458175,1.3096339304507458,0.8248207294430713,0.49645959632832787,-0.23641430274929284,1.644535021322331,-0.6121825439256662,0.49093294520789843,0.4654711562333972,0.5584658146210905,-1.047816737778085,-0.3666792185618299,-0.10313416964825384,2.0735404790846723,-1.2996421250323547,-0.19015918402117293,-0.868866899225869,-0.27728390761652755,1.0544334838902716,0.48159790061231367,-0.719507934485227,-0.6538899644191974,1.729460746637451,-1.217938919181702,-0.8221394480063635,-1.6483843359623906,-0.47991143800178987,0.35076287519444427,0.24156238517595222,-0.5317087170389769,1.018416446409625,-0.669911394153618,0.42432099906187637,-0.8619009765964276,0.25004958672626376,-1.464486730133338,-0.04564516030516919,0.22881687922251964,0.8790398151341333,0.7515907860709236,1.3600242344076479,0.2646989937003092,0.2048367712350892,-1.52857555559251,-1.3572565237483176,1.4914179455629324,0.585061411133677,-0.8888414560467259,0.6630273463965077,-1.1911340740431124,-0.3989531820635711,-0.42604971987812956,1.515756045742113,-0.8488561747015737,-1.233555806099349,-1.2645600509037467,0.8806125122050215,-0.33372263495413457,-0.5120254338973571,-0.8757074489711058,0.3368299222221698,0.18908297015845846,0.4661826324369805,0.6094577443038283,-0.49875625521772243,0.3038346446458482,0.23860849787761237,2.0153976879168107,0.2996827201897762,-1.3189374558811138,1.4542899873523185,-0.32317630127367514,-0.4030113972824657,-0.35956533108132066,0.07500501032897454,0.29673508642568486,-2.224895488758912,-0.7268213681306979,-1.260926689557021,0.6017904575371805,-0.9466757503282524,0
-0.14033748226878218,-1.2920267323153087,-0.8551847509154371,-0.8493882559175714,1.2730834311956525,1.2445239597252333,0.4942219269352587,-0.38417738588727934,0.7658042301971124,-0.862155405474753,1.6782135941516123,0.5935308307974794,0.3301862459552698,-1.1151668777025856,-0.2647503558839903,0.9117216946159086,-0.957573869229647,-1.229364645633154,-0.43417239455652684,-0.14690839709084302,-0.5677957056402999,1.5335421395555242,1.0827659858024796,0.04812450019397467,-0.6720315684804817,-0.5070152500045948,0.47780692278291614,-0.31031027871171973,-0.6624602840450468,0.15020324429531254,-0.9876708837369239,0.4467629903860863,0.7023203299323484,0.4013155370464143,0.7309018287730726,-1.3956069734881091,1.6796901002353055,0.8416623065321752,0.5114953302360039,1.6932356428908464,-1.914092138374598,-0.3006980741678941,0.5641198950282504,0.19210433614141276,1.4062420773568804,-0.6288006435271555,-0.017026877763932077,0.6316646709346055,0.17324210929998557,0.43201076762819923,-0.2286833920528083,-0.03766519275593752,-2.00251354768257,-0.06207823618111552,-0.10763853828514845,-0.654637609707327,-0.6685838816291957,1.447908788488051,0.21790821416501302,0.22781046470412789,-0.08118069395898214,-0.9849334178621808,-1.2710380114600168,0.3847112618944213,-0.3175433602254985,-0.8264832175826461,-1.4353468458003757,-0.002340599909255332,-0.25488753571976025,-0.22314749768420455,1.1250379408910796,-1.4759028036355415,-0.5430299534561358,0.05581914091449094,0.17370574170757372,0.257047064817392,1.129665144746673,-0.41150464103768425,0.8910217342731231,0.97848702216734,0.4450179214138845,-1.0485626650387558,0.6711242812722537,-1.620842048428041,-1.986713855176484,-0.6827573731557759,2.3798062706326695,1.5289212377536099,0.518281678463143,0.12721462630005548,0.13007671456583494,0.1811549692438764,-0.0663651281115916,2.3646298804427066,-0.21901925524138652,1.8358198048147936,0.7626271936803821,1.301666811158512,-0.2621383844000303,-1.7711050305187779,-0.3153088989374147,0.7499131987387148,0.6299085906774734,-0.13111519103507926,-0.29365000390309653,0.6214078378918522,-1.0410003224445932,-1.341713002785277,-2.2717978171875606,1.8721559993391497,0.6676041194390443,0.8545171285071252,0.4099890451201897,-0.536051442499151,-1.798954697324142,1.078379477928038,-0.6165455660280786,0.23942120978607048,0.8554539252652014,-0.6356527216121234,-1.0729589375538018,0.7366488021640721,-0.8079214671460258,-0.6302972548345931,1.1759425535460168,-0.44309931432122657,0.9060341139744472,0.6265706926389788,1
-0.26342749075972294,-1.709920172779461,0.6679383503183088,0.9181578856232406,1.7660088861405445,-0.49842141417594826,-0.09686511961582417,0.6739487369363734,-0.8203103739491654,1.1145651588675243,-2.2708673568273254,0.6774762301381364,1.5749678878548812,-0.2130354813858185,-0.8623174419317898,-1.294819594642426,-1.0785586034177266,-1.0298793922054008,0.37707574143847583,1.2264771800229355,0.4070489328165277,1.0346022088957922,0.03468763331297663,-0.16421450784063377,1.8682312893494375,-1.2121165393507265,1.4443534008113093,0.2098496446421383,-0.6299090583383788,-0.9122757884223125,1.1874805886961926,0.6210485995586219,-0.9816300730484857,0.27778541529559864,-0.9502936124412001,-0.6899557082072999,0.4226825896688017,1.552442677145043,0.2249185467342028,1.076001861857542,-1.458309735093839,1.225002942297179,-0.602610422650956,1.1919134884353502,0.5952448209203055,-0.4143548116747407,2.132431195499967,1.28946965606048,1.34799736523242,-0.7590114973619735,-1.0831398424815455,-0.6514171994592343,-0.6091519072491481,-0.386694014281777,-0.2932175512380007,-0.6043850538426128,-1.0217612667173905,0.022353348945377067,-1.388004253367412,0.6132734290612096,0.8918672685043859,-0.20133297795626753,-1.255464334212122,-1.30668545536519,-0.4932056634700911,-0.6456508915634805,0.5869875509933538,1.427021959260398,0.48440704711289734,-0.03318490926030704,-0.6418300314052909,1.8819613186296988,-1.0287140975162052,-0.1393736825129066,-0.20555441551036713,0.7374947115020988,-1.094541126339462,0.709751305813882,-0.6458013372680981,-0.050525457594819724,-0.5995224752264219,-1.0952222561104352,-0.01819152758366528,1.6031446755319991,-1.8105867380386897,2.8870534795741083,0.1282653394114007,-0.3582261914955431,1.063469757131907,-0.24084497719126227,-0.6103023678085012,-1.7840981210669296,1.3125685166644714,-0.9713228282887723,0.0068710770067886675,1.2024556700588387,0.37049066932620933,-0.37769481511845315,-0.8964953055268646,0.8957231231072585,-0.06587851779580203,0.25360885702626385,-0.6598250621905281,1.395155067297169,0.3063401990594783,1.3636150287332953,-0.0937738481833247,-0.394666364945352,0.09005197065310921,-0.7760133337788291,-0.7225979157532337,2.652381601218279,-0.4040006792395809,2.540711231826139,0.8202578618943746,-0.22053272734454307,-0.00045440622596675065,-1.073256231006698,-0.9587130022223779,-0.6445210426276684,-0.5553305756418333,1.2494182489359147,-0.25838463872591527,-0.9214210590976034,-0.44916216571079154,-1.4977916601277586,-1.6548538996559954,-0.9119837285240443,1
1.2336931561912154,1.3378647902631984,0.7457917094608283,0.5308918205125684,0.3789024685367138,-1.327121154300901,1.2055258348611777,0.048999500035483055,1.6518721829293876,-0.6758739754021378,0.9690294048593995,-0.9724250003470172,0.633986059753265,0.014570530096732348,0.9419489581283159,1.522327707514352,-0.5978674713198824,-0.24099262599957696,0.5891843036130447,-0.5559141351582549,0.8693386740143726,0.3372294230208006,0.5388049631957222,1.942522661970589,1.050030593011279,0.282823675537793,-0.1231973084624522,0.24908503298785734,0.14415528929612115,-1.2062779820416853,0.36284596439415834,-0.7711421790765688,1.052561525316807,0.07339811139804005,0.8505366841537353,1.3791939571720218,-1.7431313274489868,-2.55808274180951,0.8568769373826678,0.9993142611498386,0.07614373825468318,1.1968605609974994,1.503940443544952,0.3606308314074806,-0.29996938959339253,2.3057404783483566,-0.39876189481010627,-0.9089202280156404,-0.7862560708146373,1.3257354012840048,0.25902256160401377,1.0513375388113677,1.2539524701824123,-0.43916647104256656,-0.6206040151004483,-0.8531254740482482,1.0110232800103587,-0.7792117433940517,-1.0371068818698437,-1.7144913327784328,-0.5969076770126834,1.4365043642928377,-0.7839596203295367,2.6413538329022024,-0.5423076835611339,0.2767560088592314,-1.1581782808177234,0.053334640345243996,0.8824914360635993,-1.1149655414307431,0.5236755253693514,-0.10434039987471154,-1.4431455977400354,1.0389900924494044,-1.8444201890992296,0.8226728261317693,-0.13500679185606354,0.7477597277882432,-0.8879558060303503,-0.29933082195014354,-0.1593169759370197,0.9029653024751152,-0.13201465931694925,1.1706876984501724,0.21688438720646833,-0.425386899708708,-0.06720166967749885,-0.2422650312381915,-0.12791085565707658,1.3457810090602373,0.8716544246158578,0.48078983651285107,0.9142155761885863,0.24667334052599169,1.7334835359029377,-0.4640393452472453,1.2093038621297114,0.15294550612187316,-0.6520006734716118,0.8011881702583843,0.3536932496962931,0.20741129339025074,0.30620034930585194,0.020860888199552244,-1.285688785324098,0.7976811666552217,1.0752791408710203,-0.6831421623699744,0.8287294690574992,-0.7392464698442827,0.06565633512950425,0.009609763202697985,0.8029182818511752,-0.7687467369761175,0.7592334926138651,-1.3557303709555593,-0.3629301162428143,-1.0424447958261494,-0.4027924792199622,0.4731284019963739,0.1785506033228148,0.3742989211871149,0.5091628153000365,-1.0221284287708652,-0.8258351706063004,-1.7832964792770996,0.36499060739188205,-1.59611514423266,1
0.11263056814958815,1.9898540542524714,0.23346812370403738,-1.2202212341518097,0.38202462538602217,0.1180957870545824,0.7481628880904987,-1.4078871679562308,0.4992541104351873,0.7506928690092087,-1.2850897270763042,-0.01600147276284525,-0.9465051631534346,-0.1913870448619424,0.4731625010923621,-0.6101455064250166,-1.4029879083910268,-0.3631248433655577,-1.5028489169855273,0.18420055154505469,2.928574544756655,-0.005137217813573004,-0.09347514110102362,-1.2599492928938023,0.5001330891193246,0.3892664704074662,0.6417512356587906,0.8056070818461298,0.6306950045466384,0.25862443029814536,0.6299754511477738,1.0287971039593466,-0.6066859489552292,1.2179652854887022,1.4851961488753598,-0.35342826257836674,0.19195703669193268,-2.1313363567279415,0.8822135540652017,-0.7241914996322408,1.605460934747858,0.43155830146769913,1.420037000033218,0.3699273750213164,-0.9820785409944048,-0.12152331556708443,0.17698490716485446,-0.8539924991839447,0.31560413578104557,-0.1840312990387058,-0.5226693602428223,-0.44864637569230964,-0.624277107923772,-0.8968373472741008,-0.7599665028331342,-0.21418128486658292,0.533695874444614,0.42760945789897103,0.26289362644719644,-0.22063506743710481,0.15788992782130626,-1.1920645331840651,-0.23824377442070407,-1.5100961832351587,-1.8250440689644305,-1.67022603722762,-1.7263636877302837,-1.4751254089317003,0.6136421184392405,1.541641497540962,0.17018243821706988,-0.5543185804880579,0.0620794850698168,-0.765231526167463,2.2039917627487315,1.1617294576700945,-0.021492875514141543,2.5619726874751203,0.778070126125622,0.14068228699578791,0.1091639078684846,0.2567822262256571,0.12311244545949265,-0.212431828439948,0.5323235269728053,-1.8742585280153035,-0.9627131713901461,0.1781646582291231,1.8332246976320408,-0.3883267496792161,1.6444918154502193,-1.8529055172324023,-0.8751086460805734,-1.0889641068992602,1.2171795518223092,-0.44990665789593604,-0.6064201368604272,0.004487543663874575,-1.1108858231393273,-0.6074246818628812,-0.4529356982048325,-0.05038066278744237,-0.5687958626550678,0.6024890140518726,0.1002930544767528,0.8163783716798212,0.13878065650689606,1.0100879805931695,-1.2507562404361066,1.0433525519944638,-1.5074087203568933,0.12497208355518935,0.7389797642115628,-1.7620930856982884,-0.270022956514037,-0.4612274058961287,1.3612410756712143,0.7167449879559146,-0.3035046960948113,-1.9607776450950807,-0.9493693032035802,-0.22031195565695233,1.577543023472281,0.181645895300947,0.881475465154009,-0.783739383254283,0.6087195292244266,-1.899067892696875,1
-0.7254106115077426,-1.5552094727245775,-0.40706732341533153,-0.30362797050497964,0.7739458793775493,1.29688063867023,-0.012734530367433697,0.5103905833673708,0.37570300439424575,-0.48287288186586547,0.759444776524939,-1.8177137550881766,0.06765605338324501,-0.009754988047675108,-1.7057830348578693,1.6755794494099578,-0.5539566457017094,-0.27249210045138283,-1.0530140154556769,1.5612842560626243,1.239298671042894,-3.676996871369157,-0.9055296003773466,1.2592190926520177,1.9602246643791976,-0.7359048777934404,-0.5365210637446167,0.33587036011617805,0.9683638040979257,-1.13725163247507,1.2472861735179832,-0.7636922270376111,-0.7210168772209152,0.19107968059311614,-0.9960999650637555,0.6140729269226444,0.6822550234274931,0.14779285041573856,-0.2289574466763884,-0.3044578269064488,0.7543936572692607,-0.1545795887377182,-1.1392627102122452,-1.8432718618941035,-1.5107442117837038,1.132042820505831,-0.258037715214535,-0.1266200981641365,-0.7253430657160972,-0.7183517350131385,-1.5830987106579546,0.039165963216331284,-0.21925649741044909,1.1078290612627384,0.11092957109466652,-0.9227355730753815,0.70563614678235,-0.26466169106736553,0.41879685353480534,-0.9734170711715409,1.137640275623009,0.8648205840723098,0.5879162834530341,-1.426036367619349,0.3791613223390961,-0.065334900998498,0.671114133737241,1.364397424614501,0.3286666833120297,2.1572905230415205,-0.05090258719643353,0.8450221821177973,-2.0329266174746947,0.4557808285879893,0.03793263355490313,-1.1554700864707008,0.5518612858633211,0.27649221500190274,-0.14362931402319282,-0.7834065744525062,-0.3922039800886118,-0.8553771238407482,-1.6859649102372347,-1.914145794217578,0.4242739514831331,-0.5394110841791528,-0.4023177351419968,-1.043097153895793,1.9166468700059935,1.33314931884352,0.06413097429863794,-0.001079098863527792,0.463335008235671,2.404308543711985,0.9071099859066263,0.9510078281266705,0.6084288652910554,-0.12014275096602879,-0.13497425045845513,-0.24903322253634466,-0.9774604336635976,-1.1504279928123684,0.8157549570068101,-1.3797908739926172,0.05670602104324602,-0.3978514169788777,-1.202598811422314,0.6699576346339746,-1.3334748083820358,-1.2439410528650954,2.239698419166645,-0.41479642689527535,0.09743789698125191,-1.5258107858846688,-1.1468704388997244,0.6757939474731013,0.7196131666304997,1.170050668305328,-0.8056512098247851,-1.570783849217608,-0.15868732005714353,-1.6268961865652458,-0.37985756787745045,-0.08951275343102327,-0.8125769376433158,-0.5908409525416635,-1.1323180993966686,0.15866941459698336,1
0.82148136012734,1.0149868233579102,-0.2357785209158046,-2.584362513069468,-1.0472998199197916,0.4649887600465568,1.2436773729068817,-0.0453559292314698,0.32753942904294403,-0.903017395049366,-0.40175150638694745,1.0554570795407014,0.7198048584386647,-1.829386889616084,-2.1907044062791385,0.5752287871654785,0.741860671004992,-0.8811450922415692,0.6260315018089988,-0.022141138291912357,-0.52360590630123,1.0065565058181667,0.7612434142826439,-0.06556918802243017,-1.529851070044154,-1.2969899063892993,-0.5499050610620486,-0.51870108006281,0.5084370034441356,-0.4882753601239768,0.6598949549633801,1.665046842805679,-0.8018037427203467,0.3130866375333949,0.1398385976381212,-1.2361641970098425,0.15047297909637214,-1.2460424149233282,-0.3359724190447126,1.5001032367824276,0.7130861745834762,-1.1428282924650788,0.5961598047342423,0.3225307309350194,0.046658803244288324,1.1855009809000123,-0.6865524759170365,1.3602076557963587,0.5062290657062768,0.22785493832762235,-1.2717321448997496,0.07872032471699926,0.689988058503127,0.08271679351133669,0.5995743636409573,0.3167022043822751,2.3217372236432032,-0.694943164540118,-0.889081578762925,-1.1300964301081307,1.5273052091560562,0.7895498798212249,-0.4316332719230793,1.0851410469776412,0.4990795922942933,-0.7347090029615991,-1.200235659067495,-0.38532026808761244,0.9269085292571747,0.9031951407131983,-0.4448859049377871,1.1752532914489018,-2.4670349789276247,-2.6271822173512347,0.3778477242954097,-1.2090719588439096,1.1272815529759281,-0.8021210674234664,-0.10452027414337751,-0.508945646907336,0.866489547439046,-0.7987513817723297,0.36503716430955024,-0.07183122518021363,-0.7900655982497138,1.0962127472071368,0.9282510469832131,-0.3896013223670557,-0.8045854132344694,0.446380687422334,0.30915426719559086,-1.1768989178341847,-2.1857564441482453,-0.6804042311494387,-1.055044016176296,-0.5844631754002128,2.5999829196468895,-0.9862733712562745,-1.0049437545505602,-0.0018974141658909518,0.9315040561437585,-0.49416539359395595,0.856249195032805,1.8728954578631003,-0.16539644071734866,1.37811132425699,0.29461346421296025,-0.8054993026332946,0.6883201217949516,-1.7375080730418995,0.06729679092805979,0.8260210567333377,1.7432366566696902,-1.7551735207412107,-2.2317370661542943,1.8545687241027722,-1.0455738545399411,1.81212385300473,0.35482052546850695,-0.08643457254586062,0.6292194257908221,0.4687288005469674,0.6218753204435534,0.4403492865011923,-1.5645385241487102,-0.06423872231771849,0.5025610124860157,-0.12089877732865757,1
0.36976312906861136,-0.8049165879626021,-0.06112268532142882,-0.5081405715019028,0.2302274314307765,-0.47177135294804345,-0.9655870929239687,0.5715251234487746,1.1311304282803913,-0.8125178497818409,-0.9865529667155105,-2.0755233854465076,-0.0350519007711735,-0.660511459954913,0.05605389227607782,0.16535393678846272,-1.2261981227160303,0.13079917055651308,0.15313487184045174,0.4058212767054184,-0.43277344386989736,0.8739565395622962,-0.33968717509218305,0.6708073288383182,0.7447001883261747,-1.632629901507067,-1.1228512949247533,0.7392315272876514,-0.9588293108359246,0.9299009354981846,-1.3068577550386944,-0.44548339256371294,-0.9128325600751336,0.9028904206579716,0.9292756039081066,1.5328408326614862,0.053156511856383926,-0.20824075482769167,0.11932734888383963,0.09008197064293089,1.1104812877501484,0.1190692547673882,1.3691128066949634,-0.810781231129585,0.3463430138325211,1.1387245540805302,-0.30100571775071894,0.1948307312695156,0.10352751952404131,1.0329221795862853,3.169961813859854,-0.7257914486199456,1.7503741015952603,-0.9550194856703433,-0.4364686022306003,0.5342781206072542,-0.8528733998191131,0.041029538879444855,-0.8074912720555665,-0.6397130810152079,-1.626155113101409,0.23762971291887797,-0.8270621236452654,1.2172943882300697,0.3464197458598097,0.08082894754692194,-0.17726930965904555,2.1567177161753874,-0.05159180003460161,0.02148501131483979,0.28593430252655994,-0.7756463196414508,-1.1460645624649681,0.01576594845067462,0.4634343725068334,0.8483022449142018,-0.7844083839576257,-0.4981150443884068,0.28141175572858934,0.4789666251907706,-0.3794588613572271,0.2182503448216808,1.7907155396940442,-0.9474411165359397,1.5441864857594214,0.014854241807429122,0.6568252640702694,-0.70980532491881,1.248836278821411,0.023951897172157243,0.6839894063410155,0.1490428140915403,0.26219770519284685,-0.37954955821519903,-0.3764918730068254,0.6732009033504357,1.7936704814651119,1.0444384934789497,-0.13665196799423088,-0.7952045325526056,-0.2984102454020459,-0.4346300535553009,-0.21717075298203262,-0.13259042944045804,-0.3932910340145937,0.4088148577293239,-0.5524242363017761,-0.5316556214242594,0.8180573760641899,0.7321033064879447,-0.1319438650695804,-1.1874297203797364,-1.1312365390275156,-0.5375424444848798,-0.6195788519876151,1.567724956785785,0.623063593555305,-0.2595608627681501,-0.15004032326632577,0.10935368728680378,1.449917410214321,-0.16021187233003667,0.1703096350478951,-1.8054270879391918,0.34985058939896335,0.4335072689425987,0.24321538389371214,-1.1777523732473687,0
0.14045987394934908,-1.8287226070127236,1.0027591459147855,-1.278329083213008,-0.7363592336149057,1.0923260422600665,0.08668927150519742,-0.016081113767034198,-0.16837452038327125,-1.3605686237009824,-0.8337672053245018,-0.026987488207700895,0.6767722150301886,-1.122609032888005,0.999506604956829,1.452955477856674,0.9608509042505976,0.08442381583820674,-0.9117008653419394,0.6690752408213425,-0.3023783625550959,-0.5301903093008402,0.24247004074347758,0.24266987490440234,0.6672271258398218,0.01037347709547115,-0.5327763923486362,-0.44041561823893516,-1.8014070285331647,-0.08944507610559342,0.6444709815066233,-0.7233024330031873,-0.5964816073400695,-0.016925098878598388,0.237990937818566,0.6770253999738107,-0.1279692477737197,-1.4563490306549962,-0.6924501598547456,-0.1606492066091357,1.2645250908835381,-0.45875844536394256,0.7822637370118519,-1.0418508619028395,0.08743484373438566,0.09114757719430376,1.0498992628201431,0.429243671254152,1.4844451561614442,-1.3735492750708194,0.43551418207465864,-0.2161052128344295,0.47939729634471795,-0.5727105517544604,-0.9749917445744585,-0.9252176467800369,0.9901089787884043,-0.9229811505506204,1.461689707527296,0.086872410856455,-1.0069748308552837,-0.9733686756059824,-1.1441787974676192,2.288892478982701,1.2195988567190197,-0.6398561478632104,0.49661324243737975,0.17388663255127765,0.5620556093139734,-0.24261173745871156,-0.045278277062781556,-1.2588072004598243,0.1865042876450432,-1.4072197117084313,-0.7186979020455554,-1.65630213102274,1.4160085645566132,-0.3041196665408285,-0.2836102511119311,0.2890763418877446,-2.230833084539589,-1.6564584063622576,-0.58874235099915,0.3815409928037478,-0.7328502227246643,-0.0720965376387854,-1.60231493638748,-1.7723107020798596,-1.2935246027874794,-0.6294428396612879,1.5473958826381753,-0.9036321013619835,-0.20708384622534404,0.0179228963551719,1.0054546414059946,0.6161049056730994,-0.7119794723167845,0.8533301986061621,0.5957717048040307,-1.105330841510796,0.5071488096880113,1.06785686954263,0.0812681438498113,-0.6607294214364373,-0.013919182041469644,-0.9727997972233331,-0.32876308694420453,-1.0090737604787348,1.1262264917564948,-1.1705951588161336,-0.17877068681757943,1.5122671930190443,-0.7526348105228499,0.36208847506474173,-0.996378682228616,0.28598065431442404,1.2288999679119843,0.18264897100607413,1.0997590237470518,-0.5786545964438714,0.7729498780650428,0.438736851251592,-1.7979617329598805,0.6332715578110311,-1.365746899260797,0.08547661985422117,-0.5362294740713313,0.32208143885070584,0
0.7300040105107383,1.4239332556850095,0.7815084985528521,0.3883222361930952,1.6635619168518057,-0.22220842909419697,0.6258315922564966,-0.042040276693411587,-0.8229987444599447,0.9946502833602507,-0.866945072499993,1.3751356641105688,0.42304818294111035,-1.5071769665321693,-0.293735746759114,-0.7500812586867694,1.5357480809523691,0.9687437791744862,-0.12051158005392382,0.6274120031353376,0.17800492305453613,-2.07552781564196,0.0414122241350669,0.021499853760300953,1.427074068425854,-0.464793053549518,2.43496600851005,-1.1873587127641023,-0.010129577955296272,-1.1056330551786493,0.6750201896785348,1.3737321493244343,-0.5947449007187099,-1.312098318546197,-0.7192886831685567,-0.8318300866972057,-0.4639524092503735,-0.8108701877990148,0.8991013555014815,-0.31499163623336796,1.1952436426347897,-0.5165175296374096,-2.415991085270686,-0.640520116349425,-0.5107968111062535,-1.4106576799472488,0.6571276609553328,-0.5666632901507497,0.8601083737267091,-0.4003418638443373,0.6374174735214725,0.8215137321804294,-1.1021564916027304,-0.5496457809034383,-0.355548224069483,1.6049639442089125,-0.3673983197660451,-0.5636640659946269,2.0215750758833773,-0.30908355673283366,-0.5210112935754879,0.5459200612604364,-1.4000186079768944,-0.34231845116756077,-0.8332532289839875,1.3050887307302723,0.673773403575787,-0.23941153045024394,-0.4250317186831778,0.47733707518053076,-0.7771906659909327,0.22262332578663466,-2.0376121232025914,-0.9328928498802158,0.5234716860948704,-1.0871372339272263,-2.3063201971614395,0.17539941082235844,-0.49798686805770853,0.18400658551008495,-1.0137359984791863,-0.32651416111256254,1.5086692565857018,-0.8600387312690364,0.1641730540075295,0.9555809705571088,0.48428046534656227,0.09422094259800809,1.2442669750439177,-0.40931805360815404,3.654887848195272,0.5065655294292667,0.6449418181867207,-0.41821705967053213,0.048478129309722943,-0.45078455794695355,-2.1674236400876055,-0.35760720947236335,-0.3902468762068128,-0.8798247611446212,-1.470385513298066,1.0151954834612105,-0.48547514308607087,-0.3706096398401342,-0.38739339502656545,0.3136055105635957,0.40237062828576503,-1.7854002502397952,0.8455531248299064,0.8150795722072102,-0.1902995207590642,0.5416043653097202,0.3784678809437899,-1.3811999846983916,-0.9801818171222709,-0.6965916709854509,-0.49230433612593044,0.7447120321105812,-0.5362114300077206,-1.5662452336102588,-1.7422993611959425,-0.5696691320054506,0.7709539560571537,-0.35779622586336823,0.8525465219796592,-1.9728542559856477,-1.2339331357058185,0.6977424254682177,1
1.5470554407456254,-0.6180447608446951,-0.2568636495590313,-0.1544152407568899,0.16530964283559652,-0.885654879940879,-0.08444170959632462,-1.3151187560990623,1.7415464745651288,1.0005423837437142,0.635019997366014,0.17843881878288,-0.9638683208616203,1.0976900155342821,-0.891720453557578,-0.34207924262912065,1.3390670045876296,0.8875341468697572,0.4629346329011205,1.048278566680271,0.6953214207959085,-3.417135019368575,-0.050035468092971755,-1.3433827505879685,0.041055224760757306,1.1349404057470875,-0.22352432701792505,1.851646552204642,0.3979921405488629,0.416470266902237,1.5390698465503534,1.3072910900002983,-0.3294498399808194,-0.7816914088691679,2.1914529965400735,1.5691845783999672,-0.5773866700693433,-1.904991630875952,0.8838548845036132,-0.3692473385834267,0.16012317453578642,-0.36360129189302065,-1.3530875359823331,0.6268264562416807,0.61594762547987,-0.2567923701728082,0.2656578428293705,0.5713985963721309,0.31066074038873426,-2.69816408485816,0.7716002862567849,-0.6224996478038816,-0.6879360527621684,-0.49051896570232933,0.20216884263146342,0.7521171957996384,-0.8320906166018812,0.8805798579688365,-0.2487595988662877,0.68485935520302,1.3715733215170864,-1.0945001235746183,0.7272537895534451,1.7358427451502567,-0.36937395384544597,0.3401438377368059,0.40897245906250396,1.5840937316583308,1.4688242811959449,-0.18382108772372718,0.6389340286427583,-0.7487378746481159,-0.45860763576208247,-0.009139408081132531,0.2400103007136112,-0.7195795569899752,1.0794542810997145,1.6521216357035562,-0.5728806665848521,-1.3037447745777302,0.6696358839622327,0.14055843840678578,1.4389372157333309,-0.44093245422165134,-0.08889686661072857,-1.8157560741822905,-0.42024459377461393,0.6427397723042424,-0.24944120241278941,0.2595984732075379,-0.8875830650694692,0.03945506842143128,0.8023173048972058,0.41324121950199366,1.119836275887657,-1.425980016563943,-1.190305914931889,0.4275061435267359,0.01451319877496093,0.15190543947978336,1.8944234150259462,-0.5048253209318269,-0.634501747118617,0.8050792349058274,-1.6712699285365393,0.9396309114114321,0.43688004367747774,-0.12304524353044123,0.8691249769003895,-1.6750953855829023,-1.1551446494960622,-1.443965979054843,0.5640073754019432,1.076051704295726,0.45991793257254715,0.1369558332107998,0.20018332777119904,0.5549410850507622,-1.2153782853294142,0.9575286451922879,2.0579636420981573,-0.38007327466956287,1.1030018556042849,-1.1807628422046155,-1.4229805841223968,0.39326942356486533,1.6999731916074585,-1.2671568749419773,1
0.506564884703109,-0.773798124325074,1.0392666144409615,0.34219201409941247,1.5516179078192807,-0.6463978457055246,-1.2111897543576335,-0.19325802375025433,-0.5583425014268196,0.2170199021567283,-1.7651587082675015,1.0459670294282506,0.015952179653292535,-0.015768215185092072,0.9536080653445317,-0.08586380756490898,0.37705167572063625,0.6486138404162046,1.0993756773302548,-0.6103430153659758,0.40126328591092597,-0.3740690034152959,0.016487146835330473,1.6131044083816446,-1.6012657493724667,-0.40653796413422294,-0.5197146647525661,0.3743384889989157,-0.7996769328787188,-0.43887677465038566,0.7200243498606778,-0.8583043554250859,-0.3138085057750916,-0.8848628761686506,-1.9497969642717754,-3.08099676790949,-0.8268531461754783,-0.7345715189193588,1.8507710030556082,-0.4574749232561575,-1.772003537588462,-0.6788917618845328,-2.401089499596212,2.148126871215812,0.564810624592102,-0.5514110407496556,1.1333375820841611,0.5105096148727533,0.763759020502347,-0.8513970763262483,-0.24370165911508615,-0.17267696606169458,-0.23692811601547836,0.704382751864592,0.6177362170414958,-0.819060689147772,-0.3435986857990436,0.47213843323090354,-0.6739499866773434,-1.44777617694314,1.643667989060525,0.9710776417206468,0.3470674708974705,2.9200045451266163,0.20844516021864265,-0.6853498134858291,-1.3304251044122983,-1.0906400582412383,2.0102299981120004,0.00827894547831786,1.5606782623574091,0.5898647392313404,0.37985008907196416,-0.20781428106767663,0.44398980555993917,-0.7836133164656836,0.4293542559916232,-0.5959739838727426,1.432931737852195,-0.45599916783757327,-2.743636901035516,-0.6366262589661554,1.8754737422361207,-0.7146097327392488,-0.2533242690509585,-0.2859167161567876,-1.072711775482733,-1.0005170276086186,0.7318646435218358,-1.0257380140582524,-1.2542396876347626,-0.8515222803188955,0.831368941983995,-0.6496541227931879,-0.295501805974825,1.5737329118760741,0.3007011987738637,1.2158266645121278,-0.07663976814635959,-0.36534025697345035,-0.12930753385278684,1.2033233271146673,0.07298677748251943,0.579030674996628,1.2027064301223744,-1.4199655278039252,-1.3154440668390968,1.5580612433948824,-0.8705163475032319,0.1779826532631893,0.3178739727488988,0.15739189069004153,0.44166082152967767,0.5134150114464969,-1.2827140222222906,-0.19297538862133207,-1.3453519380846803,-1.1916056794548213,-1.197671690116819,0.9361338143278018,0.4777528813387334,0.33945087461427925,-0.9686423295405951,1.0582683849061763,-0.6486564694431233,0.22303903094215852,-1.0083310354038224,-0.7395270441709083,1
0.5921285438411112,1.1074268406751688,-0.08140876425416899,-0.5020161352903263,0.6937578368910793,0.8983270548987603,1.3837582758781166,-1.2280883905949813,-1.0152632617355257,0.47302200106116565,1.2910590216823314,0.4560521770179186,-1.9587184345178061,1.495942654357032,1.3532666422231363,0.6958654712609974,0.12059657585843822,-0.3322566095736629,0.0833854199059066,1.3245495388953987,-1.1644063630217965,1.142078335097981,-0.15442637039512408,-0.2521359285238359,-1.477516692166506,-0.2478255344463053,-0.21208410188767443,-1.010856321196525,0.22858746333761706,-0.4181256895577035,0.9962794558667104,-0.5555075899725023,0.06855645152646894,1.0439359068673508,0.04859295051156236,-1.1274856987833806,-0.001634681311237512,-1.897600522512263,1.2573304368687943,-0.7381303322335814,0.44960340927930886,3.192740160697551,1.0030979609678992,-0.5522032722905308,-0.325156355380177,-0.16437819916769963,0.20806712169817532,-0.07365603462499547,0.5221056459005348,0.5279268337729806,-1.740272562090174,-0.6130663321463575,-1.7157679730458126,-2.9908611335526993,0.9667352511299697,0.818364439741301,-0.12861664736839706,0.9001753139551435,-0.10640634062458458,0.2586429075483691,1.1377438147926464,-2.265864994432603,0.11356610984414883,0.6843159833179038,-0.33765805837955143,1.1711998687200023,2.036084012791298,1.3280175682661703,-0.971234435012092,2.6391236348006175,-0.19199772061250794,1.4075768573368779,0.0178799024319332,0.06330694391832035,0.9083404866929266,-0.6245739790529832,0.9717803363211036,0.9059716732475532,1.1835317974347062,-0.08514188958350412,-0.9256025867716401,0.0637190752494077,1.589682896814929,0.7745273540529236,-2.691166315209523,1.1685535299732592,0.6367960784402348,-1.2031107420287255,-0.8467498138141298,-0.16707013334830573,1.264176740297685,-0.4642615744980309,-1.1716830376458633,0.2319685459356126,-1.461863142968564,1.532350318864162,1.2651552587571562,-0.4077135687987491,-0.7897963544145121,-0.5631501544596751,-0.955337380129995,-0.0960243765832056,0.05899781480984232,-2.013818769221681,-1.1380542052935236,0.2620803403249912,-0.5546531291676509,0.4524444072641975,1.2907863031785747,-0.9282200169631042,0.0667977213102147,0.9601727024869023,-0.2471229800233818,1.9367461224112437,0.5002716890411251,0.9841441529921312,0.9619268181123066,0.8335534458775464,2.2113610813847098,0.03947939479635142,1.2533319492442385,-0.5463657923724423,-0.4267515157416565,0.6462121059998285,-1.2865188736481337,0.9297685763774283,-0.13304353327928625,0.19701371981979363,1
-0.49523985249651975,-1.4894531208694077,1.7167234917392402,0.9041073909580751,0.7542721191782555,1.444669759505976,0.5565879816077799,1.036760343128946,0.47671665630494636,-1.647296367100888,-0.5934005172782899,0.8569897260399265,-0.30488903263035744,-0.7881813864514285,-0.9253557745897886,0.13901555797804543,-0.24032125603582302,-1.3903012639708554,-0.04073909053990274,1.1754575535107672,0.028675146477475127,-0.6686430895864297,-1.2381302713074902,-1.438727324326733,0.5253037212549705,0.590316627111338,-0.5457821855255125,0.17351853204155737,-0.8296121186911657,-1.00072805080266,1.0717883102582138,1.9891912198415802,-0.9280345174177403,-1.274574613164124,0.6086509569624823,-0.7609355882053365,1.5031140195596735,-0.3084221690842953,-0.755068516660538,2.0254056064382238,1.7385519838816341,0.693433043963189,-0.14483946856637742,-0.4396588499904799,-0.2856517090210866,2.185625712432699,-0.4736890354921926,1.3097483068299987,0.5840592298156423,0.44492751036861206,-0.5319113457129238,1.5261040815984814,0.8277372356540476,1.2886868787031764,0.04793587906254971,0.921065569036448,0.2548006717095199,-0.5277236025390302,-0.13823944524238121,0.07346649188282531,-0.7796581789138632,1.094438702670281,0.8125286637500123,-0.036071480228797734,-1.9739864946407084,-0.581846130246425,-0.00999730105324626,-0.9352420455102074,0.8733136969653604,-0.4993293256722192,1.3757967970735758,-0.2052503435292927,0.10746294744126016,-1.1180161804817235,-0.45473255332555823,-1.5302682028150392,0.049678828570143795,-0.9907306728574796,-0.31819824715687756,-1.4128586874409812,-1.9261590679950187,0.6917125426333005,0.026452532598741814,0.20056802274767602,1.0615024207083965,0.5363174155572155,0.2006024723052839,0.6652600217092174,0.3175956830790159,-0.07373598998842482,-1.9532608066786898,-0.49120656003995783,0.32768783108362115,-0.892262304582383,0.24155768931525648,0.7872868304141377,-0.11433695129845377,-1.5130749486038813,-1.2965134131785647,-1.0262640828061118,-1.9475935146892942,0.7515090542333638,-0.4199916803878098,-0.44210583007568843,-0.9461872392535876,-0.4007526396467962,1.473690133993479,1.8713991352594497,-1.1721321606750537,-0.8465527442000368,-0.6153922934479911,-0.0005567839673052182,0.2437317005700279,0.6379135757355306,-0.4221993706003439,-1.2170176657874534,-0.2620924868058959,-2.1069306258854743,-0.7414266475335621,-1.361798226351363,1.5918588615766804,0.28746182593030384,1.1634672547038478,0.47152357254215027,-0.6427046439040373,-0.5367215847862449,0.5876850563246905,0.8171322697906183,1
